codebook_version,template_name,field_name,allowed_value,definition,missing_allowed,derivation_rule,failure_if_invalid,notes
0.1,all,confidence,1_low,Low confidence,no,,reject_row,
0.1,all,confidence,2_moderate,Moderate confidence,no,,reject_row,
0.1,all,confidence,3_high,High confidence,no,,reject_row,
0.1,all,confidence,4_very_high,Very high confidence,no,,reject_row,
0.1,source-classification,classification_target,syn,Grammar-facing interjection classification,no,,reject_row,
0.1,source-classification,classification_target,sem,Semantics-facing interjection classification,no,,reject_row,
0.1,source-classification,card_type,declaration_specific,Target-masked evidence card,no,,reject_row,
0.1,source-classification,card_type,full_profile,Ordinary mixed-profile evidence card,no,,reject_row,
0.1,source-classification,membership,yes,Membership assigned,no,,reject_row,
0.1,source-classification,membership,no,Nonmembership assigned,no,,reject_row,
0.1,source-classification,membership,uncertain,Evidence does not support a determinate classification,no,,reject_row,
0.1,neighbour-classification,present,yes,Neighbour category assigned,no,,reject_row,
0.1,neighbour-classification,present,no,Neighbour category not assigned,no,,reject_row,
0.1,neighbour-classification,present,uncertain,Neighbour classification indeterminate,no,,reject_row,
0.1,dossier-evidence,target_relation,safe_source_evidence,Available to declaration-specific classification,no,,reject_row,
0.1,dossier-evidence,target_relation,withheld_target,Exact target fact withheld,no,,reject_row,
0.1,dossier-evidence,target_relation,withheld_close_proxy,Registered close proxy withheld,no,,reject_row,
0.1,dossier-evidence,target_relation,excluded_target_sample_summary,Target-sample aggregate excluded,no,,reject_row,
0.1,dossier-evidence,target_relation,irrelevant_to_declaration,Not used for this declaration,no,,reject_row,
0.1,token-sign-type-assignment,assignment_status,assigned,One frozen sign-type assigned,no,,reject_row,
0.1,token-sign-type-assignment,assignment_status,outside_frozen_sign_types,Token instantiates no frozen sign-type,no,,reject_row,
0.1,token-sign-type-assignment,assignment_status,uncertain,Evidence does not distinguish frozen sign-types,no,,reject_row,
0.1,token-sign-type-assignment,assignment_status,uncodable,Packet cannot support assignment,no,,reject_row,
0.1,preoffset-eligibility,eligibility_status,eligible,Passes human pre-offset eligibility,no,,reject_row,
0.1,preoffset-eligibility,eligibility_status,excluded,Fails a frozen eligibility criterion,no,,reject_row,
0.1,preoffset-eligibility,eligibility_status,uncertain,Eligibility cannot be determined,no,,reject_row,
0.1,mechanical-eligibility,eligibility_status,eligible,Passes frozen mechanical checks,no,,reject_row,
0.1,mechanical-eligibility,eligibility_status,excluded,Fails a frozen mechanical check,no,,reject_row,
0.1,mechanical-eligibility,eligibility_status,uncertain,Mechanical status unresolved,no,,reject_row,
0.1,immediate-cue,timing_source,audio_measured,Measured from permitted waveform,no,,reject_row,
0.1,immediate-cue,timing_source,transcript_bullet,Read from CHAT timing bullet,no,,reject_row,
0.1,immediate-cue,timing_source,transcript_interpolated,Interpolated from transcript timing,no,,reject_row,
0.1,immediate-cue,timing_source,coder_estimate,Estimated without exact measurement,no,,reject_row,
0.1,immediate-cue,timing_source,unavailable,No timing basis,no,,reject_row,
0.1,post-offset-trajectory,timing_source,audio_measured,Measured from permitted waveform,no,,reject_row,
0.1,post-offset-trajectory,timing_source,transcript_bullet,Read from CHAT timing bullet,no,,reject_row,
0.1,post-offset-trajectory,timing_source,transcript_interpolated,Interpolated from transcript timing,no,,reject_row,
0.1,post-offset-trajectory,timing_source,coder_estimate,Estimated without exact measurement,no,,reject_row,
0.1,post-offset-trajectory,timing_source,unavailable,No timing basis,no,,reject_row,
0.1,derived-outcomes,post_offset_trajectory,RECIPIENT_NONMINIMAL_ENTRY_2500,Other participant produces the first vocal entry within 2500 ms and that entry is non-minimal,no,frozen_trajectory_derivation,reject_row,
0.1,derived-outcomes,post_offset_trajectory,RECIPIENT_MINIMAL_ENTRY_2500,Other participant produces the first vocal entry within 2500 ms and that entry is minimal,no,frozen_trajectory_derivation,reject_row,
0.1,derived-outcomes,post_offset_trajectory,SOURCE_ENTRY_2500,Source produces the first vocal entry within 2500 ms,no,frozen_trajectory_derivation,reject_row,
0.1,derived-outcomes,post_offset_trajectory,NO_VOCAL_ENTRY_2500,No participant produces a vocal entry within 2500 ms,no,frozen_trajectory_derivation,reject_row,
0.1,derived-outcomes,post_offset_trajectory,COMPETITIVE_OR_OTHER,Competitive or other first-entry trajectory within 2500 ms,no,frozen_trajectory_derivation,reject_row,
0.1,derived-outcomes,post_offset_trajectory,UNCODABLE,Mechanical fields cannot support trajectory derivation,no,frozen_trajectory_derivation,reject_row,
0.1,post-offset-trajectory,fitted_judgement,fitted_response,Recipient entry is fitted to target-bearing TCU,no,,reject_row,
0.1,post-offset-trajectory,fitted_judgement,not_fitted_response,Recipient entry is not fitted to target-bearing TCU,no,,reject_row,
0.1,post-offset-trajectory,fitted_judgement,not_applicable,No recipient entry available for fittedness,no,,reject_row,
0.1,post-offset-trajectory,fitted_judgement,uncertain,Fittedness is indeterminate,no,,reject_row,
0.1,post-offset-trajectory,fitted_judgement,uncodable,Packet cannot support fittedness coding,no,,reject_row,
0.1,all,adjudication_status,independent,Independent coder row,no,,reject_row,
0.1,all,adjudication_status,disagreement,Independent rows disagree,no,,reject_row,
0.1,all,adjudication_status,adjudicated,Within-layer adjudication completed,no,,reject_row,
0.1,all,adjudication_status,frozen,Analysis-ready frozen row,no,,reject_row,
0.1,all,adjudication_status,withdrawn_protocol_error,Row withdrawn for prospective protocol defect,no,,reject_row,
0.1,leakage-audit,status,pass,Declared condition satisfied,no,,reject_row,
0.1,leakage-audit,status,fail,Declared condition failed,no,,reject_row,
0.1,leakage-audit,status,not_applicable,Check prospectively inapplicable,no,,reject_row,
0.1,leakage-checklist,failure_class,halt,Failure stops the CABNC route,no,,reject_row,
0.1,leakage-checklist,failure_class,remediable_before_unblinding,May be repaired only before linked labels are available,no,,reject_row,
0.1,leakage-checklist,failure_class,note_only,Must be reported but does not determine feasibility,no,,reject_row,
0.1,all,role_id,source_syn,Grammar-facing source classifier,no,,reject_row,
0.1,all,role_id,source_sem,Semantics-facing source classifier,no,,reject_row,
0.1,all,role_id,neighbour,Neighbour-category classifier,no,,reject_row,
0.1,all,role_id,cue_and_sign_type,Immediate-cue pre-offset eligibility and later opaque sign-type coder,no,,reject_row,
0.1,all,role_id,post_offset_trajectory,Post-offset trajectory and fittedness coder,no,,reject_row,
0.1,all,separation_check_status,pass,All declared role-separation constraints pass,no,,reject_row,
0.1,all,separation_check_status,fail,At least one role-separation constraint fails,no,,reject_row,
0.1,all,separation_check_status,pending,Separation has not been verified,no,,reject_row,
0.1,packet-manifest,packet_layer,source_full_profile,Full-profile source evidence card,no,,reject_row,
0.1,packet-manifest,packet_layer,source_declaration_specific,Target-masked source evidence card,no,,reject_row,
0.1,packet-manifest,packet_layer,immediate_cue,Pre-offset immediate-cue packet,no,,reject_row,
0.1,packet-manifest,packet_layer,preoffset_eligibility,Pre-offset human eligibility packet,no,,reject_row,
0.1,packet-manifest,packet_layer,token_sign_type_assignment,Pre-offset opaque sign-type assignment packet,no,,reject_row,
0.1,packet-manifest,packet_layer,post_offset_trajectory,Post-offset trajectory packet,no,,reject_row,
0.1,packet-manifest,packet_layer,mechanical_eligibility,Machine-generated packet integrity record,no,,reject_row,
0.1,packet-manifest,mask_check_status,pass_automated,Automated masking check passed,no,,reject_row,
0.1,packet-manifest,mask_check_status,pass_manual,Manual masking check passed,no,,reject_row,
0.1,packet-manifest,mask_check_status,fail,Masking check failed,no,,reject_row,
0.1,packet-manifest,mask_check_status,pending,Masking check incomplete,no,,reject_row,
0.1,all,text_screen_status,pass,Free text passed the frozen target-information screen,no,,reject_row,
0.1,all,text_screen_status,fail,Free text failed the frozen target-information screen,no,,reject_row,
0.1,all,text_screen_status,pending,Free text has not been screened,no,,reject_row,
0.1,all,quarantine_action,none,No prohibited evidence was exposed,no,,reject_row,
0.1,all,quarantine_action,recompile_new_compiler,Dossier is rebuilt by an unexposed compiler,no,,reject_row,
0.1,all,quarantine_action,drop_before_packet_generation,Dossier is dropped before target packets exist,no,,reject_row,
0.1,all,quarantine_action,retain_declared_sensitivity_only,Dossier cannot enter the primary source variable,no,,reject_row,
0.1,sign-type-dossier,split_basis,grammatical,Sign-type split is warranted grammatically,no,,reject_row,
0.1,sign-type-dossier,split_basis,semantic,Sign-type split is warranted semantically,no,,reject_row,
0.1,sign-type-dossier,split_basis,interactional,Sign-type split is warranted interactionally,no,,reject_row,
0.1,sign-type-dossier,split_basis,mixed,Sign-type split uses evidence from multiple domains,no,,reject_row,
0.1,sign-type-dossier,split_basis,none,No split within retrieval construction,no,,reject_row,
0.1,immediate-cue,syntactic_packaging,standalone,Standalone token or construction,no,,reject_row,
0.1,immediate-cue,syntactic_packaging,supplemented,Syntactically supplemented realization,no,,reject_row,
0.1,immediate-cue,syntactic_packaging,syntactically_integrated,Integrated into larger syntax,no,,reject_row,
0.1,immediate-cue,syntactic_packaging,fragment_or_elliptical,Fragmentary or elliptical realization,no,,reject_row,
0.1,immediate-cue,syntactic_packaging,uncertain,Syntactic packaging indeterminate,no,,reject_row,
0.1,immediate-cue,syntactic_packaging,uncodable,Packet cannot support packaging judgement,no,,reject_row,
0.1,immediate-cue,tcu_complete_at_offset,yes,TCU is complete at crop offset,no,,reject_row,
0.1,immediate-cue,tcu_complete_at_offset,no,TCU is incomplete at crop offset,no,,reject_row,
0.1,immediate-cue,tcu_complete_at_offset,uncertain,TCU completion indeterminate,no,,reject_row,
0.1,immediate-cue,tcu_complete_at_offset,uncodable,Packet cannot support completion judgement,no,,reject_row,
0.1,immediate-cue,prosody_basis,audio,Prosody judged from permitted audio,no,,reject_row,
0.1,immediate-cue,prosody_basis,transcript_only,Prosody inferred from transcript only,no,,reject_row,
0.1,immediate-cue,prosody_basis,unavailable,No prosodic basis,no,,reject_row,
0.1,post-offset-trajectory,first_post_offset_vocalizer_type,source_speaker,Source is first post-offset vocalizer,no,,reject_row,
0.1,post-offset-trajectory,first_post_offset_vocalizer_type,other_participant,Another participant is first vocalizer,no,,reject_row,
0.1,post-offset-trajectory,first_post_offset_vocalizer_type,multiple_or_overlap,Multiple first entries cannot be ordered,no,,reject_row,
0.1,post-offset-trajectory,first_post_offset_vocalizer_type,none_in_window,No vocalizer within packet window,no,,reject_row,
0.1,post-offset-trajectory,first_post_offset_vocalizer_type,uncertain,First vocalizer indeterminate,no,,reject_row,
0.1,post-offset-trajectory,first_post_offset_vocalizer_type,uncodable,Packet cannot support first-vocalizer coding,no,,reject_row,
0.1,post-offset-trajectory,first_entry_minimality,minimal_listener_tcu,First other-participant entry is minimal,no,,reject_row,
0.1,post-offset-trajectory,first_entry_minimality,nonminimal_tcu,First other-participant entry is non-minimal,no,,reject_row,
0.1,post-offset-trajectory,first_entry_minimality,not_applicable,Source or no entry makes minimality inapplicable,no,,reject_row,
0.1,post-offset-trajectory,first_entry_minimality,uncertain,Minimality indeterminate,no,,reject_row,
0.1,post-offset-trajectory,first_entry_minimality,uncodable,Packet cannot support minimality coding,no,,reject_row,
0.1,derived-outcomes,primary_next_position_outcome,recipient_nonminimal_entry_2500,Derived non-minimal recipient entry within 2500 ms,no,frozen_trajectory_derivation,reject_row,
0.1,derived-outcomes,primary_next_position_outcome,recipient_minimal_entry_2500,Derived minimal recipient entry within 2500 ms,no,frozen_trajectory_derivation,reject_row,
0.1,derived-outcomes,primary_next_position_outcome,source_entry_2500,Derived source entry within 2500 ms,no,frozen_trajectory_derivation,reject_row,
0.1,derived-outcomes,primary_next_position_outcome,no_vocal_entry_2500,Derived absence of vocal entry within 2500 ms,no,frozen_trajectory_derivation,reject_row,
0.1,derived-outcomes,primary_next_position_outcome,outside_primary_contrast,Competitive or other trajectory,no,frozen_trajectory_derivation,reject_row,
0.1,derived-outcomes,primary_next_position_outcome,uncodable,Mechanical fields cannot support derivation,no,frozen_trajectory_derivation,reject_row,
0.1,preoffset-eligibility,exclusion_code,unintelligible_target,Target-bearing material is unintelligible,no,,reject_row,
0.1,preoffset-eligibility,exclusion_code,participants_unidentifiable,Participant identities cannot be established,no,,reject_row,
0.1,preoffset-eligibility,exclusion_code,no_potential_recipient_at_offset,No plausible recipient is available at offset,no,,reject_row,
0.1,preoffset-eligibility,exclusion_code,recipient_availability_uncertain,Recipient availability is indeterminate,no,,reject_row,
0.1,preoffset-eligibility,exclusion_code,timing_inadequate,Audio timing cannot support the primary target,no,,reject_row,
0.1,preoffset-eligibility,exclusion_code,quotation,Target occurs inside quotation,no,,reject_row,
0.1,preoffset-eligibility,exclusion_code,metalinguistic_mention,Target is mentioned rather than used,no,,reject_row,
0.1,preoffset-eligibility,exclusion_code,reading_aloud,Target occurs in reading aloud,no,,reject_row,
0.1,mechanical-eligibility,exclusion_code,following_sequence_clipped,Following packet window is clipped,no,frozen_mechanical_check,reject_row,
0.1,mechanical-eligibility,exclusion_code,transcription_corruption,Transcript corruption prevents use,no,frozen_mechanical_check,reject_row,
0.1,mechanical-eligibility,exclusion_code,mechanical_duplicate,Event duplicates another occurrence,no,frozen_mechanical_check,reject_row,
0.1,mechanical-eligibility,exclusion_code,protocol_packet_error,Packet violates frozen generation rules,no,frozen_mechanical_check,reject_row,
