model_id,model_role,components,comparison_model_id,evidential_status,required_source_gates,model_version,notes
base_rate,base_rate,outcome_prevalence,,descriptive,,0.2,
immediate_cue,immediate_cue,immediate_cues,base_rate,comparator,immediate_cues,0.2,
matched_common_baseline,common_baseline,immediate_cues|neighbour_labels|form_covariates,immediate_cue,primary_comparator,immediate_cues|neighbour_labels|form_covariates,0.2,Contains no interjection category label
flat_diagnostic,flat_diagnostic,declaration_specific_flat_diagnostics|immediate_cues|neighbour_labels|form_covariates,matched_common_baseline,upper_comparator,flat_diagnostics|immediate_cues|neighbour_labels|form_covariates,0.2,Contains no interjection category label or withheld proxy
model_sem,total_sem,immediate_cues|neighbour_labels|form_covariates|interjection_sem_declaration_specific,matched_common_baseline,co_primary,interjection_sem|immediate_cues|neighbour_labels|form_covariates,0.2,Paired total-value sem contrast
model_syn,total_syn,immediate_cues|neighbour_labels|form_covariates|interjection_syn_declaration_specific,matched_common_baseline,co_primary,interjection_syn|immediate_cues|neighbour_labels|form_covariates,0.2,Paired total-value syn contrast
model_both,joint_main_effects,immediate_cues|neighbour_labels|form_covariates|interjection_sem_declaration_specific|interjection_syn_declaration_specific,matched_common_baseline,secondary,interjection_syn|interjection_sem|immediate_cues|neighbour_labels|form_covariates,0.2,Contains separate main effects and no syn by sem interaction
sem_given_syn,conditional_sem,immediate_cues|neighbour_labels|form_covariates|interjection_sem_declaration_specific|interjection_syn_declaration_specific,model_syn,complementarity_diagnostic,interjection_syn|interjection_sem|immediate_cues|neighbour_labels|form_covariates,0.2,Cannot rescue failed total sem contrast
syn_given_sem,conditional_syn,immediate_cues|neighbour_labels|form_covariates|interjection_sem_declaration_specific|interjection_syn_declaration_specific,model_sem,complementarity_diagnostic,interjection_syn|interjection_sem|immediate_cues|neighbour_labels|form_covariates,0.2,Cannot rescue failed total syn contrast
