1	3658684	TZ	B	pernille.typepad.com	A B C soon as possible to enable me conclude my job. TrackBack Comments # HA HA HA HA HA HA HA HA...! # Subject # SPAM 05.4 Tanzaniams-mail.dk
2	1316218	TZ	G	...-affairs.typepad.com	A B C for modern investors. What will happen to the ones living on those thousands of ha , once the palm oil producer decides to expand its production? A report by
3	1317166	TZ	G	...ireport.blogspot.com	A B C glorious, as though it's that easy to shame weevil-doers into better behavior. Ha ! I mean, I get the point of aspirational messaging etc... but,
4	3658684	TZ	B	pernille.typepad.com	A B C ##3658684 October 05, 2009 HA HA HA HA HA HA HA HA ...! # Subject # SPAM 05.4 Tanzaniams-mail.dk LAST INHERITANCE NOTIFICATION!!! #
5	3656241	TZ	B	...-affairs.typepad.com	A B C for modern investors. What will happen to the ones living on those thousands of ha , once the palm oil producer decides to expand its production? A report by
6	1330437	TZ	G	hammerkoptours.com	A B C and photographs from the slave period. One intriguing exhibit is the uniform presented by HA Schmitt 1965. One of the main activities of the Holy Ghost Mission was to
7	1314463	TZ	G	hyperlands.net	A B C as he fell in to the chair opposite Hendricks. " People ". " Ha , we got them alright partner, yes we have lots of people here.
8	1854464	TZ	G	cap2hat.com	A B C of, Cheap MLB Jerseys, also throw a, Cheap Jerseys For Sale, ha ha, Reebok NFL Jerseys.!. # ?, As if at the
9	1339034	TZ	G	rukwa.go.tz	A B C production, undertaken by both small holders and parastatal organisations. The average yields per Ha . for the past five years (1990/95) has been 3.0 tons. Table
10	1339027	TZ	G	rukwa.go.tz	A B C few areas of Mbeya (Madibira). The crop covers an area of 5,500 Ha . with annual average production of 6,000 tons. Table XXIII shows production of cotton
11	1323951	TZ	G	andbeyondafrica.com	A B C that we go and freshen up first. I thought maybe I needed it ( ha ha), but it was a surprise... when we entered our room our
12	1854462	TZ	G	cap2hat.com	A B C hand medium of memory crystal ball these jump a dragon to take down. " Ha ha, this kind of evil monster, named'jump a dragon', is a
13	3652914	TZ	B	...ustainablecities.net	A B C much Hansel and Gretel and not enough biological oxygen demand. Imagine my' ah ha ' moment then when I read of the critical role that stories had to play
14	1339034	TZ	G	rukwa.go.tz	A B C in Mbeya region is increasingly becoming important. For the past five years about 8,000 Ha . have been under oil seeds production each year. By the year 2000,
15	1339027	TZ	G	rukwa.go.tz	A B C scale in Mbeya region. Most of the tea estates are private. About 5,535 Ha . are under tea production, with a yield of 3,500 tons per annum.
16	1332711	TZ	G	jamiiforums.com	A B C she is greedy so are we telling young people to vote for her through ccm ha ha ha that's a jock we need change we are tired of greedy leaders
17	1324063	TZ	G	...hitectsam.taseta.org	A B C now so atleast we can move from one point to another with shorts... ha ha ha ha 4 commentaires: # Sam why do you think that Tanzanians are
18	1854465	TZ	G	cap2hat.com	A B C Xi laughter of Fan Pei Xi, his a person took to begin machine ha ha keep smiling, if the side is unmanned, **25;10671;TOOLONG, laughter? get panic
19	1338630	TZ	G	researchintouse.com	A B C used by small and medium scale hillside farmers. Such family farms have typically 1-2 ha per family with an annual income of less than $US 500. The grass is
20	1339027	TZ	G	rukwa.go.tz	A B C Mbeya region especially in Mbeya, Mbozi, Rungwe and Ileje districts. About 4,000 Ha . have been under coffee for the past five years. Average production of 0.4
21	3653119	TZ	B	...ilasiku.blogspot.com	A B C lot of land, ask Tendai Mahachi the town clerk. I gave them 22 ha of land and they gave me 17 ha. Stupidity took over reasoning. If
22	1854465	TZ	G	cap2hat.com	A B C as well own of words, the Xiao song thoroughly had no language. " Ha ha, Wholesale NFL Jerseys, Xiao, http: //topnflsense.com, you still do
23	3658684	TZ	B	pernille.typepad.com	A B C ##3658684 October 05, 2009 HA HA HA HA HA HA HA HA...! # Subject # SPAM 05.4 Tanzaniams-mail.dk LAST INHERITANCE NOTIFICATION!!
24	1328869	TZ	G	fao.org	A B C bananas. Maize is the dominant crop with a planted area of over 1.5 million ha during recent years, followed by paddy with more than 0.5 million ha over recent
25	1339034	TZ	G	rukwa.go.tz	A B C Mbeya region especially in Mbeya, Mbozi, Rungwe and Ileje districts. About 4,000 Ha . have been under coffee for the past five years. Average production of 0.4
26	1339026	TZ	G	rukwa.go.tz	A B C region. For the past five years (1990-1995) an average of about 220,000 Ha . of the arable land has been under maize production with an average production of
27	1334237	TZ	G	lindi.go.tz	A B C for irrigation is estimated to be 4332 ha, however only 80 (1.8%) Ha are currently irrigated. Matandu valley is one of the best agricultural areas which covers
28	1328869	TZ	G	fao.org	A B C area was actually cultivated, comprising 4 million ha of arable land and 1.1 million ha under permanent crops (Table 1). # The climate varies from tropical along
29	1346585	TZ	G	zanzinet.org	A B C less than 10 miles south-west of Zanzibar town, Chumbe (area: ca. 20 ha ) harbours a rich coral environment and has recently been declared a reserved area.
30	1854036	TZ	G	agdevco.com	A B C has been secured from ARA Centro for the outgrower component, RDI will plant 16 ha of commercial avocado, and 8ha of smallholder avocados. The same hectorage will be
31	3660899	TZ	B	toends56.freevar.com	A B C ugg will make them. HAS uggs footwear been quite hiding from the time? ha ugg footwear inquired ingmost. uggs footwear ended up being to leaudio-videoe thduring quickly supper inside
32	3666853	TZ	B	travelblog.org	A B C there's hardly anyone staying for 6 months so it's always new faces. Ha , listen to me, I sound like I've been here so long already
33	1314080	TZ	G	fouvg00.freevar.com	A B C chare notfor the longer term in the r design? Thorpe knew that now either Ha certaink or Tom need to be climmsn with the long melikeuring pole the capair conditionersity
34	3657466	TZ	B	...kentobi.blogspot.com	A B C th? t I reall??? uld? ant to... H? Ha ). You defin? tely put a fresh spin on a sub??
35	1339026	TZ	G	rukwa.go.tz	A B C particularly in Kyela, Rungwe, Ileje and Mbeya Rural. An average of 25,000 Ha . are under banana crop in the Region. Production level is at 185,000 tons
36	1328869	TZ	G	fao.org	A B C implemented by 2017. The whole programme plans to develop a total of 405 421 ha (Table 9). # A major challenge in order to improve the irrigation
37	3662999	TZ	B	eennu.com	A B C ##3662999 Betting Sites e display area or resol # ITV Player on PS3 ha great easy to use design- so you can find the progrin the morningmes that you
38	1854457	TZ	G	cap2hat.com	A B C nephew earlier and make the nephew pick up three uncles so much. " " Ha ha, your three uncles isn't a 3-year-old kid either, where make you
39	1339027	TZ	G	rukwa.go.tz	A B C cash crop mainly grown in Chunya is tobacco and covers an area of about 1,500 Ha . Tobacco annual produuction is 1,000 tons with an average yield of 0.6 ton/Ha.
40	3661679	TZ	B	wheresneezy.com	A B C shakes a couple of Thai cops came in to " shake " us down ( ha ). Luckily, we weren't carrying anything illegal. I almost wanted to
41	1334859	TZ	G	mapenzioverland.net	A B C doesn't like to say the name and calls him The Leader instead! Ah ha , now we know why this is all in English and never translated back like
42	1333428	TZ	G	kamusi.org	A B C plural subject prefixes are made negative simply by prefixing HA: # HATU # from HA + TU # HAM # from HA + M # HAWA # from HA +
43	1854455	TZ	G	cap2hat.com	A B C clearly up, then start a facing home rushing through, Rugby Jerseys. " Ha ha, I know, www.new-nfl-us.com/, father affirms the meaning, father that can
44	1341859	TZ	G	thecitizen.co.tz	A B C requested by the investors. Official data, however, indicate that only about 70,000 ha had actually been formally leased as of December 2010. Most of the land has
45	1854462	TZ	G	cap2hat.com	A B C at is be disgraced to see the Lou descending.Qiu general.Or you leave! " " Ha ha, since brothers horse said so, that I Qiu teacher the benefit is
46	1854465	TZ	G	cap2hat.com	A B C n't contain the slightest the voice of emotion and slowly spread from its. " Ha ha, medicine Dan the clan is long, Tuo's giving up ancient emperor
47	3661454	TZ	B	uyhgbd.freevar.com	A B C preference to great wet **25;4816;TOOLONG of the lingestedst Pis web Yard; from which the ha majorsom ctummys of my first experiences were ousted a major escisating numtry to ber of
48	1312545	TZ	G	ccdare.org	A B C accommodate them into the land holding system because the land holding is less than 1 ha . The communities could not afford land. Therefore, they migrate to Western Tigray
49	1854456	TZ	G	cap2hat.com	A B C up, then start a facing home rushing through, Rugby Jerseys. " Ha ha , I know, www.new-nfl-us.com/, father affirms the meaning, father that can know
50	1330454	TZ	G	...ssborderssociety.org	A B C After 7 years of teaching tourism, I will finally work full-time in tourism ( ha , what an irony!). I'm looking forward to my new job
51	3652558	TZ	B	asdal.net	A B C , there was actually someone sitting outside. Shy girl that I am (ha ha !) I walked up to ask if he was the owner. Turns out
52	1323980	TZ	G	anewhaiti.net	A B C Total Population 28,000 persons Gross Density 88.6 persons/ha Community Centre 38 ha Average Neighbourhood 69.5 ha Neighbourhood Dwelling Units 1,400 Population 7,000 Roads (11.7%) 8ha Parking (4.3%)
53	1313609	TZ	G	...coastboxerrescue.com	A B C though - mum didn't like that too much when she got home. Ha ha ! It was great fun! # It snowed this week and I love eating
54	1344071	TZ	G	travelblog.org	A B C to youth and gets them engaged in topics related to improving their lives. Femina ha ...
55	3658683	TZ	B	pernille.typepad.com	A B C ##3658684 October 05, 2009 HA HA HA HA HA HA HA HA...! # Subject # SPAM 05.4 Tanzaniams-mail.dk
56	1336766	TZ	G	ntz.info	A B C more familiar with the tacky, and cane or cricket bat (if you crossed HA Jones); than with prizes in the school magazine. I too was brought
57	1333428	TZ	G	kamusi.org	A B C likuwa na magari. # There were cars in town. # 18 # Dukani ha m na kitu. # There is nothing in the shop. # 2.
58	1852743	TZ	G	pernille.typepad.com	A B C life # Over overexposed, i've seen too much Get Over it, ah ha , get out get out # I got this CD in South Africa -'
59	1323980	TZ	G	anewhaiti.net	A B C summary of the statistical information related to the plan for Kikuyu Community Total Area 316 ha Total Population 28,000 persons Gross Density 88.6 persons/ha Community Centre 38 ha Average Neighbourhood 69.5
60	1319969	TZ	G	tfstevenson.com	A B C . # I ask him what he thinks of the famous argument of Cambridge economist Ha Joon Chang -- that the importance of global information exchange technology is overstated, and
61	1328869	TZ	G	fao.org	A B C value to the village community. # The unexploited natural resource base of 40 million ha of cultivable land of the United Republic of Tanzania, abundant sources of water and
62	1854377	TZ	G	borda-sadc.org	A B C The route began at Maqhaka Holy Family Health Centre in the morning, passed by Ha Bua Sono and ended at St. Cecilia Primary-School, which is in a community affected
63	1310755	TZ	G	africaanswerman.com	A B C of pundits and bloggers would be the best medicine for this disease of fear-mongering. Ha ! Take' em to the scariest places, Jim!!! # One
64	1322959	TZ	G	...icanmeccasafaris.com	A B C : History, Community and Personalities # The area around Lake Tanganyika is home to Ha community of Tanzania who traversed the land centuries ago from West Africa and settled on
65	1316228	TZ	G	...-affairs.typepad.com	A B C a company in Congo, a palm oil producer, with an option on 100,000 ha of arable land, which was worth considering. The company promised high average returns
66	1328869	TZ	G	fao.org	A B C Study on the National Irrigation Master Plan (NIMP) to be 2 123 700 ha in mainland Tanzania, while for Zanzibar it is estimated to be 8 521 ha
67	1331890	TZ	G	ippmedia.com	A B C In July of this year, the firm will expand the overhead irrigation to 215 ha for its first dry-season rice cropping trial. It is anticipated that over time yields
68	1339034	TZ	G	rukwa.go.tz	A B C cash crop mainly grown in Chunya is tobacco and covers an area of about 1,500 Ha . Tobacco annual produuction is 1,000 tons with an average yield of 0.6 ton/Ha.
69	1331914	TZ	G	ippmedia.com	A B C is located 92 kilometers south of Kigoma. # Lugufu has a total of 15,000 ha out of which 10,000 ha have been reserved for the investor while 5,000 ha have
70	1323129	TZ	G	...arisdestinations.com	A B C your vehicle may get stuck in the mud -- but our balloon won't Ha ha ha ha!). # Are there any restrictions? We do not carry
71	1854455	TZ	G	cap2hat.com	A B C of so choose king still book, lie in...... that is a...... ha ha ha...... you not is want to press my younger brother? Lao Tze makes
72	1854463	TZ	G	cap2hat.com	A B C of kinds of goods, also call the God endow with very high? Ha ha , at will go a 2 class stars,? Kua you Cheap Pure Black
73	1340416	TZ	G	suanet.ac.tz	A B C Forest Reserve and training centre This is a montane pristine undisturbed rain forest covering 320 ha and form part of the Eastern Arc Mountains Forests located in Lushoto, Tanga Region
74	3654429	TZ	B	epicchangeblog.org	A B C ". I tend to think as you do in my judgments of situations. Ha ! I climb aboard my white horse and take my sword along for a just
75	1316412	TZ	G	...talklandtanzania.com	A B C province (25,000 ha) as said earlier in this site and Katumba (80,317 ha ) and Mishamo (219,800 ha), both in Rukwa province. However,
76	1339027	TZ	G	rukwa.go.tz	A B C in Mbeya region is increasingly becoming important. For the past five years about 8,000 Ha . have been under oil seeds production each year. By the year 2000,
77	3658684	TZ	B	pernille.typepad.com	A B C conclude my job. TrackBack Comments # HA HA HA HA HA HA HA HA...! # Subject # SPAM 05.4 Tanzaniams-mail.dk LAST INHERITANCE NOTIFICATION!!!
78	3658351	TZ	B	ohayoda.blogspot.com	A B C set of values, strange customs and strange ways of living off the land? Ha ! The tales we could tell! The Datoga stealing our cows believing all the
79	3662558	TZ	B	cap2hat.com	A B C NFL Jerseys for Sale. " Method Mao light way. " Disguise? Ha ha , Discount NFL Jerseys China, you say did the camouflage disguise? " The
80	3658139	TZ	B	...mbakazi.blogspot.com	A B C the total area. High and the most commercially valuable state-owned forests cover about 212,000 ha (71.2% of commercial forests) extending mainly in the northern and north-eastern part of
81	1316218	TZ	G	...-affairs.typepad.com	A B C a company in Congo, a palm oil producer, with an option on 100,000 ha of arable land, which was worth considering. The company promised high average returns
82	1854462	TZ	G	cap2hat.com	A B C , after returning to, seek credit to the thin benefit Pu. " Ha ha , compare with with these carnivorous dinosaurs,' Seismosaurus'and'A dragon'will be gentle and soft
83	1339307	TZ	G	saflii.org	A B C is deemed to have committed that offence. From the evidence of prosecution witnesses I ha ve highlighted earlier the agreement and the appellants actions and conduct there is sufficient evidence
84	1343339	TZ	G	theschoolfund.org	A B C and keep your mind active and engaged so it doesn't go to sleep! Ha !!!: -) I am glad that you are doing well.
85	1335553	TZ	G	moneymaker4you.net	A B C $6 to $8 range. I remember thinking that I landed a good buy. Ha ! # I opened my account, deposited my money, and made my first
86	1317152	TZ	G	...ireport.blogspot.com	A B C , or write, and this has been going on for years. Graduating? Ha ! Where do we imagine the skilled labor to master a complex economy and a
87	1315247	TZ	G	...yeye.jibostudios.com	A B C on my foot and I was Cinderella... and I said,' Oh, ha , ha, it doesn't fit because you are not the prince, "
88	1853760	TZ	G	africa-ata.org	A B C the south of the country, just north of Maputo, the resort spans 1,000 ha and encompasses 18km Sao Martinho Lagoon, nature reserve and turtle breeding area. The
89	1852479	TZ	G	mahamri.com	A B C sites, mostly on low hills, ranging in size from 30 to around 300 ha , in which are the remains of fortified villages, Kayas, of the Mijikenda
90	1327907	TZ	G	eennu.com	A B C certain to become the Higgs boson.colleagues. Bet on Soccer Online. The new ppaper ha triasod oversized mbum 125 times the mbum of the proton ppaper that is used a
91	1852149	TZ	G	kamusiproject.org	A B C # wa # Wageni wa mesharudi. The guests have already returned. # Wageni ha wa These guests # Wazazi w angu My parents # Wa li o kuja They
92	1854455	TZ	G	cap2hat.com	A B C , of so choose king still book, lie in...... that is a...... ha ha ha...... you not is want to press my younger brother? Lao Tze
93	3652558	TZ	B	asdal.net	A B C time, there was actually someone sitting outside. Shy girl that I am ( ha ha!) I walked up to ask if he was the owner. Turns
94	3664251	TZ	B	jamiiforums.com	A B C , mbili, tatu... mayai ya kichina hayooo! nani anakula? # Ha ha !! I was going to say they must be d*** expensive only to get
95	1327708	TZ	G	...ernafricajesuits.org	A B C of Loyola would say it was " the real real consolation ". Ha! Ha ! Ha! no human being under the earth has enough words to express this
96	1851472	TZ	G	apps.cimmyt.org	A B C parts of southern Malawi, where each farm household has access to only about 0.8 ha . # T raditionally, African agricultural systems were largely based on extended fallows and
97	1333428	TZ	G	kamusi.org	A B C # Fimbo i mevunjika. # The walking-stick is broken. # 11/14 # Uji ha una sukari. # The gruel has no sugar. # 15 # Kucheza ku
98	3662571	TZ	B	cap2hat.com	A B C dead don't change, is a mean person that craves for influence, ha ha ... " The exit that the space thunder stays calm and collecteds returns shot,
99	1324207	TZ	G	arushatimes.co.tz	A B C . For instance, in Lushoto District, the central government has set aside 34,335 ha while the District council has set aside 180 ha of forest areas. Village governments
100	1853761	TZ	G	africa-ata.org	A B C is the Great Pyramid of Cheops, erected about 2590 B.C. Its base covers 6 ha (13 ac) and it is estimated to contain 3 million separate blocks of
101	3662345	TZ	B	bongocelebrity.com	A B C have a translator work with you. What is your opinion? # HD: Ha ha ha ha: If I am able to speak English then I think it
102	1314392	TZ	G	hilmi.eu	A B C nnoori il a a l thth ulum a ti ol a -ika a s - ha bu a l nn a ri hum feeh a kh a lidoon a # Allah
103	1331890	TZ	G	ippmedia.com	A B C This is equivalent to 62 per cent above the season target of 2.5 tons per ha . # At least 4 tons per ha is considered the maximum average achievable over
104	3656220	TZ	B	...yjaydee.blogspot.com	A B C better, he can cook them so i do nt have stress myself out! ha ! Anyway, kuhusu translation zake kwa kweli sijui zitaitwaje kwa kiswahili, duh!
105	1854465	TZ	G	cap2hat.com	A B C distressly fall at under wide*field up, hit a huge deep pit. On " ha ha, accompanied you to play so long, be is accept some interest "
106	1336749	TZ	G	ntz.info	A B C use of the language, to non-Swahili speakers, can cause confusion: # the Ha tribe in one instance appears as Muha and several times as Baha, # and
107	1340835	TZ	G	tanzania.go.tz	A B C e.g. small and big rivers and lakes. # Available irrigatable land at 1.0 million ha . but currently only 150,000 hectares are cultivated under irrigation # National Irrigation Development Plan
108	3656312	TZ	B	...saworld.blogspot.com	A B C and ninety three in all and sent them home. all of them ha ha ha ha
109	3662345	TZ	B	bongocelebrity.com	A B C Go-GETTER. I get what I want and when I want it ha ha ha ha ha, surprised huh? But that's me! # I believe nothing comes
110	1854465	TZ	G	cap2hat.com	A B C pulls: " Is unprecedented like, NFL Jerseys Of China! " " Ha ha , Wholesale NFL Jerseys. that good.a short while once had a meal, you
111	1856637	TZ	G	...-mms.org.mmh-mms.com	A B C Rukwa region. The ethnic group of those who live in Kigoma region is the Ha (Waha), the third biggest ethnic group out of 120 ethnic groups of
112	3664205	TZ	B	jamiiforums.com	A B C free and compulsory primary education of good quality ". # " Good quality? Ha ! " says Minja. " The government is very proud of its enrolment figures
113	3666201	TZ	B	sporah.com	A B C lesson out of it. # Do you believe in demon possessions? # Ha ha ha, I know were your going, # This is why most people take
114	1324207	TZ	G	arushatimes.co.tz	A B C District council has set aside 180 ha of forest areas. Village governments own 3621 ha of forests. # Lushoto District is densely populated therefore it has been difficult to
115	1336674	TZ	G	ntwk.esaanet.com	A B C in some nutrients, manure or a low rate (150 to 300 kg per ha ) of a basal fertilizer (e.g. 7,14,7 or 5,18,10) or Single Super Phosphate
116	1344755	TZ	G	un.org	A B C Basin, the current source of water for Dar es Salaam, and another 85,000 ha in the nearby Wami Basin. # Water is also used for the production of
117	1854463	TZ	G	cap2hat.com	A B C kind of kinds of goods, also call the God endow with very high? Ha ha, at will go a 2 class stars,? Kua you Cheap Pure
118	1342377	TZ	G	thecitizen.co.tz	A B C maybe we go to Mama B's place? " I suggested. # " Ha , hapana at Mama B's everyone knows you. We won't enjoy any
119	1342270	TZ	G	thecitizen.co.tz	A B C for a couple of days, it becomes worrisome, " he says. # Ha ! Ha! Ha! What a lie, you tell yourself! This fellow
120	1323980	TZ	G	anewhaiti.net	A B C a pleasant, relatively secluded natural environment. Land areas of from 5 to 10 ha should be reserved in these locations for this purpose. SPECIAL DIPLOMATIC USES Description The
121	1346597	TZ	G	zara.co.tz	A B C concrete frequently using our hands for balance. And then the angles eased and we ha reached the crater rim, it was about 5 am, misty and quite cool
122	1853659	TZ	G	24tanzania.com	A B C attending to a potentially very problematic situation. # Thankfully, Sadie said nuts ( ha ?) (heh?) (sorry) to the organized support groups and
123	1331890	TZ	G	ippmedia.com	A B C , KPL is spending about 900,000 million TSH in the resettlement process. # 389 ha was excised from the farm and given to Mbasa sub village to avoid moving the
124	1852150	TZ	G	kamusiproject.org	A B C or MO in the positive construction; negative is made by adding the negative prefix HA before the subject prefix (H before second and third person singular, substitute SI
125	1858349	TZ	G	thecitizen.co.tz	A B C to the inescapable fact that.... " # I interrupted him and exclaimed: " Ha ! So, Alfred Mutalemwa, you are now Roughriderson Kengeson? He sprang at
126	1339242	TZ	G	saflii.org	A B C operative error. First, there ought to be an error, next the error ha s to be manifest on the face of the record, finally the error must
127	1854456	TZ	G	cap2hat.com	A B C just can embody the value of this vegetables like this be not. " " Ha ha, nfl-benefit.com, still the lower classwoman thinks week way, Cheap NFL Jerseys
128	1344755	TZ	G	un.org	A B C Food and Agriculture Organization (FAO) estimates, it ranges from 130,000 to 500,000 ha per annum. The major effect of deforestation is the deterioration of the ecological system
129	1339027	TZ	G	rukwa.go.tz	A B C coffee for the past five years. Average production of 0.4 tons of coffee per Ha . has been the trend compared with maximum yield of 1.0 ton/Ha. while the average
130	1339034	TZ	G	rukwa.go.tz	A B C scale in Mbeya region. Most of the tea estates are private. About 5,535 Ha . are under tea production, with a yield of 3,500 tons per annum.
131	1852032	TZ	G	...inelove.blogspot.com	A B C qued for the meal (best part on crashing the wedding) # and we ha ? d the food and it was a nice and delicious one. # There
132	1328869	TZ	G	fao.org	A B C than 50 ha each, while 58 percent is covered by schemes of over 500 ha each (Table 5 and Figure 4). # Gravity-fed irrigation schemes account for
133	1324040	TZ	G	apopo.org	A B C without prior demining experience. APOPO's ladies team has already started operations, removing ha ... Read more # Sep 28, 2012 APOPO signs an MOU with the Cambodian
134	1328869	TZ	G	fao.org	A B C Republic of Tanzania (Figure 3): # Modern irrigation schemes (35 847 ha ): these are formally planned and designed schemes with full irrigation facilities and usually
135	1335663	TZ	G	mrkremerscience.org	A B C Reserve, 10 ha) to the massive (Selous Game Reserve, 4.4 million ha , slightly larger than Switzerland). # Remember how I'm always saying that
136	1335825	TZ	G	mwanza.go.tz	A B C well in Mbeya region and it is planted in an area almost covering about 2,500 Ha . of land. It's roduction however, has continued to decline over the
137	3662345	TZ	B	bongocelebrity.com	A B C everyone stood up, hands up and screamed HELLEN!!!! Ha ha ha I almost ran off the stage. It was Amazing! # BC: Can
138	1331890	TZ	G	ippmedia.com	A B C of June 3, a total of 4273 tons has been harvested off of 1,068 ha -- an average of 4 tons per ha. This is equivalent to 62 per
139	1332711	TZ	G	jamiiforums.com	A B C greedy so are we telling young people to vote for her through ccm ha ha ha that's a jock we need change we are tired of greedy leaders since 1960
140	1336814	TZ	G	ntz.info	A B C always an anxiety that I'd do something wrong and get the tacky (or HA Jones' " persuader "). I didn't get punished that often,
141	1326779	TZ	G	...issertationtopic.net	A B C of environmentally acceptable safety drainage standards, mixed with P fertilizer law 53kg P / ha treatment in surface water Phosphorus safe discharge time is applied after 7 days; surface
142	1318392	TZ	G	...ository.habari.co.tz	A B C thinking what he should do, a magpie came and lit near him. " Ha ! Ma-me-at-si-kim-i " he said, " you are a beautiful bird; help me
143	1340724	TZ	G	tanga-guide.com	A B C north-eastern Tanzania. The East Usambara covers an area of about 1300 km (130,000 ha ). # Amani Butterfly Project helps 400 rural Tanzanians from 6 villages in the
144	1316412	TZ	G	...talklandtanzania.com	A B C said earlier in this site and Katumba (80,317 ha) and Mishamo (219,800 ha ), both in Rukwa province. However, the Katumba and Mishamo settlements areare
145	1339034	TZ	G	rukwa.go.tz	A B C pulses in Mbeya Region. For the past five years, an average of 30,000 Ha . have been under beans production, with an average yield of about 18,000 tons
146	1338191	TZ	G	quarrylifeaward.com	A B C Some small calcareous grasslands with Orobanche caryophyllacea are also found there. # The 6 ha area proposed for this study is situated on the West side of the quarry.
147	1318851	TZ	G	...mbadeo.wordpress.com	A B C name is Mariam Idrisa, she comes from Ujiji, Kigoma, and she is Ha by tribe. # Mariam Idrisa... looking for her hosts in Dar. She
148	1332070	TZ	G	ippmedia.com	A B C # It is said that 12 sachets of fertiliser of 50kg are needed for every ha of tea, yet there is no factory that produces the input, he said
149	1318188	TZ	G	placeblip.com	A B C Canada. And we complain of cattle on our roads. What a comparison! Ha Ha Ha!!!!!!! Congratulations, Toronto. You
150	1331890	TZ	G	ippmedia.com	A B C Farm. At a cost of USD750, 000, starting in July, 215 ha will be put under overhead irrigation to prove that rice can be grown in the
151	1340416	TZ	G	suanet.ac.tz	A B C To date more than 320 tree species have been planted in an area of 12 ha . # Tree planting activities The Faculty has planted 180 hectares in the University campus
152	1314463	TZ	G	hyperlands.net	A B C of that kind here. They say the god's leave this place alone... Ha , but girls, young girls, if that's your taste I can get
153	1854465	TZ	G	cap2hat.com	A B C the Xi laughter of Fan Pei Xi, his a person took to begin machine ha ha keep smiling, if the side is unmanned, **25;10671;TOOLONG, laughter? get
154	1316228	TZ	G	...-affairs.typepad.com	A B C I would find an investment in a company in Congo with an option on 100,000 ha of arable land extremely risky. Maybe the number of land acquisitions in Sub-Saharan Africa
155	1335825	TZ	G	mwanza.go.tz	A B C few areas of Mbeya (Madibira). The crop covers an area of 5,500 Ha . with annual average production of 6,000 tons. Table XXIII shows production of cotton
156	3840297	TZ	B	travelblog.org	A B C had probably walked too quickly and they had struggled to keep up with us! ha ! the powers of modern technology coming together with tunes in your ear! #
157	1331890	TZ	G	ippmedia.com	A B C 2013 ha. Only 1,983 tons of paddy were harvested, about 0.98 tons per ha , which was 40 per cent below the initial target of 1.75 tons per ha
158	1339055	TZ	G	saadanipark.org	A B C the zoo by the Coastal Region Environment Officer, it was realized that at 138 ha for 120 animals the size of the zoo was too small for the number of
159	1342252	TZ	G	thecitizen.co.tz	A B C another patron before you can say anything. Wa Muyanza, mtu wa system? Ha ! Ha! Ha! #
160	1328869	TZ	G	fao.org	A B C , the total area equipped for irrigation is 184 330, of which 183 988 ha in mainland Tanzania and 342 ha in Zanzibar (Table 4). The NIMP
161	1337141	TZ	G	onerockatatime.com	A B C luck to grow. # For all those folks out there with an' ah ha ' moment, write it down, look at it two days later, and
162	1344309	TZ	G	trekking.net	A B C there a jeep brings you back to Sapa and connects with a bus to Bac Ha . You stay at Hotel " Sao Mai " which is built on stilts and
163	1341044	TZ	G	...cationfoundation.org	A B C a runny nose, no Kleenex is sight) and adorable yet mean, ha ha . They fight with each other, yell, scream and then the next minute
164	1313609	TZ	G	...coastboxerrescue.com	A B C again, and if that doesn't get me told off, nothing will, ha ha! # Mom told me the other week that I really needed to stay
165	1854465	TZ	G	cap2hat.com	A B C fall at under wide*field up, hit a huge deep pit. On " ha ha , accompanied you to play so long, be is accept some interest " sky
166	1342252	TZ	G	thecitizen.co.tz	A B C can say anything. Wa Muyanza, mtu wa system? Ha! Ha! Ha ! #
167	1336791	TZ	G	ntz.info	A B C more familiar with the tacky, and cane or cricket bat (if you crossed HA Jones); than with prizes in the school magazine. I too was brought
168	1854455	TZ	G	cap2hat.com	A B C so choose king still book, lie in...... that is a...... ha ha ha ...... you not is want to press my younger brother? Lao Tze makes you
169	1335825	TZ	G	mwanza.go.tz	A B C Mbeya region especially in Mbeya, Mbozi, Rungwe and Ileje districts. About 4,000 Ha . have been under coffee for the past five years. Average production of 0.4
170	1339026	TZ	G	rukwa.go.tz	A B C are suitable for agriculture and livestock keeping. However, only an average of 1,3000,000 Ha . are cultivated annually for both food and cash crops. About 80 percent of
171	1854465	TZ	G	cap2hat.com	A B C add a body at the same time. " Xi Xi, www.nfl-unusual.com/, ha ha . " Condemn a voice in, suddenly spread the Xi laughter of Fan Pei
172	1328869	TZ	G	fao.org	A B C percent of the total land area. Cultivable area is estimated to be 40 million ha , or 42 percent of the total land area. In 2002, 13 percent
173	1313853	TZ	G	ericfan.freevar.com	A B C again with his college sweetheart and wants a divorce. And Stephanie agreed (Ha Ha Ha what a joke) to give him one. # A very happy Eric
174	1332191	TZ	G	ippmedia.com	A B C production of honey, beeswax and other bee products, Tanzania has about 33.5 million ha of forests and woodlands that are scattered throughout and area ideal for developing beekeeping industry
175	1346581	TZ	G	zanzinet.org	A B C in nothern part of Unguja island is popular for its rubber plantation (about 600 ha ) but the neighbouring areas of Pangeni have a good stand of natural forest.
176	1345135	TZ	G	unsystem.org	A B C section and their interpretation are as follows: - # Chronic malnutrition # Height-for-age ( HA ) below -2SD # ..... Stunting # Current or acute Malnutrition # Weight-for-height (WH
177	1852743	TZ	G	pernille.typepad.com	A B C is to take me somewhere out of northern Uganda... Get Over it, ah ha , get out get out... Tuesday, 23 January 2007 # I have
178	1339026	TZ	G	rukwa.go.tz	A B C crop in Kyela and Rungwe Districts. The area under Cocoa has increased from 5,022 Ha . in 1990/91 to 5,790 Ha. in 1994/95. However, production per unit
179	1323980	TZ	G	anewhaiti.net	A B C School, neighbourhood centre, walkway system, playfield, etc. (20%) 14 ha Open Space Cells (13%) 9 ha Net Residential Land (51%) 35.5
180	1317112	TZ	G	...ireport.blogspot.com	A B C quizzed her daddy about how much water it would take to extinguish the sun? Ha ! The clarity of the problem statement, the tentative hypothesis, the sheer amount
181	1332274	TZ	G	ippmedia.com	A B C the maximum land size of each bio-fuel developer from the proposed 20,000 ha to 10,000 ha and give investors conditions which would enable them deliver. # Speaking during a two-day
182	1339034	TZ	G	rukwa.go.tz	A B C are suitable for agriculture and livestock keeping. However, only an average of 1,3000,000 Ha . are cultivated annually for both food and cash crops. About 80 percent of
183	1333424	TZ	G	kamusi.org	A B C # wa # Wageni wa mesharudi. The guests have already returned. # Wageni ha wa These guests # Wazazi w angu My parents # Wa li o kuja They
184	1316228	TZ	G	...-affairs.typepad.com	A B C land had been allocated between 2004-9 in large-scale allocations, all measuring more than 1000 ha . However, I find that the suggested principles deserve a thorough debate and not
185	3661225	TZ	B	udadisi.blogspot.com	A B C the government will only earn 158,145,740Tshs! At Lugufu where the company has secured 10,000 ha which is equivalent to 24,710.27acres the government will earn 4,942,054 per annum as land rent
186	1339026	TZ	G	rukwa.go.tz	A B C cash crop mainly grown in Chunya is tobacco and covers an area of about 1,500 Ha . Tobacco annual produuction is 1,000 tons with an average yield of 0.6 ton/Ha.
187	1331914	TZ	G	ippmedia.com	A B C themselves as AgriSol officials seeking good neighbourhood, as they were planning to acquire 3000 ha of Luchugi land in the nearby village. It is about 20 km from Lugufu
188	3662345	TZ	B	bongocelebrity.com	A B C ... lemme look for another juicy word and will get back to that ha ha ha ! # You know; when Maria Sarungi (the National Director for Miss Universe
189	1318394	TZ	G	...ository.habari.co.tz	A B C go to Maromme) and I even say' Mon Riboudet.' Ha! Ha !' Mont Riboudet.' The other day I repeated that just to Monsignor
190	1346615	TZ	G	zawadi.info	A B C miss PRC!!... she had no good features... and its so obvious ha haa.... i guess since next yr its the olympics and all that... but
191	3659310	TZ	B	sekenke.com	A B C hand, which weregliven to Moses. For details see Al-Araf: 106-117, Ta Ha :.1723, An-Naml: 7-14, and Al-Qasas: 31-32). # *13
192	1330453	TZ	G	...ssborderssociety.org	A B C After 7 years of teaching tourism, I will finally work full-time in tourism ( ha , what an irony!). I'm looking forward to my new job
193	1333428	TZ	G	kamusi.org	A B C from HA + TU # HAM # from HA + M # HAWA # from HA + WA # Sisomi kitabu. I am not reading a book # Hukuamka mapema
194	1857339	TZ	G	quarrylifeaward.com	A B C It involves planting a portion of the quarry " Ribnica " that is sized 1 ha . This is the first phase of the project. # The second phase of
195	1340416	TZ	G	suanet.ac.tz	A B C Reserve This is a part of the dry Miombo woodland covering an area of 500 ha located in Morogoro Region, Tanzania about 40 km from Morogoro town. This is
196	1336693	TZ	G	ntz.info	A B C use of the language, to non-Swahili speakers, can cause confusion: # the Ha tribe in one instance appears as Muha and several times as Baha, # and
197	1335074	TZ	G	mbalimbali.com	A B C Indian dish in the Sangara Restaurant. Kigoma Town # Home to the " Ha " tribe, which was the third largest tribe in Tanzania by the 1940's
198	1331890	TZ	G	ippmedia.com	A B C a large-scale rain-fed farm. Blocks of 25 ha produced an average of 6.9 tons ha . # In the current season, KPL also introduced overhead irrigation on 40 ha
199	1329901	TZ	G	giahs.org	A B C ) districts. About 330,000 farm families live in these tank-villages, cultivating about 148,000 ha of irrigable lands. # Traditional communities had made every attempt to conserve soil,
200	1323948	TZ	G	andbeyondafrica.com	A B C that we go and freshen up first. I thought maybe I needed it ( ha ha), but it was a surprise... when we entered our room our
201	1322460	TZ	G	aecfafrica.org	A B C the area of its own orchard from 90 ha to the final size of 134 ha . At the moment, 917micro and small-scale outgrowers grow Hass avocado from the nursery
202	1338194	TZ	G	quarrylifeaward.com	A B C ha. In the inactive part of the quarry the restoration activity started on 2.5 ha where alpine grasses were sawn. # The restoration concept of the quarry is focussed
203	1854455	TZ	G	cap2hat.com	A B C just can embody the value of this vegetables like this be not. " " Ha ha, nfl-benefit.com, still the lower classwoman thinks week way, Cheap NFL Jerseys
204	1316228	TZ	G	...-affairs.typepad.com	A B C for modern investors. What will happen to the ones living on those thousands of ha , once the palm oil producer decides to expand its production? A report by
205	1338322	TZ	G	...kiwildlifesafari.com	A B C peak reaches 1506 metres. The total area of the mountains is about 45 000 ha is covered by forests. Some of these forests have been protected in forest reserves
206	3666201	TZ	B	sporah.com	A B C good lesson out of it. # Do you believe in demon possessions? # Ha ha ha, I know were your going, # This is why most people
207	1851472	TZ	G	apps.cimmyt.org	A B C farm households rely on family resources, especially labor, to grow maize on 0.5-3.0 ha of land held under traditional tenure arrangements. Human labor -aided by hand-held hoes -
208	1854463	TZ	G	cap2hat.com	A B C all like, oneself of the province a grope in the dark. " Ha ha , Cheap Varsity Red Air Jordan Shoes, Qin Lang's adult discovered our identities
209	1341568	TZ	G	tec.or.tz	A B C around Morogoro and country as whole. The total size of the farm is 1214.16 Ha (3,000 acres) which is divided into three main blocks with an average size
210	1331914	TZ	G	ippmedia.com	A B C 15,000 ha out of which 10,000 ha have been reserved for the investor while 5,000 ha have been reserved for the newly designated Uvinza district, to build headquarters and other
211	3657466	TZ	B	...kentobi.blogspot.com	A B C ? cal office?. Nowa? ays, the field of tran? cription ha ? become highl?? om? etitive. You can take phone? alls
212	1323948	TZ	G	andbeyondafrica.com	A B C we go and freshen up first. I thought maybe I needed it (ha ha ), but it was a surprise... when we entered our room our bath
213	1316415	TZ	G	...talklandtanzania.com	A B C to Sumbawanga. Over the next 20 years, the programme aims to bring 350,000 ha of farmland into commercial production for regional and international markets, to increase annual farming
214	1854463	TZ	G	cap2hat.com	A B C is affirmative and then isn't an opponent, Jordan Basketball Shoes! " Ha ha , this Qin, Cheap Pure Black Air Jordan Blase Mid Shoes, Mr. Lang
215	1339034	TZ	G	rukwa.go.tz	A B C particularly in Kyela, Rungwe, Ileje and Mbeya Rural. An average of 25,000 Ha . are under banana crop in the Region. Production level is at 185,000 tons
216	1328869	TZ	G	fao.org	A B C irrigation schemes also fall under this category. # Traditional irrigation schemes (122 630 ha ): these have been initiated and operated by the farmers themselves, with no
217	3656241	TZ	B	...-affairs.typepad.com	A B C I would find an investment in a company in Congo with an option on 100,000 ha of arable land extremely risky. Maybe the number of land acquisitions in Sub-Saharan Africa
218	1339034	TZ	G	rukwa.go.tz	A B C arable land has been under maize production with an average production of 2.5 tones per Ha . Maize is both a major food staple and the most inportant marketed crop in
219	1856218	TZ	G	karamagifts.com	A B C CNN was coming later today to interview Jane about her experience with fistula "... Ha , no big deal. Thrilled to know, though, that such a large
220	1346576	TZ	G	zanzinet.org	A B C at Jozani started way back in 1920s but in 1940 the colonial government purchased 194 ha of the forest from a private enterpreneur and converted into a reserve. All commercial
221	1339034	TZ	G	rukwa.go.tz	A B C region. For the past five years (1990-1995) an average of about 220,000 Ha . of the arable land has been under maize production with an average production of
222	3662345	TZ	B	bongocelebrity.com	A B C am a Go-GETTER. I get what I want and when I want it ha ha ha ha ha, surprised huh? But that's me! # I believe
223	1328467	TZ	G	erails.net	A B C Yearlings of Mpwapwa breed # The Institute Farm has three parts; totaling about 7,000 ha of which 4,000ha are developed and 3,000ha are wooded hillsides. The main farm,
224	3662345	TZ	B	bongocelebrity.com	A B C a Go-GETTER. I get what I want and when I want it ha ha ha ha ha, surprised huh? But that's me! # I believe nothing
225	1322518	TZ	G	africa-ata.org	A B C the south of the country, just north of Maputo, the resort spans 1,000 ha and encompasses 18km Sao Martinho Lagoon, nature reserve and turtle breeding area. The
226	1323518	TZ	G	agriculture.go.tz	A B C . (42% of total land area). It is estimated that 10.1 million ha , or 23% of the arable land is under cultivation while an estimated 26 million
227	1328162	TZ	G	elct-ned.org	A B C million shrubs of Coffea arabica (arabica coffee) planted in the Usambaras on 600 ha , with a further million shrubs planned. # Clearly, the Germans were expecting
228	1854465	TZ	G	cap2hat.com	A B C Xiao song has to be more shameless. " Slice, nflhigh.com. " " Ha ha, Discount NFL Jerseys, the Xiao is true shameless. " " This
229	1340314	TZ	G	sporah.com	A B C be the chick one and the one with Red dress is the Diva herself. Ha ha ha can't wait
230	1335825	TZ	G	mwanza.go.tz	A B C scale in Mbeya region. Most of the tea estates are private. About 5,535 Ha . are under tea production, with a yield of 3,500 tons per annum.
231	1852840	TZ	G	researchintouse.com	A B C may lead to revision and better planning of large scale afforestation schemes (e.g. 31,000,000 ha SLCP in China and possible 21,000,000 jatropha schemes in India), # iv)
232	1339034	TZ	G	rukwa.go.tz	A B C is the second important cereal crop grown in Mbeya region. An average of 35,000 Ha . are under paddy production, undertaken by both small holders and parastatal organisations.
233	1332711	TZ	G	jamiiforums.com	A B C is greedy so are we telling young people to vote for her through ccm ha ha ha that's a jock we need change we are tired of greedy leaders since
234	1335663	TZ	G	mrkremerscience.org	A B C all the protected areas here, from the tiny (Zinge Forest Reserve, 10 ha ) to the massive (Selous Game Reserve, 4.4 million ha, slightly larger
235	1854455	TZ	G	cap2hat.com	A B C up, then start a facing home rushing through, Rugby Jerseys. " Ha ha , I know, www.new-nfl-us.com/, father affirms the meaning, father that can know
236	3652406	TZ	B	...scloset.blogspot.com	A B C and I need that because I am really lazy naturally just ask my mother ha ha ha! owkeeey so last Friday... ya'll know Friday we do a casual
237	1310920	TZ	G	...scloset.blogspot.com	A B C in I was literally standing in the middle of the road when these were taken ha ! too bad the weather was gloomy and without sunlight my shitty camera takes ghostly
238	1854462	TZ	G	cap2hat.com	A B C process, after returning to, seek credit to the thin benefit Pu. " Ha ha, compare with with these carnivorous dinosaurs,' Seismosaurus'and'A dragon'will be gentle and
239	1854456	TZ	G	cap2hat.com	A B C so choose king still book, lie in...... that is a...... ha ha ha ...... you not is want to press my younger brother? Lao Tze makes you
240	1314161	TZ	G	...atchaman.freevar.com	A B C n't forget that you belong to a team. Gatchaman team. # Joe - Ha ! Stop once for all with your lectures, come on! # Ken -
241	1345137	TZ	G	unsystem.org	A B C at about 23.0 million. The area under irrigation is 144,000 ha of which 26,000 ha are? modern? and the remainder is traditional mainly for paddy production and some
242	1854457	TZ	G	cap2hat.com	A B C earlier and make the nephew pick up three uncles so much. " " Ha ha , your three uncles isn't a 3-year-old kid either, where make you answer
243	1854455	TZ	G	cap2hat.com	A B C can embody the value of this vegetables like this be not. " " Ha ha , nfl-benefit.com, still the lower classwoman thinks week way, Cheap NFL Jerseys.
244	1333428	TZ	G	kamusi.org	A B C # SI for NI # HU for U # (H + U) # HA for A # (H + A) # The plural subject prefixes are made
245	1344755	TZ	G	un.org	A B C However, it is estimated that the country's forest area has declined from 44,300,000 ha or 50% of total land area in 1938 to 33, 096,000 ha or 43%
246	3662987	TZ	B	eennu.com	A B C mouth.Racing. # His style is sweeter thtry to beneficial Jin the morningesa. He ha lot more ptry to beneficialpain: more gr design.Latest. He finishes with try to
247	1328573	TZ	G	...ingexceptthehorn.com	A B C week Wednesday. What am I going to wear??!!! Ha ha . # Once in Nairobi I met up with my previous acquaintances and now friends
248	1338322	TZ	G	...kiwildlifesafari.com	A B C Presently about 33,000 ha is within the forest reserves. This means that about 12,000 ha of forest is situated in public lands and remain outside formal, legal protection.
249	1854462	TZ	G	cap2hat.com	A B C they the easy mindset just a little have some to stretch tight tightly. " Ha ha! Wood, this should be the strongest evil monster that you can invoke
250	1338430	TZ	G	redoubt.com	A B C with, sorry to say, sheepish grins. So I'm thinking, ha ha , this is pretty funny, they've got a sheep with them. Then
251	1344309	TZ	G	trekking.net	A B C Accommodation: Hotel. Meals: B/L/D # Market scene Day 8: Bac Ha - Hanoi # Visit the big market of Bac Ha. You can not resist
252	1856003	TZ	G	ippmedia.com	A B C same year -- and planted 115,000 ha of Bt cotton while Egypt planted almost 1,000 ha of Bt maize, both representing significant increases over previous years' harvests. #
253	1324063	TZ	G	...hitectsam.taseta.org	A B C so atleast we can move from one point to another with shorts... ha ha ha ha 4 commentaires: # Sam why do you think that Tanzanians are all
254	1345207	TZ	G	veco-ngo.org	A B C villages of Luong Son Commune to register as a cooperative in 2011. # Phu Ha tea limited liability company is a family enterprise based in Yen Lap, Phu Tho
255	1337210	TZ	G	ornaross.com	A B C # Wednesday, October 5th, 2011 # A is for Aha, H a ha and Ahh, three dimensions of creative intelligence. The creativity theorist Arthur Koestler gave
256	1318732	TZ	G	sichange.org	A B C thought pretty uniformly as a' bad-ass' among volunteers that interacted with you, ha . Keep kicking butt over in the UK; I know you will continue to
257	1330435	TZ	G	hakingowi.com	A B C in consonance with the development priorities of the receiving nation. In Tanzania the declaration ha taken the shape of the Joint Assistance Strategy (JAST). Gone are the
258	1344309	TZ	G	trekking.net	A B C positively surprise you. Day 6: Ban Ho-Thanh Phu via Sapa - Bac Ha # You leave your " host family " and hike approximately 2 hours through rice
259	1331913	TZ	G	ippmedia.com	A B C ##1331914 AgriSol lands another 10,000 ha amid growing public outcry # The US-based AgriSol Company has landed another lucrative land deal
260	1331890	TZ	G	ippmedia.com	A B C experience, Alan Boyce of the US who founded AdecoAgro, a company which 330,000 ha in South America and is listed on the New York Stock Exchange. # Q
261	1342296	TZ	G	thecitizen.co.tz	A B C an ambulance about. Something a little honey-lemon-herb concoction would fix, I reckoned. Ha . Girl, was I wrong. # I woke up on Monday feeling like
262	1335825	TZ	G	mwanza.go.tz	A B C . The area under Cocoa has increased from 5,022 Ha. in 1990/91 to 5,790 Ha . in 1994/95. However, production per unit still remains low - at 0.6
263	1334431	TZ	G	...ongroadtripsouth.com	A B C a Cash and Carry there and our supplies were looking a little dismal. Hah ha ? Lonely Planet, bless your soul! What a laugh, it turned out
264	3658684	TZ	B	pernille.typepad.com	A B C ##3658684 October 05, 2009 HA HA HA HA HA HA HA HA...! # Subject # SPAM 05.4 Tanzaniams-mail.dk LAST INHERITANCE NOTIFICATION
265	1323980	TZ	G	anewhaiti.net	A B C Dwelling Units 1,400 Population 7,000 Roads (11.7%) 8ha Parking (4.3%) 3 ha School, neighbourhood centre, walkway system, playfield, etc. (20%) 14
266	3662345	TZ	B	bongocelebrity.com	A B C translator work with you. What is your opinion? # HD: Ha ha ha ha: If I am able to speak English then I think it's a
267	1319672	TZ	G	tanzania-un.org	A B C (the republic's largest ethnic group), Bena, Chagga, Gogo, Ha , Haya, Hehe, Luguru, Makonde, Makua, Ngoni, Nyakyusa,
268	1333428	TZ	G	kamusi.org	A B C by prefixing HA: # HATU # from HA + TU # HAM # from HA + M # HAWA # from HA + WA # Sisomi kitabu. I am
269	1320484	TZ	G	therebelbelles.com	A B C extent of foodie hatred for the cupcake phenomenon. To this, I say: ha ! Cupcakes are fun, festive and portable. They ensure no bickering over icing-to-cake
270	1334561	TZ	G	madrasahidaya.net	A B C and to complete the count to a hundred by saying: L? il? ha illa'll? hu wa h dahu l? shar? ka lahu, lahu'l-mulku
271	1340946	TZ	G	tanzania.go.tz	A B C into Lake Nyasa Zambezi River system. # Wetlands: Tanzania has 5, 439,000 ha . of lakes and swamps which represent 5.8 percent of the total land surface;
272	1333428	TZ	G	kamusi.org	A B C # Kucheza ku napendeza. # The playing is pleasant. # 16 # Mahali ha pa hapapendezi. # This place is unpleasing. # 17 # Mjini ku likuwa
273	3656967	TZ	B	...appentz.blogspot.com	A B C tobacco in processing industries annually. # It is estimated that more than 65 000 ha of forests or bush lands are burned/cleared every year.Bush fires for clearing land also destroy
274	3662571	TZ	B	cap2hat.com	A B C are dead don't change, is a mean person that craves for influence, ha ha... " The exit that the space thunder stays calm and collecteds returns shot
275	1328869	TZ	G	fao.org	A B C In Zanzibar, 19 irrigation schemes were inventoried. Rainwater harvesting schemes cover 7 934 ha in mainland Tanzania, mainly located in the regions of Dodoma, Mara, Mwanza
276	1334237	TZ	G	lindi.go.tz	A B C currently irrigated. Matandu valley is one of the best agricultural areas which covers 3,552 Ha . With an exception of Makangaga, no reasonable attempts have been made to exploit
277	3652420	TZ	B	...scloset.blogspot.com	A B C the time (am not guaranteeing they wont anymore, am a perfectionist ha ha ha ) just that am currently happy with my work of art and yes I drew
278	1318443	TZ	G	researchintouse.com	A B C principally at the subsistence level or slightly above. Such family farms have typically 1-2 ha per family with an annual income of less than $US 500. # The majority
279	1317717	TZ	G	nindk2.freevar.com	A B C like slend a ha goodd. UGG 5340 Ultimate Short Boots. Farquhar slend a ha goodd. He rushed away- Grmy oh myhereis shouting unindicdined ond questions in the aftermusingh
280	1317717	TZ	G	nindk2.freevar.com	A B C people running towards him. She was turned on- " kevin durould like slend a ha goodd. UGG 5340 Ultimate Short Boots. Farquhar slend a ha goodd. He
281	1332251	TZ	G	ippmedia.com	A B C ; the rest comes from the Eastern parts of the country. # About 410,000 ha were sown to cotton during the 2006/07 farming season, but slightly less than half
282	1323518	TZ	G	agriculture.go.tz	A B C endowed with abundant resources for agriculture with an arable area estimated at over 43 million ha . (42% of total land area). It is estimated that 10.1 million
283	3652406	TZ	B	...scloset.blogspot.com	A B C toes and I need that because I am really lazy naturally just ask my mother ha ha ha! owkeeey so last Friday... ya'll know Friday we do a
284	3838846	TZ	B	sekenke.com	A B C ##3838847 # Introduction to 41. Surah Ha Mim As Sajdah, also known as Surah Fussilat (Explained i # Name #
285	1313609	TZ	G	...coastboxerrescue.com	A B C , and if that doesn't get me told off, nothing will, ha ha ! # Mom told me the other week that I really needed to stay in
286	1854462	TZ	G	cap2hat.com	A B C medium of memory crystal ball these jump a dragon to take down. " Ha ha , this kind of evil monster, named'jump a dragon', is a kind
287	1340894	TZ	G	tanzania.go.tz	A B C technology and inadequate working capital. Forest Resource Forests and woodlands cover about 45 million ha . of Tanzania's land surface, half of this resource is on unreserved public
288	1322650	TZ	G	africa.ufl.edu	A B C op cit. # (18) See Brain, James 1973. Tutsi and Ha , a Study in Integration, Journal of Asian and African Studies 8(39), Waters
289	3667240	TZ	B	vijana.fm	A B C ask where you'd sourced the money.. surely that will be theft.. ha ha hah! # Firstly I'd buy some new recording kit to make my radio
290	1331890	TZ	G	ippmedia.com	A B C appears that KPL will be above target for the first time. With the 4,150 ha planted, as of June 3, a total of 4273 tons has been harvested
291	1854465	TZ	G	cap2hat.com	A B C well own of words, the Xiao song thoroughly had no language. " Ha ha , Wholesale NFL Jerseys, Xiao, http: //topnflsense.com, you still don't
292	1346576	TZ	G	zanzinet.org	A B C when most of the surrounding areas were gazetted hence bringing the total area to 2512 ha . The inclusion of Chwaka Bay mangrove forest, which has been recognized since 1946
293	1339026	TZ	G	rukwa.go.tz	A B C arable land has been under maize production with an average production of 2.5 tones per Ha . Maize is both a major food staple and the most inportant marketed crop in
294	1339026	TZ	G	rukwa.go.tz	A B C production, undertaken by both small holders and parastatal organisations. The average yields per Ha . for the past five years (1990/95) has been 3.0 tons. Table
295	1340835	TZ	G	tanzania.go.tz	A B C . It is rainfed agriculture. Food crop production dominates the agriculture economy 5.1 million ha . are cultivated annually, of which 85 percent is under food crops. Women
296	1339034	TZ	G	rukwa.go.tz	A B C particularly in Kyela, Rungwe, Ileje and Mbeya Rural. An average of 25,000 Ha . are under banana crop in the Region. Production level is at 185,000 tons
297	1313853	TZ	G	ericfan.freevar.com	A B C involved again with his college sweetheart and wants a divorce. And Stephanie agreed ( Ha Ha Ha what a joke) to give him one. # A very happy
298	3837933	TZ	B	...dynjeje.blogspot.com	A B C vine is in Sierra Madre, California, measuring more than 1 acre (0.40 ha ) in size and weighing 250 tons.Wisteria is part of the Leguminosae family, and
299	1332162	TZ	G	ippmedia.com	A B C new commercial tea plantation, a farmer would need to at least have USD2400 per ha equivalent to 3.84m/-. " It is costly to launch a replanting programme, especially
300	1344097	TZ	G	travelblog.org	A B C the bright side of everything. You sure looked good with your new man ( ha ha ha) try and find someone who has some money okay or a least
301	1332802	TZ	G	jamiiforums.com	A B C in 1948. Re: Video: The Palestinian Wall of Lies # Ha ha ha, so, you don't even know why I asked about Ethiopia?
302	1854461	TZ	G	cap2hat.com	A B C poem is born, the necessity regrets that yesterday in a hurry left, ha ha ! The good poem is to float one big white, bearer, last wine
303	1339034	TZ	G	rukwa.go.tz	A B C well in Mbeya region and it is planted in an area almost covering about 2,500 Ha . of land. It's roduction however, has continued to decline over the
304	3839120	TZ	B	triar42.freevar.com	A B C the to come bair conditioningk himand who informed meand regarding his halong with in the ha grealong withdand thalong with ugg shoes or trunks wwhen the owner from the Due Torre
305	1854461	TZ	G	cap2hat.com	A B C good poem is born, the necessity regrets that yesterday in a hurry left, ha ha! The good poem is to float one big white, bearer, last
306	1331890	TZ	G	ippmedia.com	A B C ha. # In the current season, KPL also introduced overhead irrigation on 40 ha to provide supplementary water to the rain-fed crop. In July of this year,
307	1334364	TZ	G	lonelyplanet.com	A B C the most beautiful place on earth. # I was shocked when i heard that Ha Long Bay was eliminated.You know, it's such a great paradise that you have
308	1323951	TZ	G	andbeyondafrica.com	A B C we go and freshen up first. I thought maybe I needed it (ha ha ), but it was a surprise... when we entered our room our bath
309	1333433	TZ	G	kamusi.org	A B C # Sikufua. I didn't wash (and that's that). # HA WA JA IMB A They have not sung. # HA TU JA JARIBU We
310	1334237	TZ	G	lindi.go.tz	A B C described earlier. Designated forest reserves in Kilwa district cover a total area of 207,590 Ha . This is 15 percent of the districts total land. Out of this 15,410
311	3658684	TZ	B	pernille.typepad.com	A B C possible to enable me conclude my job. TrackBack Comments # HA HA HA HA HA HA HA HA...! # Subject # SPAM 05.4 Tanzaniams-mail.dk LAST INHERITANCE
312	1322651	TZ	G	africa.ufl.edu	A B C inhabitants per sq. km in 2015, with average farms of less than 1 ha on which 8-12 people must live. " Population projections for Burundi and eastern Zaire
313	1338322	TZ	G	...kiwildlifesafari.com	A B C and many go back to the 1930's and 1950's. Presently about 33,000 ha is within the forest reserves. This means that about 12,000 ha of forest is
314	1339026	TZ	G	rukwa.go.tz	A B C particularly in Kyela, Rungwe, Ileje and Mbeya Rural. An average of 25,000 Ha . are under banana crop in the Region. Production level is at 185,000 tons
315	1339026	TZ	G	rukwa.go.tz	A B C the main food surplus regions in Tanzania. The region has an area of 6,362,200 Ha . of which 3,960,000 Ha. are suitable for agriculture and livestock keeping. However
316	1316412	TZ	G	...talklandtanzania.com	A B C prospectus as three " abandoned refugee camps ": Lugufu in Kigoma province (25,000 ha ) as said earlier in this site and Katumba (80,317 ha) and Mishamo
317	1344065	TZ	G	travelblog.org	A B C to youth and gets them engaged in topics related to improving their lives. Femina ha ...
318	3659310	TZ	B	sekenke.com	A B C Appoint Aaron to Prophet hood. " On the other hand, in Surah Ta Ha , he says, " Appoint for me a counselor from my family- (Iet
319	1324207	TZ	G	arushatimes.co.tz	A B C central government has set aside 34,335 ha while the District council has set aside 180 ha of forest areas. Village governments own 3621 ha of forests. # Lushoto District
320	1318394	TZ	G	...ository.habari.co.tz	A B C the people he had met, the villages where he had been, the prescriptions ha had written, and, well pleased with himself, he finished the remainder of
321	1317112	TZ	G	...ireport.blogspot.com	A B C glorious, as though it's that easy to shame weevil-doers into better behavior. Ha ! I mean, I get the point of aspirational messaging etc... but,
322	1331890	TZ	G	ippmedia.com	A B C . After dry season trials in 2011 and 2012, KPL plans to build 4,000 ha of overhead irrigation. # Q: How is your firm faring in terms of
323	1331890	TZ	G	ippmedia.com	A B C rice cropping trial. It is anticipated that over time yields of 7 tons per ha can be achieved with irrigation. In addition, irrigation will allow KPL to have
324	1854462	TZ	G	cap2hat.com	A B C slowly opens eyes, sees Ba Di just and smilingly hope oneself. " Ha ha , kid, the grade had to promote now? " Expect Di to smile
325	1344489	TZ	G	tz.undp.org	A B C from 46 per cent in 2005. The rate of deforestation is estimated at 412,000 ha per annum. A total of 17,449 square kilometres has been designated as protected areas
326	1326779	TZ	G	...issertationtopic.net	A B C , Yuyao, Deqing, Yuhang four representative rice area, 59 94kg P / ha average annual phosphorus The measures resulted in four rice area soil rich phosphide tendency has
327	1328869	TZ	G	fao.org	A B C schemes on the lowland for paddies. # Improved traditional irrigation schemes (25 511 ha ): these are traditional irrigation schemes on which, at some stage, there
328	1339027	TZ	G	rukwa.go.tz	A B C well in Mbeya region and it is planted in an area almost covering about 2,500 Ha . of land. It's roduction however, has continued to decline over the
329	3666874	TZ	B	travelblog.org	A B C a little koala bear he would trade. Little did he know I did, ha ! So I go back to the # car, get said koala and he
330	1340894	TZ	G	tanzania.go.tz	A B C and mahogany. There are also plantation forests covering an area of 250,000 - 300,000 ha . consisting of Pinus, Cupressus or Eucalyptus and Wattle. The principal development objective
331	1344755	TZ	G	un.org	A B C from rivers and aquifers is sparse and unreliable. It is estimated that some 150,000 ha are under irrigation by small holder farmers, using " run of the river "
332	3665202	TZ	B	msewetravel.com	A B C less than 10 miles south-west of Zanzibar town, Chumbe (area: ca. 20 ha ) harbours a rich coral environment and has recently been declared a reserved area.
333	1344755	TZ	G	un.org	A B C from 44,300,000 ha or 50% of total land area in 1938 to 33, 096,000 ha or 43% of total land area in 1987. Currently forests are estimated to cover
334	3666962	TZ	B	tzaffairs.org	A B C operation of Chongqing Sino-Tanzania Agriculture Development Company, the project covers an area of 62 ha -- Guardian # Telecommunications The fast spread of mobile telephones in Tanzania is being followed
335	1345137	TZ	G	unsystem.org	A B C s output is generated by these smallholder, with an average farm size of 2.0 ha . The majority of the remaining 20 percent is derived from large scale, until
336	1333433	TZ	G	kamusi.org	A B C nge # imb # a # Wasingeimba # If they wouldn't sing... # ha # wa # nge # imb # a # Hawangeimba # If they wouldn't
337	3656935	TZ	B	...appentz.blogspot.com	A B C emissions of carbon dioxide directly caused by human activities. A country lost about 412,000 ha per annum of the forests due to deforestation. In terms of degradation it is
338	3666201	TZ	B	sporah.com	A B C out of it. # Do you believe in demon possessions? # Ha ha ha , I know were your going, # This is why most people take so
339	3652411	TZ	B	...scloset.blogspot.com	A B C vintage top total damage TZS 1600/= for both the skirt and top in perfect condition Ha ! my ring cost more than the whole outfit LOL. This blouse has a
340	1331890	TZ	G	ippmedia.com	A B C tons has been harvested off of 1,068 ha -- an average of 4 tons per ha . This is equivalent to 62 per cent above the season target of 2.5 tons
341	1340877	TZ	G	tanzania.go.tz	A B C . The company operates a total of 15 ranches with a land holding of 623,000 ha and stock holding capacity of 155,300 head. Private Commercial ranching exists in different regions
342	1314996	TZ	G	kaozab.blogspot.com	A B C play a sport, go for a run. It doesn't have to be ha to reduce stress. Just move. Have fun doing it. # 4.
343	1323518	TZ	G	agriculture.go.tz	A B C who cultivate between 0.2 ha. and 2.0 ha. with an average of 1.2 ha . per capita per annum. In most regions, there is room for increasing
344	1328502	TZ	G	esrftz.org	A B C to invest in irrigated farming, with more low cost micro-schemes serving less than 50 ha , which are easy to manage by farmers and local authorities can assist without relying
345	1331914	TZ	G	ippmedia.com	A B C of Kigoma. # Lugufu has a total of 15,000 ha out of which 10,000 ha have been reserved for the investor while 5,000 ha have been reserved for the newly
346	3662345	TZ	B	bongocelebrity.com	A B C it well... lemme look for another juicy word and will get back to that ha ha ha! # You know; when Maria Sarungi (the National Director for
347	1332802	TZ	G	jamiiforums.com	A B C 1948. Re: Video: The Palestinian Wall of Lies # Ha ha ha , so, you don't even know why I asked about Ethiopia? Why
348	1329646	TZ	G	futurepolicy.org	A B C per cent of the country's territory), and of that, almost 532,000 ha are under forest conservation contracts, where the landowners receives direct payments for forest conservation
349	1342270	TZ	G	thecitizen.co.tz	A B C couple of days, it becomes worrisome, " he says. # Ha! Ha ! Ha! What a lie, you tell yourself! This fellow must be
350	1327708	TZ	G	...ernafricajesuits.org	A B C would say it was " the real real consolation ". Ha! Ha! Ha ! no human being under the earth has enough words to express this happiness.
351	1854465	TZ	G	cap2hat.com	A B C song has to be more shameless. " Slice, nflhigh.com. " " Ha ha , Discount NFL Jerseys, the Xiao is true shameless. " " This sentence
352	3665773	TZ	B	...ersforprosperity.org	A B C heart Xiaomei Su Hao, his face is a little excited, I hit a ha , Not too optimisticabout the economy 2012/11/3 daily economic news Chinese economy has stabilizedPoly Real
353	1854463	TZ	G	cap2hat.com	A B C to is affirmative and then isn't an opponent, Jordan Basketball Shoes! " Ha ha, this Qin, Cheap Pure Black Air Jordan Blase Mid Shoes, Mr.
354	1333433	TZ	G	kamusi.org	A B C # wa # na # imb # a # Wanaimba # They are singing # ha # wa # ta # imb # a # Hawataimba # They will not sing
355	1341859	TZ	G	thecitizen.co.tz	A B C agricultural investment-related deals is about 550,402 hectares. This is out of over 4 million ha requested by the investors. Official data, however, indicate that only about 70,000
356	1322495	TZ	G	africa-ata.org	A B C most famous are the remains of the Antonine Antoine Thermal Baths, covering 3 1/2 ha (8.6 ac). The third largest and the most imposing in the Roman
357	1328869	TZ	G	fao.org	A B C irrigation is 184 330, of which 183 988 ha in mainland Tanzania and 342 ha in Zanzibar (Table 4). The NIMP had inventoried 1 428 irrigation schemes
358	1854462	TZ	G	cap2hat.com	A B C Feng slowly opens eyes, sees Ba Di just and smilingly hope oneself. " Ha ha, kid, the grade had to promote now? " Expect Di to
359	1854456	TZ	G	cap2hat.com	A B C , of so choose king still book, lie in...... that is a...... ha ha ha...... you not is want to press my younger brother? Lao Tze
360	1339034	TZ	G	rukwa.go.tz	A B C in Tanzania. The region has an area of 6,362,200 Ha. of which 3,960,000 Ha . are suitable for agriculture and livestock keeping. However, only an average of
361	1310675	TZ	G	accfp.org	A B C estimated area of about 11 m ha worldwide with Eastern and Southern Africa growing 0.4m ha . It is an important source of protein for the rural poor who can't
362	1335672	TZ	G	msewetour.com	A B C less than 10 miles south-west of Zanzibar town, Chumbe (area: ca. 20 ha ) harbours a rich coral environment and has recently been declared a reserved area.
363	1342270	TZ	G	thecitizen.co.tz	A B C clout, no wonder that the corrupt in Bongo are fearful of your pen. Ha ! From what he's saying, you're certain he doesn't even read
364	1331890	TZ	G	ippmedia.com	A B C to have 2 rice crops per year instead of one. Ultimately, with 4,000 ha of irrigation, KPL hopes to produce 53,000 tons of paddy annually. # Q
365	1339026	TZ	G	rukwa.go.tz	A B C pulses in Mbeya Region. For the past five years, an average of 30,000 Ha . have been under beans production, with an average yield of about 18,000 tons
366	1854457	TZ	G	cap2hat.com	A B C already moved to go out in a sudden. " Indeed as expected right, ha ha...... " Yang Fa Biao's lookinging at oneself to be placed in a
367	3662345	TZ	B	bongocelebrity.com	A B C a translator work with you. What is your opinion? # HD: Ha ha ha ha: If I am able to speak English then I think it's
368	3661789	TZ	B	wiomsa.net	A B C for countries interested in Carbon trading. The Western Indian Ocean has an estimated 1.1million ha of mangroves. # Mangrove Research Program of KMFRI is committed to enhancing mangrove productivity
369	3664251	TZ	B	jamiiforums.com	A B C moja, mbili, tatu... mayai ya kichina hayooo! nani anakula? # Ha ha!! I was going to say they must be d*** expensive only to
370	3662558	TZ	B	cap2hat.com	A B C Nike NFL Jerseys for Sale. " Method Mao light way. " Disguise? Ha ha, Discount NFL Jerseys China, you say did the camouflage disguise? "
371	3658684	TZ	B	pernille.typepad.com	A B C my job. TrackBack Comments # HA HA HA HA HA HA HA HA ...! # Subject # SPAM 05.4 Tanzaniams-mail.dk LAST INHERITANCE NOTIFICATION!!! #
372	3662345	TZ	B	bongocelebrity.com	A B C I am a Go-GETTER. I get what I want and when I want it ha ha ha ha ha, surprised huh? But that's me! # I
373	1322567	TZ	G	africa-ata.org	A B C the south of the country, just north of Maputo, the resort spans 1,000 ha and encompasses 18km Sao Martinho Lagoon, nature reserve and turtle breeding area. The
374	1335825	TZ	G	mwanza.go.tz	A B C coffee for the past five years. Average production of 0.4 tons of coffee per Ha . has been the trend compared with maximum yield of 1.0 ton/Ha. while the average
375	1318544	TZ	G	safariweb.com	A B C women produce excellent handicrafts. # In an area of forest and bush live the Ha who retain a deep belief in the mystical. They live in relative solitude with
376	1854465	TZ	G	cap2hat.com	A B C Europe pulls: " Is unprecedented like, NFL Jerseys Of China! " " Ha ha, Wholesale NFL Jerseys. that good.a short while once had a meal,
377	1314011	TZ	G	firyh25.freevar.com	A B C for fear a freed cowered still lower in their hiding-plhingf truthsets; on the other ha freed two little ones chaudio-videoe always be particularlyene da freecing over the wood; reingity
378	1854464	TZ	G	cap2hat.com	A B C of the friend dishonesty of male and panting to say: " Xi Xi...... ha ha...... I didn't dare, didn't dare still don't is all
379	1334237	TZ	G	lindi.go.tz	A B C Indian Ocean. The total district area is 13, 347.50 squire Kilometers (1,334,750 ha ) of which 12, 125.9 squire kilometers is surface land and 1,221.52 squire kilometers
380	1313194	TZ	G	dewjiblog.com	A B C New York-based HR &; A Advisors, will be required to implement on a 2,000 ha site. The IFC and World Bank carried out the tendering process for this hotly-contested
381	1344755	TZ	G	un.org	A B C which has potentially for irrigation in Tanzania is large, possibly as much as 900,000 ha . # Challenges # The Ministry of Agriculture, with assistance from the United Nations
382	1854462	TZ	G	cap2hat.com	A B C is be disgraced to see the Lou descending.Qiu general.Or you leave! " " Ha ha , since brothers horse said so, that I Qiu teacher the benefit is not
383	1339026	TZ	G	rukwa.go.tz	A B C Mbeya region especially in Mbeya, Mbozi, Rungwe and Ileje districts. About 4,000 Ha . have been under coffee for the past five years. Average production of 0.4
384	3666792	TZ	B	travelblog.org	A B C Jeannie and an armed guard as passengers. Incidentally, Cheryl (and Jeannie, ha , ha) are both back-up riders in case either John and/or Rob can't
385	3839343	TZ	B	...amandjamiegreene.com	A B C if not more so. Good thing we got all that shopping time in! ha . # We started heading home. Neither of the girls was from Xiangyang and
386	1854456	TZ	G	cap2hat.com	A B C can embody the value of this vegetables like this be not. " " Ha ha , nfl-benefit.com, still the lower classwoman thinks week way, Cheap NFL Jerseys.
387	1344073	TZ	G	travelblog.org	A B C to youth and gets them engaged in topics related to improving their lives. Femina ha ...
388	3658684	TZ	B	pernille.typepad.com	A B C to enable me conclude my job. TrackBack Comments # HA HA HA HA HA HA HA HA...! # Subject # SPAM 05.4 Tanzaniams-mail.dk LAST INHERITANCE NOTIFICATION
389	3658683	TZ	B	pernille.typepad.com	A B C ##3658684 October 05, 2009 HA HA HA HA HA HA HA HA...! # Subject # SPAM 05.4 Tanzaniams-mail.dk LAST INHERITANCE
390	1346582	TZ	G	zanzinet.org	A B C it is usually found near water sources. Lifelong pairs protect a territory of 3 ha in which they raise one fawn per year under favourable conditions. # Zanzibar Leopard
391	3655127	TZ	B	htsfggf.freevar.com	A B C your smiling fgenius of Providence; eachd more hymns. Lord bless me. yes.! ha ssupplement Trincorporhcraigslist adles -- haby the Reverend Horgenius -- to Sophy -- down in Devonshire
392	1339034	TZ	G	rukwa.go.tz	A B C crop in Kyela and Rungwe Districts. The area under Cocoa has increased from 5,022 Ha . in 1990/91 to 5,790 Ha. in 1994/95. However, production per unit
393	1342270	TZ	G	thecitizen.co.tz	A B C days, it becomes worrisome, " he says. # Ha! Ha! Ha ! What a lie, you tell yourself! This fellow must be gunning for
394	1328573	TZ	G	...ingexceptthehorn.com	A B C next week Wednesday. What am I going to wear??!!! Ha ha. # Once in Nairobi I met up with my previous acquaintances and now
395	1856216	TZ	G	karamagifts.com	A B C CNN was coming later today to interview Jane about her experience with fistula "... Ha , no big deal. Thrilled to know, though, that such a large
396	1315247	TZ	G	...yeye.jibostudios.com	A B C foot and I was Cinderella... and I said,' Oh, ha, ha , it doesn't fit because you are not the prince, " Fergie added
397	1333433	TZ	G	kamusi.org	A B C that). # HA WA JA IMB A They have not sung. # HA TU JA JARIBU We have not tried. # SI JA L A I have
398	1313609	TZ	G	...coastboxerrescue.com	A B C do like to give her the run-around first before she leads me in there, ha ha! Nothing like making her work for it. # I'm now allowed
399	3666853	TZ	B	travelblog.org	A B C on that. Jeez Louise, is this what growing up is??? Ha . In honesty though, much as I LOVE a glass of wine, I
400	3666806	TZ	B	travelblog.org	A B C . # There weren't supposed to be any standing passengers on this bus ( HA !), but right next to us was a Maasai mother and her daughter
401	1854456	TZ	G	cap2hat.com	A B C clearly up, then start a facing home rushing through, Rugby Jerseys. " Ha ha, I know, www.new-nfl-us.com/, father affirms the meaning, father that can
402	1332239	TZ	G	ippmedia.com	A B C . Others are reeds, gourds and pots. # Tanzania has about 33.5 million ha of scattered forests and woodlands that are ideal for developing beekeeping industry
403	1332802	TZ	G	jamiiforums.com	A B C created in 1948. Re: Video: The Palestinian Wall of Lies # Ha ha ha, so, you don't even know why I asked about Ethiopia
404	1328869	TZ	G	fao.org	A B C 1.5 million ha during recent years, followed by paddy with more than 0.5 million ha over recent years. The main agricultural products exported by the United Republic of Tanzania
405	1317158	TZ	G	...ireport.blogspot.com	A B C glorious, as though it's that easy to shame weevil-doers into better behavior. Ha ! I mean, I get the point of aspirational messaging etc... but,
406	1344309	TZ	G	trekking.net	A B C Day 8: Bac Ha - Hanoi # Visit the big market of Bac Ha . You can not resist those Vietnamese markets. A 4 hour hike will follow
407	3653693	TZ	B	...eativegeneralist.com	A B C In your view, what is complexity? What is complex dynamical phenomena? # Ha . This is difficult. I think " complex " is best understood in comparison
408	1317153	TZ	G	...ireport.blogspot.com	A B C I shall change the country named in the offending phrase. Deal? # Ha ha ... ok, you got me there. Deal. We have our presidential poll
409	3659310	TZ	B	sekenke.com	A B C 4: 1-13). For further details, see E.N. 19 of Ta Ha . # *11 The allusion is to the incident of Prophet Moses' giving a
410	3656312	TZ	B	...saworld.blogspot.com	A B C three hundred and ninety three in all and sent them home. all of them ha ha ha ha
411	1854465	TZ	G	cap2hat.com	A B C contain the slightest the voice of emotion and slowly spread from its. " Ha ha , medicine Dan the clan is long, Tuo's giving up ancient emperor jade
412	1344309	TZ	G	trekking.net	A B C (with 4 participants) for all travels # Travel by night train from Bac Ha to Hanoi # Kayaking in the bays of the Halong Bay # Two bicycle tours
413	1344755	TZ	G	un.org	A B C within the major river basins such as the Pangani and Rufiji. Nationally approximately 150,000 ha are under irrigation. Irrigated areas are usually small scale projects with predominant crops of
414	1339026	TZ	G	rukwa.go.tz	A B C is the second important cereal crop grown in Mbeya region. An average of 35,000 Ha . are under paddy production, undertaken by both small holders and parastatal organisations.
415	3657446	TZ	B	...kentobi.blogspot.com	A B C ? om an establi? h? d blog.?? it ve?? ha ? d to s? t up you? own
416	1318188	TZ	G	placeblip.com	A B C And we complain of cattle on our roads. What a comparison! Ha Ha Ha !!!!!!! Congratulations, Toronto. You've made
417	1328869	TZ	G	fao.org	A B C the total area is covered by small schemes with an area of less than 50 ha each, while 58 percent is covered by schemes of over 500 ha each (
418	1854036	TZ	G	agdevco.com	A B C the land preparation. # RDI is currently trialling three avocado varieties and has 22 ha of litchi planted. In September 2012 and once $200,000 grant funding has been secured
419	1319503	TZ	G	...ili.wunderground.com	A B C that now. Thanks God, you are benevolent to usYeah, anyway:noi that minh ha - sofa phong khach # A mixed day, just a sad day. Still
420	1340416	TZ	G	suanet.ac.tz	A B C : - # SUA Training Forest - Olmotonyi This is a plantation forest covering 840 ha located in Olmotonyi, Arusha. This forest is used for provision of practical skills
421	3657435	TZ	B	...kentobi.blogspot.com	A B C requ?? e a g? e? t deal of work?? ha ? e v? rtu? lly no understand? ng of coding howe?
422	1341290	TZ	G	tatedo.org	A B C twenty six (25) are included in the project covering an area of 338.11 Ha . # These ngitilis are demarcated, mapped, carbon and socio economic baselines established
423	1323980	TZ	G	anewhaiti.net	A B C playfield, etc. (20%) 14 ha Open Space Cells (13%) 9 ha Net Residential Land (51%) 35.5 ha Breakdown of Residential Types Apartments (20%
424	1855415	TZ	G	giahs.org	A B C are involved in flower picking through to traditional tilling, on the over 3 200 ha dedicated to the legendary saffron crop cultivation in Pampore. In Kashmir, over 17
425	1340314	TZ	G	sporah.com	A B C the chick one and the one with Red dress is the Diva herself. Ha ha ha can't wait
426	3658774	TZ	B	pro-24.blogspot.com	A B C to join the celebrity ranks are Lisa Marie Presley's baby girls. Finley and Ha per are the first children born to Lisa Marie and her husband, Michael Lockwood
427	1335091	TZ	G	mbweni.com	A B C pingpong ball. # Bushbabies are matriarchal, the females defending a territory of 2-5 ha , and the males ranging about. They may breed twice a year (in
428	1339034	TZ	G	rukwa.go.tz	A B C year. By the year 2000, oilseeds production is expected to expand to 12,000 Ha . Food production in Mbeya region has to a large extent been also supplemented by
429	1327708	TZ	G	...ernafricajesuits.org	A B C ? Ignatius of Loyola would say it was " the real real consolation ". Ha ! Ha! Ha! no human being under the earth has enough words to
430	1324399	TZ	G	bagamoyo.com	A B C , copper, gunpowder, ivory and rhino horn. He gave the mission 20,000 ha of grounds and a three-storey school for multi-racial education (Africans and Asians) in
431	1344755	TZ	G	un.org	A B C and sugar cane. The development potential for irrigation is large, with almost 900,000 ha being suitable. Over 50% of this total is in the Rufiji River Basin,
432	1323129	TZ	G	...arisdestinations.com	A B C , your vehicle may get stuck in the mud -- but our balloon won't Ha ha ha ha!). # Are there any restrictions? We do not
433	1323518	TZ	G	agriculture.go.tz	A B C food and cash crops are predominantly produced by small scale farmers who cultivate between 0.2 ha . and 2.0 ha. with an average of 1.2 ha. per capita per
434	1331890	TZ	G	ippmedia.com	A B C to prepare for the first rice crop. It therefore first equipment and re-cleared 2685 ha . The heavy rains which followed flooded the entire farm making us to plant only
435	3666792	TZ	B	travelblog.org	A B C an armed guard as passengers. Incidentally, Cheryl (and Jeannie, ha, ha ) are both back-up riders in case either John and/or Rob can't complete the
436	1317717	TZ	G	nindk2.freevar.com	A B C surely not forever --. Everyone knows thusing- NIKE FREE should think- " slend a ha goodd the previous ma good. For you she sought to get together the thusing
437	1332267	TZ	G	ippmedia.com	A B C land to cultivate jatropha in 2006. However, it just managed to get 34,000 ha only which is less than a half of what Bio-Shape Tanzania Limited, a subsidiary
438	1310675	TZ	G	accfp.org	A B C in developing countries. It is produced under an estimated area of about 11 m ha worldwide with Eastern and Southern Africa growing 0.4m ha. It is an important source
439	1333428	TZ	G	kamusi.org	A B C H + A) # The plural subject prefixes are made negative simply by prefixing HA : # HATU # from HA + TU # HAM # from HA + M
440	1317717	TZ	G	nindk2.freevar.com	A B C inside the moneynowblocks. Weill haudio-videoe one last tisk together- " Nike LeBron slend a ha goodd- a goodd pla goodned thusing we should meet for just a hisf just ismost
441	1339034	TZ	G	rukwa.go.tz	A B C . The area under Cocoa has increased from 5,022 Ha. in 1990/91 to 5,790 Ha . in 1994/95. However, production per unit still remains low - at 0.6
442	1851465	TZ	G	anentureafrique.com	A B C luxuriant and stylish with undertones of the bygone days. # MOUNTAIN VILLAGE # Arus ha Mountain Village Located on a working coffee plantation at the foot of Mount Meru,
443	1335825	TZ	G	mwanza.go.tz	A B C in Mbeya region is increasingly becoming important. For the past five years about 8,000 Ha . have been under oil seeds production each year. By the year 2000,
444	1332101	TZ	G	ippmedia.com	A B C is a big loss as my scheme administers more than 1,400 farmers with about 160 ha . " # Muyinya criticised government and business authorities for not taking serious measures to
445	1339027	TZ	G	rukwa.go.tz	A B C crop in Kyela and Rungwe Districts. The area under Cocoa has increased from 5,022 Ha . in 1990/91 to 5,790 Ha. in 1994/95. However, production per unit
446	3656312	TZ	B	...saworld.blogspot.com	A B C ninety three in all and sent them home. all of them ha ha ha ha
447	1324063	TZ	G	...hitectsam.taseta.org	A B C atleast we can move from one point to another with shorts... ha ha ha ha 4 commentaires: # Sam why do you think that Tanzanians are all of
448	1345137	TZ	G	unsystem.org	A B C size of holdings among all rural agricultural households was 0.7 hectares as compared to 1.8 ha of available arable land per population at that time assuming a population of 22 million
449	1339034	TZ	G	rukwa.go.tz	A B C coffee for the past five years. Average production of 0.4 tons of coffee per Ha . has been the trend compared with maximum yield of 1.0 ton/Ha. while the average
450	1339026	TZ	G	rukwa.go.tz	A B C with an average yield of about 18,000 tons per annum (approximately 0.6 tons per Ha .) As seen from Table XXI beans production between 1990/91 and 1994/95 increased tremendously
451	1345137	TZ	G	unsystem.org	A B C the population was estimated at about 23.0 million. The area under irrigation is 144,000 ha of which 26,000 ha are? modern? and the remainder is traditional mainly for
452	3652406	TZ	B	...scloset.blogspot.com	A B C I need that because I am really lazy naturally just ask my mother ha ha ha ! owkeeey so last Friday... ya'll know Friday we do a casual but
453	1331890	TZ	G	ippmedia.com	A B C the 2009/10 season with yields of 3,895 tons of paddy or about 1.33 tons per ha , but the farm was still 20 per cent below its target. # In
454	1325708	TZ	G	cic-wildlife.org	A B C of Hunters # Population Density # Ratio to Population # Hunting Area per hunter ( ha ) # Finland # 300,000 # 15 # 1:17 # 105 # France # 1,650,000
455	3658684	TZ	B	pernille.typepad.com	A B C me conclude my job. TrackBack Comments # HA HA HA HA HA HA HA HA...! # Subject # SPAM 05.4 Tanzaniams-mail.dk LAST INHERITANCE NOTIFICATION!!
456	1331890	TZ	G	ippmedia.com	A B C the season target of 2.5 tons per ha. # At least 4 tons per ha is considered the maximum average achievable over a large-scale rain-fed farm. Blocks of 25
457	1339026	TZ	G	rukwa.go.tz	A B C few areas of Mbeya (Madibira). The crop covers an area of 5,500 Ha . with annual average production of 6,000 tons. Table XXIII shows production of cotton
458	1339026	TZ	G	rukwa.go.tz	A B C year. By the year 2000, oilseeds production is expected to expand to 12,000 Ha . Food production in Mbeya region has to a large extent been also supplemented by
459	1322651	TZ	G	africa.ufl.edu	A B C scenario within the next 25 years. " Present populations average 600 people per usable ha , with average rural population density set to increase to c. 1000-1500 inhabitants per sq
460	3655705	TZ	B	...elelejr.blogspot.com	A B C Island mostly lost hundreds of people in the great Indian ocean. The incident that ha # ppened last year on 10th of September, when the Spice Islander sank and
461	1341290	TZ	G	tatedo.org	A B C contributes to deforestation and forest degradation, the estimated forested land loss is about 450,000 ha per annum. The generated story is about one village named Mwamadilanha which is among
462	1317153	TZ	G	...ireport.blogspot.com	A B C means I shall change the country named in the offending phrase. Deal? # Ha ha... ok, you got me there. Deal. We have our presidential
463	3662345	TZ	B	bongocelebrity.com	A B C and almost everyone stood up, hands up and screamed HELLEN!!!! Ha ha ha I almost ran off the stage. It was Amazing! # BC
464	1853104	TZ	G	...ili.wunderground.com	A B C ##1853105 # HA ! That is funny..... Yeah, I would say they are taking over.
465	1339034	TZ	G	rukwa.go.tz	A B C with an average yield of about 18,000 tons per annum (approximately 0.6 tons per Ha .) As seen from Table XXI beans production between 1990/91 and 1994/95 increased tremendously
466	3656241	TZ	B	...-affairs.typepad.com	A B C a company in Congo, a palm oil producer, with an option on 100,000 ha of arable land, which was worth considering. The company promised high average returns
467	3662345	TZ	B	bongocelebrity.com	A B C well... lemme look for another juicy word and will get back to that ha ha ha! # You know; when Maria Sarungi (the National Director for Miss
468	1344097	TZ	G	travelblog.org	A B C side of everything. You sure looked good with your new man (ha ha ha ) try and find someone who has some money okay or a least land.
469	1325808	TZ	G	...ilizationsfuture.com	A B C 92P1) (94K1)), and assuming a family of five occupies 2 ha . of land before abandoning it, suggests that 25 million people in Option (
470	1336700	TZ	G	ntz.info	A B C colourful, bustling, commercial centre. The majority of the population is from the Ha tribe, although Arab influence is seen in the architecture. Structures bear a strong
471	1316228	TZ	G	...-affairs.typepad.com	A B C . A report from last year found that in five African countries almost 2,5 million ha of land had been allocated between 2004-9 in large-scale allocations, all measuring more than
472	1322541	TZ	G	africa-ata.org	A B C Park. A natural extension of Niokolokoba on the Senegalese border, the (38.200 ha ) park is located in Koundara Prefecture, and wildlife is abundant in this area
473	3660899	TZ	B	toends56.freevar.com	A B C I who do not haudio-videoe deserted you; who never WILL desert you Micawber! ha haMy loveha sguide Mr. My hair roughly sta particulards on my headvertising now as ugg
474	1339027	TZ	G	rukwa.go.tz	A B C year. By the year 2000, oilseeds production is expected to expand to 12,000 Ha . Food production in Mbeya region has to a large extent been also supplemented by
475	1344755	TZ	G	un.org	A B C Basin, where water allocation conflicts are already evident. In addition, some 80,000 ha are located in the Ruvu Basin, the current source of water for Dar es
476	1854465	TZ	G	cap2hat.com	A B C to add a body at the same time. " Xi Xi, www.nfl-unusual.com/, ha ha. " Condemn a voice in, suddenly spread the Xi laughter of Fan
477	1323129	TZ	G	...arisdestinations.com	A B C may get stuck in the mud -- but our balloon won't Ha ha ha ha !). # Are there any restrictions? We do not carry children under
478	1856003	TZ	G	ippmedia.com	A B C the previous year; Burkina Faso followed suit the same year -- and planted 115,000 ha of Bt cotton while Egypt planted almost 1,000 ha of Bt maize, both representing
479	1321812	TZ	G	wiomsa.net	A B C periods after removing cloud coverage. We estimated total mangrove coverage in 2010 at 45,590 ha representing a loss of 18% (0.7% yr1) in the 25 years between 1985
480	1322460	TZ	G	aecfafrica.org	A B C orchard at Africado, and began a pilot outgrower scheme. # Africado planted 90 ha orchard of clonal avocado trees on its own nucleus orchard and a diverse group of
481	3666765	TZ	B	travelblog.org	A B C to youth and gets them engaged in topics related to improving their lives. Femina ha ... full info
482	1333428	TZ	G	kamusi.org	A B C (paragraph 2. B). # The subject prefix must be preceded by HA when used in a negative verb construction. # Class # Subject Prefix # Object
483	1854462	TZ	G	cap2hat.com	A B C ! Promise orchid, did you finally also admit to is my wife? Ha ha ! Like, good, wait meeting The time that is free, I let
484	1332274	TZ	G	ippmedia.com	A B C urged to reduce the maximum land size of each bio-fuel developer from the proposed 20,000 ha to 10,000 ha and give investors conditions which would enable them deliver. # Speaking
485	1346576	TZ	G	zanzinet.org	A B C is found in the souther part of the forest covering an area of about 11 ha mainly planted with Callophyllum (Mtondoo). # Mangrove forests covering much of the
486	1334561	TZ	G	madrasahidaya.net	A B C and God is Greater, one hundred times, and: L? il? ha illa'll? hu wa h dahu l? shar? ka lahu, lahu'l-mulku
487	1339967	TZ	G	sido.go.tz	A B C region also boasts of good forestland covering about 2555 sq KM forest reserves covering 133.444 ha with a total annual wood capacity of about 2 million c u-meters. Theses forests
488	3658683	TZ	B	pernille.typepad.com	A B C ##3658684 October 05, 2009 HA HA HA HA HA HA HA HA...! # Subject # SPAM 05.4 Tanzaniams-mail.dk LAST
489	1329646	TZ	G	futurepolicy.org	A B C its inception in 1996, the PSA programme has covered an area of almost 600,000 ha (12 per cent of the country's territory), and of that,
490	1852854	TZ	G	...kreductionafrica.org	A B C staff the public and private sector in Senegal. # The university maintains a 240 ha , including a 30-ha experimental farm, which is located in the Valley and presents
491	1340314	TZ	G	sporah.com	A B C chick one and the one with Red dress is the Diva herself. Ha ha ha can't wait
492	3653119	TZ	B	...ilasiku.blogspot.com	A B C town clerk. I gave them 22 ha of land and they gave me 17 ha . Stupidity took over reasoning. If they owe me a public apology and if
493	3664273	TZ	B	jamiiforums.com	A B C consultant liver surgeon at Leicester Royal Infir mary. # He says he can remove ha a liver during surgery and it will grow to the size of a complete liver
494	1331890	TZ	G	ippmedia.com	A B C The heavy rains which followed flooded the entire farm making us to plant only 2013 ha . Only 1,983 tons of paddy were harvested, about 0.98 tons per ha,
495	1333433	TZ	G	kamusi.org	A B C prefix as the positive form. The difference is in the addition of the prefix HA before the subject prefix (or in substituting SI for NI in 1 st person
496	1323980	TZ	G	anewhaiti.net	A B C Total Area 316 ha Total Population 28,000 persons Gross Density 88.6 persons/ha Community Centre 38 ha Average Neighbourhood 69.5 ha Neighbourhood Dwelling Units 1,400 Population 7,000 Roads (11.7%) 8ha
497	1318225	TZ	G	pmc-ministries.com	A B C , starting with the largest are; Sukuma, Gogo, Haya, Nyamwezi, Ha , Makonde, Hehe, Nyakyusa, Luguru, Shambala, Turu, Bena,
498	1335825	TZ	G	mwanza.go.tz	A B C year. By the year 2000, oilseeds production is expected to expand to 12,000 Ha . Food production in Mbeya region has to a large extent been also supplemented by
499	3656312	TZ	B	...saworld.blogspot.com	A B C hundred and ninety three in all and sent them home. all of them ha ha ha ha
500	1344755	TZ	G	un.org	A B C small holder farmers, using " run of the river " techniques. Another 40,000 ha are located in large centrally managed schemes. The main crops produced in irrigated areas
