1	1227662	NG	G	...lywoodreinvented.com	A B C ... # ha ha ha ha ha ha ha ha ha ha!
2	1205392	NG	G	...jt.shutterchance.com	A B C a blurrist! Hee hee. Mal # Neil Tandy: Ha, bloody, ha Mal!! LOL. I am finding it a convenient way to get the
3	3866587	NG	B	punchng.com	A B C played for Nigeria. come-on nigerians, this guy is not a thief. # ha ! people are so wicked! when did disrespecting the dead become a fantasy?
4	3620329	NG	B	...okigbo.wordpress.com	A B C I hope I don't' die' of heart attack ooo. Ha ha ha ! # fake Christopher Okigbo, there was no need to lash Pa Ikhide like
5	3611798	NG	B	sunnewsonline.com	A B C stand the chance of earning better valued currencies. # Ha! Ha!! Ha !!! Funny talk. I'm pretty sure that some people are talking
6	1231952	NG	G	thisdaylive.com	A B C NDDC, have you been tempted to help yourself from the funds in anyway? Ha ! It may not be right for me to assess myself. It is for
7	1206646	NG	G	nigeriaworld.com	A B C it (power shift) encourages nepotism, tribalism, and corruption " Ha! Ha ! Ha! Who bred all the three? Meaning that the northern leaders are
8	1229339	NG	G	punchng.com	A B C the right to. Or who are those that will now use it? Ha ha ha, the truth can not be hidden anymore! All the trillions of this
9	1229339	NG	G	punchng.com	A B C right to. Or who are those that will now use it? Ha ha ha , the truth can not be hidden anymore! All the trillions of this country
10	1221155	NG	G	kanoonline.com	A B C (http: **33;2192;TOOLONG) has been written by the American Muslim scholar, Nuh Ha Mim Keller. # Further criticisms often leveled at Sufis is that they withdraw from
11	1213536	NG	G	bellanaija.com	A B C my sis is u.s based and so are most of her in-laws (unfortunately for ha lol.. sori sis). her in-laws have a calender and this year it
12	1200199	NG	G	bluechampions.com	A B C Michael October 17, 2012 at 5:27 pm - # Matt Clark, # Ha ha ha... you are putting us in the mood to watch football matches again.
13	1220168	NG	G	igboguide.org	A B C and Emeka # unu bu Mike na Emeka # you are Mike and Emeka # ha b Mike na Emeka # they are Mike and Emeka # The negative present tense
14	3610929	NG	B	...ur.shutterchance.com	A B C " bones running above their spine... thanks for looking it up..... peter # Ha ! That's the way to do it! You just have to hope for
15	1217286	NG	G	fao.org	A B C century, from 1972 to 1996 the government distributed a cumulative total of 2.56 million ha or 60 percent of the planned allocation of 4.3 million ha. # The government
16	1226554	NG	G	nigeriafilms.com	A B C people so jealous and worthless? The mistake has been done and also the correction ha been made, so why are you guys spoiling some one's name for nothing
17	1224833	NG	G	nairaland.com	A B C helmets, body armours just like that without any battle or peace keeping operation, ha ! -not done like that, All military in the world are indiscpline no army
18	1217238	NG	G	fao.org	A B C from 3 to 5 million ha) and an average yield of 30 tonnes per ha . # Research institutes, such as IFPRI and FAO suggest a more conservative production
19	1229435	NG	G	punchng.com	A B C clear we simply go back with the villagers and buisiness continues as usual. ha ha ha ha Ha # July 7th attack: Bokoharam claimed responsility. The leader of
20	1209877	NG	G	tribune.com.ng	A B C flooded area was 1.4 million ha. The estimated area for crop loss was 467,000 ha . " We must have a sense of proportion. Nigeria's total cultivated area
21	1217238	NG	G	fao.org	A B C a function of area and yield, this target requires an expansion of 2 million ha of land (from 3 to 5 million ha) and an average yield of
22	1230788	NG	G	...gerianpeoplelike.com	A B C . Be sure to ask how much first because they will cheeeeeat you! " Ha ! Na 50 naira oh! I no say where you get 20 from!
23	3607776	NG	B	igbocybershrine.com	A B C today ". So I laugh at ignoramuses who fail to discern that Amadi? ha is universal; that as Amadi? ha was beginning, is now
24	3866980	NG	B	...wnhallconnection.com	A B C being handed over to the woman exclusively* (Why not the groom??) ha ha ha... For many couples, The Traditional marriage is usually fixed for Wednesday
25	1217285	NG	G	fao.org	A B C ha, comprising 238 117 ha of full or partial control irrigation and 55 000 ha of equipped lowlands, i.e. improved fadamas. About 75 percent, or 218 840
26	1207563	NG	G	passcomms.com	A B C working in tandem, on each end of the link. # These LANd ( ha ) speed records are all very impressive, but what's the point? Put
27	1227289	NG	G	...riavillagesquare.com	A B C ? # Or what is with these recent topics?: D -- # Ha ha ha ha mating season in Valteenaville I like that:razz:: D. You reckon Auspy:p:razz
28	1220568	NG	G	...formationnigeria.org	A B C to Old Testament texts throughout the book. For those first century believers of Yahushua ha Mashiach who were skilled in the Torah and knowledgeable in the Prophets and the Scriptures
29	1206249	NG	G	nigeriafilms.com	A B C 2 dump haself! He jst does nt want 2 hurt ha, he wants ha 2 go ha own will # peter my brother, i can not force
30	3606180	NG	B	dailypost.com.ng	A B C kin (??????), Mandrine??? ( Ha ca), Yu chu or? LAN (Tu ju lan). Ples
31	1223840	NG	G	nairaland.com	A B C TB insults... that is when you guys will get the real Protest. # Ha , you are very correct! If he doesn't defend Nzeogwu and ojuku justifying
32	1221259	NG	G	kitchenbutterfly.com	A B C a tiny " Made in India " mark placed on the bottom. Ha ha ha ! You're inspiring me to do a " Made in India " post,
33	1202582	NG	G	hgs.rccgnet.org	A B C lay prostrate on the road and one fellow came upon me there and he said ha daddy! What is your business? Who is daddy? When trouble comes,
34	1229658	NG	G	...ferenceinfluenza.com	A B C the 1918 Spanish flu virus.3 Likewise, the 1968 Hong Kong H3N2 virus acquired its HA and PB1 genes from an avian virus, but retained the NA and remaining five
35	1203671	NG	G	...daikeji.blogspot.com	A B C !! Poor you, u wish I was frustrated and single ha!! ha !! sorry to burst your bubble I am happily married and have been so
36	1208201	NG	G	saharareporters.com	A B C Allah said (Alif, Lam, Mim, Sad, Ra, Kaf, Ha , Ya, Ayn, Ta, Sin, Ha, Qaf, Nun.)
37	1204738	NG	G	...ypaper.wordpress.com	A B C are just blabbing.Oh! I see, you can not answer the question Ha! Ha !! Ha!!! There were other questions there too i would love
38	1222828	NG	G	...ynewhitmanwrites.com	A B C my research to find out, before it is too late. # Ha ha ha ! Wonders AKA' Ara' like Brymo's song. How I wish this
39	1229435	NG	G	punchng.com	A B C we simply go back with the villagers and buisiness continues as usual. ha ha ha ha Ha # July 7th attack: Bokoharam claimed responsility. The leader of fulani
40	1222835	NG	G	...ynewhitmanwrites.com	A B C , his conscience willl be his judge. # I just tire myself o, ha na wa! But I will say let's not be judgemental, let's
41	3618321	NG	B	omg.com.ng	A B C and realized that it was cut. Probably during the " great fall " # Ha ! Crap!!! # " Isn't anyone picking? Why are you
42	1208712	NG	G	sunnewsonline.com	A B C in peace or soonest in pieces. Ekwuchalam. # Ha! Ha!! Ha !!!......... The more I listen or read d Igbos response to Yoruba
43	1224833	NG	G	nairaland.com	A B C helmets, body armours just like that without any battle or peace keeping operation, ha ! -not done like that, All military in the world are indiscpline no army
44	1225228	NG	G	nairaland.com	A B C do things to SURPRISE God. Lol And Gawd will open is mouth and say HA !!!! Na Wa oh! Even him will say " God dey
45	1227662	NG	G	...lywoodreinvented.com	A B C own opinions. I respect yours... # ha ha ha ha ha ha ha ha ha ha!
46	1222890	NG	G	...ynewhitmanwrites.com	A B C you do not put it back, I already know your celebrity crush. Ha ha ha. I will say mine when the post is back. Hope I get
47	1217239	NG	G	fao.org	A B C The COSCA study found that the average yield was between 10 and 15 tonnes per ha in the six COSCA countries in the early 1990s. Therefore, one can safely
48	1217237	NG	G	fao.org	A B C annual model is that enterprises containing cassava require 2 ha of land rather than 1 ha of land, as do all other enterprises. The four scenarios are based around
49	1203679	NG	G	...daikeji.blogspot.com	A B C girls leave them for me (i got the pin code). Mu ha ha ha ha!!! # Well as for wen ever i tried going south
50	3866793	NG	B	thenakedconvos.com	A B C herself as she paid the okada man and began walking towards the building. # Ha , see my life. Me, Ibiyemi. I have become like this because
51	1217245	NG	G	fao.org	A B C ha) # (Million ha) # (Million ha) # (Tonnes/ ha ) # (Million ha) # (Million ha) # (Tonnes/ ha
52	1229435	NG	G	punchng.com	A B C simply go back with the villagers and buisiness continues as usual. ha ha ha ha Ha # July 7th attack: Bokoharam claimed responsility. The leader of fulani herdsmen
53	3619470	NG	B	thenakedconvos.com	A B C n't be attracted to MR NOT SOO FINE? " This statement shows a " Ha ! i don't want trouble " settling mentality. # You have already concluded
54	1217285	NG	G	fao.org	A B C lifting using 3.5-5.5 HP petrol motors driving small centrifugal pumps. Irrigated areas are 0.5-1.5 ha , and costs are between US$500-700 for a motor, pump and well, depending
55	1217245	NG	G	fao.org	A B C # Yield # (Million ha) # (Million tonnes) # (Tonnes/ ha ) # (Million ha) # (Million ha) # (Tonnes/ ha
56	1217286	NG	G	fao.org	A B C DAR has only distributed 2 percent of the titles for properties of 25 to 50 ha and 2.8 percent of the titles for properties of 5 to 24 ha. It
57	1204738	NG	G	...ypaper.wordpress.com	A B C ! I see, you can not answer the question Ha! Ha!! Ha !!! There were other questions there too i would love you to answer
58	3618956	NG	B	solomonsydelle.com	A B C I do I will link this post. # Blowing blessings your way: ha , I don't blame him either, but he is usually so laid back
59	1217285	NG	G	fao.org	A B C The area equipped for irrigation in 2004 was 293 117 ha, comprising 238 117 ha of full or partial control irrigation and 55 000 ha of equipped lowlands, i.e.
60	1217154	NG	G	exschoolnerd.net	A B C Jay Jay). I jus turn around n sleep. # Ha ha ha ha this is effing hilarious I must confess loads of blue balls face statement like.....
61	1227251	NG	G	...riavillagesquare.com	A B C was Orji Kalu ever serious - apart from anything that affects him personally? I ha d this much to say on another thread earlier in the week: " Orji
62	1229657	NG	G	...ferenceinfluenza.com	A B C the 1918 Spanish flu virus.3 Likewise, the 1968 Hong Kong H3N2 virus acquired its HA and PB1 genes from an avian virus, but retained the NA and remaining five
63	1229337	NG	G	punchng.com	A B C in foreign nations, etc,... only to collect cooked meal from Awo! Ha ha ha, it's laughable. Achebe was right, when he said mediocrity
64	1217289	NG	G	fao.org	A B C grown on 9.8 million ha. By 1979, the cultivated area was 13.5 million ha , with a total production of 123.3 million tonnes. The area cultivated in 1985
65	1224995	NG	G	nairaland.com	A B C thing you read in the paper. that is your credible source? HA HA HA HA, let me tell you No one in Nigeria can prosecute the past IGP
66	1222881	NG	G	...ynewhitmanwrites.com	A B C ! I am sure your body is not as good and hard as mine ha ha ha good luck! If it were, you would show it and be proud
67	3611734	NG	B	...tories.umariayim.com	A B C a shrug. " I read mass communication at the university. " # " Ha , I see, " Ejiro says with a nod. " So are you
68	1215844	NG	G	dawodu.com	A B C confer on the people the ascription of those blessing by the Gods, ndi chi ha goziri and among the Yorubas as eni ti ori bukun. Among the Hausas,
69	1224879	NG	G	nairaland.com	A B C evn knw of a worse case dis 1 was a nija woman who stuck to ha husband in d name of love up to d extnt of livin under the same
70	1211577	NG	G	africanwriter.com	A B C Oppression was crossing neurons haphazardly in her head. She wants to kill herself? Ha ! But we knew that her hands would be too weak to sharpen the knife
71	1217245	NG	G	fao.org	A B C in the country. Approximately 3.5 million tonnes have been produced from c. 0.4 million ha of land. The crop is grown in mixtures of legumes and cereals in small
72	1227289	NG	G	...riavillagesquare.com	A B C # Or what is with these recent topics?: D -- # Ha ha ha ha mating season in Valteenaville I like that:razz:: D. You reckon Auspy:p:razz:
73	1199887	NG	G	...tonaija.blogspot.com	A B C real journey which I'd love to share once our year-long honeymoon is over... ha ha ha. # Thanks for stopping by! Now back to the business of
74	1217285	NG	G	fao.org	A B C or small earth dams as necessary; # Irrigated area of up to 1 000 ha per scheme; # Domestic and livestock water supply; # Aquaculture and vegetable gardens
75	1224880	NG	G	nairaland.com	A B C evn knw of a worse case dis 1 was a nija woman who stuck to ha husband in d name of love up to d extnt of livin under the same
76	1226447	NG	G	nigeriafilms.com	A B C joooor!!! in-fact this article makes me sick...... gay dancing indeed ha ha ha ha.... no be small thing oooooooooo!
77	1227286	NG	G	...riavillagesquare.com	A B C ... tell him to keep off! # Ahhh Denkus you no remember me. Ha ! this life na wa. You don forget your shiraz pal so soon.
78	1200340	NG	G	buebest.com	A B C # Comment from Sergeant Pickle Time October 27, 2012 at 12:15 am # ha ha ok im asking again.... I know, im just trying to get everyones opinions
79	1225841	NG	G	namywedding.com	A B C brother or the kinsmen that prepared the list. just imagine 10 pack of cigarattes ha ha hah ahh ha ha. # by CHIZZY added over 2 years ago #
80	1227236	NG	G	...riavillagesquare.com	A B C poked in one way oooooooooh! Only where God said I should be poked. Ha !!! Speak for others not me ooooooooooooh..... # A black hole is
81	1222025	NG	G	medwelljournals.com	A B C ) and Onchorincus mykiss is estimated to be 510 kg year -1 (0.02 kg ha -1). # How to cite this article: # Fahrettin Yuksel and Yasin
82	1229341	NG	G	punchng.com	A B C Chicago has named Michelle Obama as the secretary of the state of Chicago, ha ha ha, joking, never happened and never will. Only in Nigeria would the
83	1225702	NG	G	nairaland.com	A B C the rules in the bible what happened to christ? # HA HA HA HA HA HA HA HA! and one more time - HA! # Calm down!
84	1227219	NG	G	...riavillagesquare.com	A B C economy, employ masses of people and create other beneficial multiplier effect. # Ha ha ! We all need a good laugh every day. You see, with either
85	1221259	NG	G	kitchenbutterfly.com	A B C was a tiny " Made in India " mark placed on the bottom. Ha ha ha! You're inspiring me to do a " Made in India " post
86	1229338	NG	G	punchng.com	A B C # Ha ha, succeed from Nigeria, instead of secede from Nija, Ha ha , another grammar expert from the creeks, wonder what they teach you at school
87	1222025	NG	G	medwelljournals.com	A B C this, Capoeta sp. is estimated to be 184.107 kg year -1 (8.06 kg ha -1), Cyprinus carpio carpio is estimated to be 56.353 kg year -1 (
88	3620207	NG	B	...wnhallconnection.com	A B C noisy zone so, that was the best thing he did for you, ha ha ha. I am following you on Twitter. Yes, I hear the Senior
89	3616901	NG	B	naijadeevas.com	A B C beginning of next year with God's grace. # ANY INTERNATIONAL COLLABOS? # Ha ha, you'll just have to wait and see! # WHO IS AT
90	1231719	NG	G	thisdaylive.com	A B C about their abject poverty in the 70's because they used okadas for taxis. Ha !' # And this one from a good friend of mine (name withheld
91	1199353	NG	G	ahiajoku.igbonet.com	A B C irony of life, and (paradoxically) my own good fortune. # ? ha na eze, me me nu. # THE AH? AJ? K?
92	1217364	NG	G	femmelounge.org	A B C our own eyes). I pay my househelps well, everyone tells me " ha ! Daz too much! " But I say, it's ok. She
93	1217244	NG	G	fao.org	A B C specified under the Five-year Development Plan (GoG, 1977): # 93 600 ha of land was to be cultivated by the end of 1980; # total cassava
94	3611776	NG	B	sunnewsonline.com	A B C is not save in the north nor is he save in his state!? Ha ! Nah wao! what is the govt waiting for! # OPC is dead
95	1229389	NG	G	punchng.com	A B C palm trees in Edo state, for another in Malaysia. What a shame! Ha ha ha, training the trainer. Chinua Achebe said,' a bird which
96	1217285	NG	G	fao.org	A B C of irrigation development # Irrigation potential estimates in Nigeria vary from 1.5 to 3.2 million ha . The latest estimate gives a total of about 2.1 million ha, of which
97	3617781	NG	B	...gerianewsjournal.com	A B C my # eye was looked at JiangChao even, say with smile: " ha ha ! This is our hospital office director jiang, he ah... is such a
98	1226567	NG	G	nigeriafilms.com	A B C so if u truly want to b noticed, go bring d head of boko ha ram leader make Nigeria for sleep. # Madam advice check your spelling abeg.Habiba name
99	1223845	NG	G	nairaland.com	A B C to get back, that means I get about 3 hours of sleep daily. Ha ! And one day I might just get to work and can't log into
100	1217285	NG	G	fao.org	A B C be mentioned that while the extractable water resources are sufficient for up to 0.5 million ha in the north of Nigeria, areas suitable for irrigation with groundwater have, as
101	1227662	NG	G	...lywoodreinvented.com	A B C opinions. I respect yours... # ha ha ha ha ha ha ha ha ha ha!
102	1217263	NG	G	fao.org	A B C period of 2-3 months is required for production of a high quality aged product ( Ha , 1986). # Commercial vinegar is prepared from rice-wine filtercake in the Far-eastern
103	3866980	NG	B	...wnhallconnection.com	A B C for assorted asoebis. No fear o, payback time will surely come. ha ha ha. If the list is too long, come to my village. There
104	1226567	NG	G	nigeriafilms.com	A B C so if u truly want to b noticed, go bring d head of boko ha ram leader make Nigeria for sleep. # Habiba should have waited till the maturity
105	1223517	NG	G	naijayouthzone.com	A B C Eji nke... ha ha ha Eji nke... ha ha ha ha ha.. ha ha.. ha Friends telling you to just say no Baby no answer olofofo This
106	1217238	NG	G	fao.org	A B C there are about 500 groups carrying out cluster farming with each group having about 30 ha under cultivation. Members are divided into groups with land side by side. As
107	3611798	NG	B	sunnewsonline.com	A B C a deaf man going towards a moving train... # Ha! Ha!! Ha !!! Funny talk. I'm pretty sure that some people are talking
108	3612735	NG	B	...splace.wordpress.com	A B C office just as Dr. Obuchi was emerging from the theatre with Tricia. # " Ha , detective, we were just waiting for you to return. My assistant is
109	1208716	NG	G	sunnewsonline.com	A B C onwe unu onu otu ndi ozo dika ndi Ugwu na ndi Ofenmanu ji chikota onwe ha na-ekwu maka odimma obodo ha n'otu obi. Ka Chukwu gozie unu dika une n'eme
110	3604583	NG	B	9jasite.com	A B C instead of at work. Now he won't even look me twice. # Ha , God, have mercy. See this one staring at me. I do
111	1213229	NG	G	bellanaija.com	A B C on the fyers and what nots... can we call it deception....?? ha ha.. just tryna stir trouble.. but for real common people... y'all know
112	1208716	NG	G	sunnewsonline.com	A B C onwe unu onu otu ndi ozo dika ndi Ugwu na ndi Ofenmanu ji chikota onwe ha na-ekwu maka odimma obodo ha n'otu obi. Ka Chukwu gozie unu dika une n'eme
113	3607776	NG	B	igbocybershrine.com	A B C beginning, is now, and ever shall be; and that Amadi? ha is gracious, good, wonderful to the Gods, caring for good ones,
114	1217294	NG	G	fao.org	A B C period of the Third National Plan, a target figure was set of 22 million ha to be acquired by the 10 northern states as grazing reserves (Ministry of Agriculture
115	1200172	NG	G	bluechampions.com	A B C to be not out done by City's Argentine crazies..... # xerxesk: Ha ha! I'm a big fan of Higuain. A proper, old-fashioned,
116	3608649	NG	B	...daikeji.blogspot.com	A B C the deed hs bn done. No one is perfect. It will definately hurt ha if u tell ha, bt it might end ur marriage if she finds out
117	1217293	NG	G	fao.org	A B C million kg. The same increase was also noted for area harvested (113 100 ha ) and yield per ha (2500 kg). The number of households growing
118	1220720	NG	G	inter-reseaux.org	A B C coastal and Sudanclimate zones. Nigeria also has a relatively high irrigation potential (2,330,000 ha ), amounting to 26% of potentially irrigable land in the region. Currently about
119	1224995	NG	G	nairaland.com	A B C every thing you read in the paper. that is your credible source? HA HA HA HA, let me tell you No one in Nigeria can prosecute the past
120	3611798	NG	B	sunnewsonline.com	A B C back to North is like a deaf man going towards a moving train... # Ha ! Ha!! Ha!!! Funny talk. I'm pretty sure
121	1233418	NG	G	un.org	A B C 32 game reserves/sanctuaries and six National Parks in place covering a total of about 4,293,800 ha scattered in different areas of the country; b) there are 12 strict Nature
122	1217245	NG	G	fao.org	A B C control of mealybug and green spider mite and multiplication and distribution of over 70 000 ha of planting materials of the mosaic resistant varieties. Future strategies for cassava development will
123	1231572	NG	G	...elentlessbuilder.com	A B C Whose idea was this particular one? Thanks for stopping by, jare. # Ha ! this definitely brings back load of memories. The style I hated the most
124	1203672	NG	G	...daikeji.blogspot.com	A B C start to wank... and ur boss walks past u and smiles u.... ha ... den its not a sin niyen! U say it like its picking ur
125	3607202	NG	B	...rt.shutterchance.com	A B C as though he is doing toilet business.... but I won't say that! ha ha # Ginnie: You're not the only one with a naughty mind,
126	1226613	NG	G	nigeriafilms.com	A B C back to the streets of SOHO where you came from. # giv it to ha , she's jez a b***h, sittin dia wif ha miserable useless n rotten
127	1234836	NG	G	...aintgotnohistory.com	A B C to expect them to hang onto the next important piece of their now former, ha ! trident. Cavani does have three and a half years left to run on
128	1211486	NG	G	africamasterweb.com	A B C by the delegation of senior civil servants including Musa Daggash, Abdul Aziz Attach, HA Ejueyitchie, Yusuf Gobir, BN Okagbue, Ibrahim Damcida, Allison Ayida, Phillip
129	3607203	NG	B	...rt.shutterchance.com	A B C sure it will be a life-ling process for me, so please be patient. HA ! Thanks for commenting. # I can hardly imagine what it was like to
130	1226447	NG	G	nigeriafilms.com	A B C level joooor!!! in-fact this article makes me sick...... gay dancing indeed ha ha ha ha.... no be small thing oooooooooo!
131	1223517	NG	G	naijayouthzone.com	A B C Eji nke... ha ha ha Eji nke... ha ha ha Eji nke... ha ha ha ha ha.. ha ha.. ha Friends telling you to just say
132	3864372	NG	B	naijaxclusive.com	A B C # Need I tell you that I failed that one as well? # " HA ! " my father screamed. " He couldn't even make Yoruba this time
133	1217285	NG	G	fao.org	A B C programmes consist more of plans than actual irrigation development, which amounts to 12 200 ha (2004), of which about 6 700 ha are actually irrigated. The
134	1220842	NG	G	isfae.org	A B C 2008, respectively. As for control treatment, it was 35.17 and 28.15 t ha -1 for the same seasons. The yield of treatment at 50% of control irrigation
135	1217293	NG	G	fao.org	A B C indicated that the total area covered by the crop in 1977 was only 86 000 ha with an average yield of 1800 kg/ha, and that 39 400 or 26 percent
136	3613670	NG	B	adura-o.com	A B C ) post workout, because " I deserved them after working so hard " ( ha !) and then a huge bowl of porridge oats (!!!)
137	1217294	NG	G	fao.org	A B C Within the Kurmin Biri aerial survey area lies the Kachia Grazing Reserve of 31 000 ha , the initial site of ILCA's research. Established in 1970 by the Kaduna
138	1217342	NG	G	feelfree.co	A B C and Muslim youth to solve the problem. To him, the issue of Boko Ha ..... # Author: editor # In 1998 when they were arrested for interogation by
139	1213415	NG	G	bellanaija.com	A B C my money back. The cash that was not in the office miraculously appeared, ha ! Basically their strategy was for me to get frustrated and walk away. In
140	1226578	NG	G	nigeriafilms.com	A B C good.Tharila ad teco benson are not small pple when it comes to films. # Ha !! did nt you hear she begged for the role in half a yellow
141	1213560	NG	G	bellanaija.com	A B C marry you. Time is nothing to a guy, its girls that count, ha 5 yrs, 6 yrs. As for those who are still dating after uni
142	1229206	NG	G	punchng.com	A B C . After the whipping, did the light come back or not? Ha ha ha ha ha ha ha ha ha. I pity the igbo boy. By now
143	3607776	NG	B	igbocybershrine.com	A B C Herself revealed to me in the recent past a secret saying, " Amadi? ha is responsible for all the premature deaths that occur in the world today ".
144	1221154	NG	G	kanoonline.com	A B C State 406km of shelterbelt, 669km roadside planting, 361 hectares of orchard, 1191 ha of woodlot, and 1927 nuseries for seedling production (World Bank Implementation Report,
145	1206310	NG	G	nigeriafilms.com	A B C love to have children for. Barstards? Na you sabi that one! # Ha ! ha! ha! I am so LMAO! You selfish men, serves
146	1225081	NG	G	nairaland.com	A B C there are lots of Spanish guys too if you like hispanics, lol. # Ha haha, the island is like 40% indians and 40% africans unortunately we are watered
147	1215122	NG	G	columbia.edu	A B C ' houses today. # CHIBUNNA: (Laughs.) Ha! ha! ha ! ha! Fear is life! I think you're not afraid of death
148	3866461	NG	B	...lywoodreinvented.com	A B C section after this abi?). But most importantly... one part film! Ha ! It can be done... hence... from now on let's begin to
149	3866980	NG	B	...wnhallconnection.com	A B C over to the woman exclusively* (Why not the groom??) ha ha ha ... For many couples, The Traditional marriage is usually fixed for Wednesday, The
150	1206216	NG	G	nigeriafilms.com	A B C luv d way she interpretes ha roles. She's my number one # Got ha name, Marrtha Ankoma,,, how on earth did Nfc miss out diz
151	1199353	NG	G	ahiajoku.igbonet.com	A B C of its culture. The thought and material contribution of Nigeria to world civilization have ha : -have hardly been articulated. A nebulous and back handed compliment of African contribution
152	1229337	NG	G	punchng.com	A B C wish somebody will check prof account oversea whether it's not full of dollars.... ha ... ha..... NDIGBO WAKE UP FROM YOUR SLEEP THIS BAD BELLE WILL NOT DO
153	1220926	NG	G	jaguda.com	A B C you drink a glass of cold water and 2. Definitely overhaul your closet. Ha ! Related 19 Comments # I miss your blog entries OM. To
154	1231681	NG	G	thisdaylive.com	A B C disclosed: " 67,000 MT of maize seed, which was planted on 3.5 million ha of land, with estimated production of 7 million MT of food has been distributed
155	1201565	NG	G	ejournal.sedinst.com	A B C which is about 10 times more than the land currently under formal irrigation (100,300 ha ). # There is an awareness developing among engineers, soil scientists and plant
156	3610059	NG	B	newspapersreview.com	A B C , yeah. Of course, she takes after her dad, huh? Ha ha , the Da-da. She said " da-da. " Going in, yes.
157	3618425	NG	B	osundefender.org	A B C may not use it but if there are crowd, I will say Ha! ha ! I have drawn it and because of that I must use it. It
158	1229206	NG	G	punchng.com	A B C , did the light come back or not? Ha ha ha ha ha ha ha ha ha. I pity the igbo boy. By now all his bakassi will
159	3606785	NG	B	...tric-fingerprint.com	A B C is three Wus not deeply " willing to give up " profound mysteries, ha ha , I also need not to penetrate.I am me, I do the matter that
160	1229341	NG	G	punchng.com	A B C best you have to offer has less than grade 6 ability to communicate. Ha ha . # I don't believe that the appointment is real. Above all,
161	1224879	NG	G	nairaland.com	A B C evn knw of a worse case dis 1 was a nija woman who stuck to ha husband in d name of love up to d extnt of livin under the same
162	1229339	NG	G	punchng.com	A B C have the right to. Or who are those that will now use it? Ha ha ha, the truth can not be hidden anymore! All the trillions of
163	1222822	NG	G	...ynewhitmanwrites.com	A B C BTW I proposed to a guy once and he thought I was joking. # Ha , Myne. no be me and you oo. If na Oyibo i fit.
164	3617781	NG	B	...gerianewsjournal.com	A B C fault? Ha ha!... Whoops! ZhangYuanChang, you praise, praise, ha ha ha! Speaking of which, YeHuan pointed to the one side of JiangChaoPing
165	3866610	NG	B	rodisecurity.com	A B C mind doubt, the ear spreads castellan Zhao An light voice, www.nfl-fit.com. " Ha ha, http: //www.nfl-way.com, you need not surprised, I and summer the
166	3607202	NG	B	...rt.shutterchance.com	A B C though he is doing toilet business.... but I won't say that! ha ha # Ginnie: You're not the only one with a naughty mind, Paul
167	1206444	NG	G	nigerianpilot.com	A B C a state of shock and disrepair. The Ipaja Abesan Area and also Gowon Estate Ha ba! These are terrible roads, the Aguda axis even where you have the
168	1225761	NG	G	nairaland.com	A B C sex scandal. The explanation of it was that Satan had tempted him... ha ha ha ha! Enjoy the story... http: **34;2470;TOOLONG... # Ptolomeus: You
169	1223517	NG	G	naijayouthzone.com	A B C nke... ha ha ha Eji nke... ha ha ha ha ha.. ha ha .. ha Friends telling you to just say no Baby no answer olofofo This guy
170	1223517	NG	G	naijayouthzone.com	A B C Let me know Yes No Yes Would you be my lover? Eji nke... ha ha ha Eji nke... ha ha ha Eji nke... ha ha ha ha
171	3612728	NG	B	...splace.wordpress.com	A B C . # " Bruno, " she responded, through her tears. # " Ha ! Ivie has finished me, " her mum wailed. " So this was
172	3610059	NG	B	newspapersreview.com	A B C Oh, yeah. Of course, she takes after her dad, huh? Ha ha, the Da-da. She said " da-da. " Going in, yes
173	3619665	NG	B	thesimplefarm.com	A B C toe looks so wonderful because of his great skill and craftsmanship as a surgeon. ha . # So Papi, I know I still owe you a lot of posts
174	3607776	NG	B	igbocybershrine.com	A B C this! # I declare that though all the Gods are powerful, Amadi? ha (if sacred law allow it and it be without nemesis to say so)
175	3866126	NG	B	...ynewhitmanwrites.com	A B C life filled with hope, faith, contentment, other blessings and Atala. # Ha ! If you were crying, I would say, " Let's cry on
176	1217245	NG	G	fao.org	A B C Million ha) # (Million tonnes # (Tonnes/ ha) # (Million ha ) # (Million tonnes) # (Tonnes /ha) # 1970 # 0,6
177	1229435	NG	G	punchng.com	A B C go back with the villagers and buisiness continues as usual. ha ha ha ha Ha # July 7th attack: Bokoharam claimed responsility. The leader of fulani herdsmen association
178	1227662	NG	G	...lywoodreinvented.com	A B C respect yours... # ha ha ha ha ha ha ha ha ha ha!
179	1224697	NG	G	nairaland.com	A B C any medical research in Nigeria with benefits to its citizens. # davidif: # ha ha, now i see what the problem of Nigeria's educational system is?
180	1234776	NG	G	...aintgotnohistory.com	A B C both United and Arsenal saw their shares cut by 1.7 million. Again, ha ha ... # Using the same total TV monies as we did for last season,
181	1221005	NG	G	jatropha.pro	A B C 0.8kg per meter/per year. So if an average farmer has a plot of 0.5 ha (100x50 m), he can plant 300 mtr of Jatropha hedge which will
182	1227289	NG	G	...riavillagesquare.com	A B C Or what is with these recent topics?: D -- # Ha ha ha ha mating season in Valteenaville I like that:razz:: D. You reckon Auspy:p:razz:.
183	1217285	NG	G	fao.org	A B C from a tubewell in a fadama or in alluvial plains. Irrigated areas are 0.5-2.0 ha , and costs for a motor, pump and well are about US$950. This
184	1229206	NG	G	punchng.com	A B C After the whipping, did the light come back or not? Ha ha ha ha ha ha ha ha ha. I pity the igbo boy. By now all
185	1210673	NG	G	360nobs.com	A B C even begin to write about how much I love this track without taking forever. Ha ! Forever!? I could take forever telling you about how much I'm
186	3608479	NG	B	laligatalk.com	A B C needs to re-adapt his game to compensate for his relative lack of pace. # Ha , the entire RM did not play well in the second half of the union
187	1229341	NG	G	punchng.com	A B C will seek for another wife as first lady and dickson takes over from gej # Ha Mr and Mrs President why is yours different? In the history of Nigeria since
188	1223420	NG	G	naijarules.com	A B C not that you didn? t have what it takes to study medicine? # Ha ! If I didn? t have the brain, I wouldn? t have
189	1229337	NG	G	punchng.com	A B C will check prof account oversea whether it's not full of dollars.... ha... ha ..... NDIGBO WAKE UP FROM YOUR SLEEP THIS BAD BELLE WILL NOT DO WELL FOR
190	1217239	NG	G	fao.org	A B C The cassava stand density in the farmers' fields varies widely from 500 plants per ha to 40 000 plants per ha depending on climatic zone, the cassava morphological characteristics
191	1223517	NG	G	naijayouthzone.com	A B C you be my lover? Eji nke... ha ha ha Eji nke... ha ha ha Eji nke... ha ha ha ha ha.. ha ha.. ha Friends
192	1206197	NG	G	nigeriafilms.com	A B C to a university so how come you are claiming you know Queen from school? Ha !!! No be you again?? So your frustration has carried you
193	1199706	NG	G	archive.lib.msu.edu	A B C had r fo, but d r; h th i e becaus t was ha e sam n d o othe no f e e soul joy t betwee becaus
194	1209305	NG	G	...henationonlineng.net	A B C Who was the first lady you dated? # See me see trouble o. Ha ! No o. Lailai. For where? # What attracts you to a
195	3616656	NG	B	mimmysays.com	A B C some privacy, but I can ensure you that you will not be disappointed # Ha 9ice! that's kind of how I operate too. So let's pick
196	3864141	NG	B	...daikeji.blogspot.com	A B C he is nt hungry so we shuld stop saying he shud get a job.doing? hA ????? is rite is important if the w???
197	3608320	NG	B	kemmiiii.com	A B C n't u dare consider plan B. You can be BIG without Balogun: d # Ha ! To have life figured out is no adventure at all and it simply means
198	3866335	NG	B	...igerianbestforum.com	A B C put on generator in my house; people look at me and say' ha ha ', I tell them what magic is there. I haven't bought one
199	1217286	NG	G	fao.org	A B C to 50 ha and 2.8 percent of the titles for properties of 5 to 24 ha . It is with these private lands that DAR needs to speed up the implementation
200	1199047	NG	G	africanspotlight.com	A B C many diverse interests and passions -- politics, art, music, philosophy and the ha closed mind. Patience is my most obvious virtue. I am basically an independent
201	1229206	NG	G	punchng.com	A B C dada style. After the whipping, did the light come back or not? Ha ha ha ha ha ha ha ha ha. I pity the igbo boy.
202	1217240	NG	G	fao.org	A B C per ha during the first four years and then stabilized at around 20 tonnes per ha from the fifth to the twentieth year. Cassava was grown every other year in
203	1226592	NG	G	nigeriafilms.com	A B C go home and tk care of yur home yu even have the guts to call ha husband second haNd... yu are a f**l coz the man. Will be even
204	3608401	NG	B	...unliadi.blogspot.com	A B C Delta State in page 16 of The Nation Newspaper yesterday. Oh well. # Ha ! Ha!! Exactly. The thing that baffles me is that there are
205	1225484	NG	G	nairaland.com	A B C God for this gift. Those that have ears, let them hear. # Ha , I thought the husband or his " lover of peace friend " said she
206	1223517	NG	G	naijayouthzone.com	A B C Would you be my lover? Eji nke... ha ha ha Eji nke... ha ha ha Eji nke... ha ha ha ha ha.. ha ha.. ha
207	1200203	NG	G	bluechampions.com	A B C in all the team was doing fine until the Juventus game. Chelsea Football Club ha moved on. We were moving in a different direction with a more technical team
208	1217285	NG	G	fao.org	A B C year 2000 terms) for a river lift (pump) scheme of 3 850 ha with a gravity distribution system. # In contrast, farmer-owned and -operated irrigation has
209	1230820	NG	G	sugabellyrocks.com	A B C a smug smile "... this is not a research paper... ". Ha ha. # And annonymous Aug 30, seems you are the frustrated one here
210	1217247	NG	G	fao.org	A B C 50 g. Heterotis can reproduce without difficulty in larg ponds (more than 1 ha ) with a lot of peripheral aquatic vegetation. They can also spawn in smaller
211	3866980	NG	B	...wnhallconnection.com	A B C handed over to the woman exclusively* (Why not the groom??) ha ha ha... For many couples, The Traditional marriage is usually fixed for Wednesday,
212	1220168	NG	G	igboguide.org	A B C ) live # unu ch # you carry # ha bi # they live # ha ch # they carry # m na g bi # me and you live #
213	1217238	NG	G	fao.org	A B C LGAs said to be participating in this programme. If each LGA plants 1 000 ha of high yielding cassava this would increase production by 16.5 million tonnes achieving more than
214	1229338	NG	G	punchng.com	A B C common to his ilks, may be then he can escape to the west. Ha ha ha! # The abuse on this platform are unbearable, please if you
215	1220163	NG	G	igboguide.org	A B C ) live # unu ch # you carry # ha bi # they live # ha ch # they carry # m na g bi # me and you live #
216	1200271	NG	G	bobtrade.net	A B C web site post from you in the upcoming also. Actually your creative writing abilities ha ... # does hcg diet work 2012-11-01 01:20:47 Very nice article, just what I
217	1217239	NG	G	fao.org	A B C yield (hereafter yield) for the six COSCA study countries was 11.9 tonnes per ha 5. The average farm-level yield was highest in Nigeria where the mean was 14.7
218	1206922	NG	G	...ri.shutterchance.com	A B C ... I have a little surprise for you..... MWAAAAH.. HAAA.. HA.. Ha # Alan Nyiri: Best part... it was so much fun to do!
219	1224697	NG	G	nairaland.com	A B C , many forefathers never attended schools and they are damn smart and knowledgeable. # ha ha, now i see what the problem of Nigeria's educational system is?
220	1200165	NG	G	bluechampions.com	A B C Cup before facing Real/Bayern in the final and giving either of them hell! # Ha ha! The Gary Neville scream for the Torres goal is now legendary! The
221	1207603	NG	G	...ur.shutterchance.com	A B C have to hope for no Tsunami-sized waves, though # .... peter:): Ha ! is right Alan... the highest waves we get on the lake are about
222	1217285	NG	G	fao.org	A B C US$27 000/ha in year 2000 terms) for storage and gravity distribution for 15 000 ha of surface irrigation; # The Lower Anambra Irrigation Project: US$8 500/ha when completed
223	1222445	NG	G	modernghana.com	A B C # Given that you are a Muslim, will you still marry another wife? Ha ! (Laughs) I will say that it is only God that knows the
224	1200198	NG	G	bluechampions.com	A B C to realise that Kaka is not a so-called great. # Sherzod, # Ha ha , ha, in what way am I strange mate! # I'm being
225	1213229	NG	G	bellanaija.com	A B C the fyers and what nots... can we call it deception....?? ha ha .. just tryna stir trouble.. but for real common people... y'all know you
226	1225300	NG	G	nairaland.com	A B C bt she jst kept quiet and sed nthn, eva since den i stoped calln ha nd she as not calld yet, peeps advice me on what to do cos
227	1229337	NG	G	punchng.com	A B C unity for ever and so be it! What ingrates!! # ha! ha ! Amala? i am out to laugh off at the silly things we say
228	1199887	NG	G	...tonaija.blogspot.com	A B C which I'd love to share once our year-long honeymoon is over... ha ha ha . # Thanks for stopping by! Now back to the business of leaving,
229	1233385	NG	G	ugochi-jolomi.com	A B C once you discovered you were no longer holding me. " # Chuckles... " Ha , you can not be asleep and be fully conscious at the same time you
230	1199353	NG	G	ahiajoku.igbonet.com	A B C only a Knight of St. Sylvester but also the? n? -Na- Ekwuru? ha of Mban? and the Igwe? kaa-Omee of? m? nnumo. #
231	1225081	NG	G	nairaland.com	A B C and i come where you r to see all the cute African boys. # Ha haha, the island is like 40% indians and 40% africans unortunately we are watered
232	1224995	NG	G	nairaland.com	A B C believe every thing you read in the paper. that is your credible source? HA HA HA HA, let me tell you No one in Nigeria can prosecute the
233	3864863	NG	B	...neousdevelopment.com	A B C , and hurriedly runs through them): No, they are not here. Ha , all the 30 MTN N100 cards I left here are gone! Lagbaja and
234	1226447	NG	G	nigeriafilms.com	A B C level joooor!!! in-fact this article makes me sick...... gay dancing indeed ha ha ha ha.... no be small thing oooooooooo!
235	1222828	NG	G	...ynewhitmanwrites.com	A B C do my research to find out, before it is too late. # Ha ha ha! Wonders AKA' Ara' like Brymo's song. How I wish
236	1225701	NG	G	nairaland.com	A B C today and I will ever live to be greatful to God for that. # HA !!! I have a branch close to my house, though i like
237	1226521	NG	G	nigeriafilms.com	A B C for publication? Please email it to storynigeriafilms.com # Ha # real pinapple 5/12/2012 2:34:19 PM # Haba why u de allow him sleep with
238	1217285	NG	G	fao.org	A B C but they are almost non-existent at present; for example, of the 7 000 ha equipped for irrigation in Savannah sugar estate only 500 ha were cropped and irrigated in
239	1217342	NG	G	feelfree.co	A B C the country. Established in 1961, the visit was targeted? to make them ha ..... # Author: deputy # Can you give me some examples of good deeds
240	3615809	NG	B	inyamuakut.com	A B C n't going nowhere anytime soon. yes i got bitch slapped by christiana yang, ha , no OR for her with me. the power of prayers is more than we
241	1203679	NG	G	...daikeji.blogspot.com	A B C their girls leave them for me (i got the pin code). Mu ha ha ha ha!!! # Well as for wen ever i tried going
242	1222025	NG	G	medwelljournals.com	A B C ), Barbus sp. is estimated to be 40.580 kg year -1 (1.78 kg ha -1), Squalius cephalus is estimated to be 30.455 kg year -1 (1.34
243	1226638	NG	G	nigeriafilms.com	A B C of busy talking to the twisters(Journalists) you were busy moving on with KELEKELE LOVE.Ha! Ha !! Ha!!! # I take beg una jawe please forgive and
244	1201145	NG	G	dailytimes.com.ng	A B C , hauling your' arss' off to Siberia of the African sort. Ha ha ha! " Git out " if you don't like it and quit yapping
245	1204380	NG	G	medwelljournals.com	A B C broad diversity of the agricultural activity which settled current the last years which exceeds 54,700 ha , the fallow exceed half of agricultural surfaces during the agricultural partner 2009/2010, the
246	1198741	NG	G	9jadaily.com	A B C that our fault?? Who no like better? Abeg shift # 5. Ha !! You have issues with women who do well for themselves, we come
247	1217239	NG	G	fao.org	A B C The average farm-level yield was highest in Nigeria where the mean was 14.7 tonnes per ha followed by Ghana where the mean was 13.1 tonnes per ha (Figure 1)
248	1225702	NG	G	nairaland.com	A B C rules in the bible what happened to christ? # HA HA HA HA HA HA HA HA! and one more time - HA! # Calm down! Who
249	3618425	NG	B	osundefender.org	A B C , I may not use it but if there are crowd, I will say Ha ! ha! I have drawn it and because of that I must use it
250	1217285	NG	G	fao.org	A B C investment costs of about US$530 for a 3 HP pump able to irrigate about 1 ha , and annual operating costs of about US$280/ha. Returns are high as was demonstrated
251	1217238	NG	G	fao.org	A B C trend to national cassava area illustrates an increase of 1 million ha or 4 million ha by the year 2007. # Figure 2-4 Cassava Area 1980 to Targeted 2007 #
252	1223517	NG	G	naijayouthzone.com	A B C ... ha ha ha Eji nke... ha ha ha Eji nke... ha ha ha ha ha.. ha ha.. ha Friends telling you to just say no Baby
253	1224879	NG	G	nairaland.com	A B C wif his gfriends.she sometimes will cook them to eat sef, du n no aw ha story ended buh dat kin love stinks sha # Some people are beginning to mix
254	1226460	NG	G	nigeriafilms.com	A B C Lastly P-Square manager Jude Okoye said they have signed a deal with Akon:? Ha ha! no be big deal now! Everybody is talking about it and we
255	1229438	NG	G	punchng.com	A B C Nigeria's constitution not to mention going to this extreme length of airspace closures. Ha ! What a country # You are right Abiose but tell lola and every other
256	3615674	NG	B	imostateblog.com	A B C and evil uncles, brothers and friends.. aka nshi ha ga aba ha n'onu ha
257	3608401	NG	B	...unliadi.blogspot.com	A B C in page 16 of The Nation Newspaper yesterday. Oh well. # Ha! Ha !! Exactly. The thing that baffles me is that there are worse politicians
258	1217285	NG	G	fao.org	A B C of equipped lowlands, i.e. improved fadamas. About 75 percent, or 218 840 ha , of the equipped area were actually irrigated in 2004 (Table 5, Table
259	1220163	NG	G	igboguide.org	A B C cloth # unu zaa ala # you (pl.) sweep the floor # ka ha gaa # let them leave # ka anyi laa # let us go (home
260	1217238	NG	G	fao.org	A B C requires an expansion of 2 million ha of land (from 3 to 5 million ha ) and an average yield of 30 tonnes per ha. # Research institutes,
261	3615751	NG	B	...formationnigeria.org	A B C . What is he gon na get for his next birthday?.... ha ha ha !!! # A criminal can buy a jet cos he's a criminal
262	1215844	NG	G	dawodu.com	A B C , l these are seen as those whose God heard their prayers (ndi chi ha nuru ekpere ha). # Now that various researches and studies by agencies and
263	1206635	NG	G	nigeriaworld.com	A B C Plateau and Taraba States to get to Niger? May be through Borgu area. Ha ! Ha! that's the reason for Babangida extracting that area from Kwara State
264	1220160	NG	G	igboguide.org	A B C olee # what, which # one # ole # how many # fa # ha # they # afa # aha # name # Igbo written language is phonetic and
265	1229578	NG	G	punchng.com	A B C automotive see it as a tools to brainwash people but d reel problem we are ha img is ignorant and reliance on some people as representative of God and this has
266	1213314	NG	G	bellanaija.com	A B C close ur destiny. Watz there tellin a gal abt d way u feel 4 ha , shez nat gon na bite u or slap u, d only fin she
267	1221253	NG	G	kitchenbutterfly.com	A B C a smile on my face. Your clicks are very interesting too! # Ha ha ha, Moodles! I love the funny things that kids come up with.
268	3605354	NG	B	...wiki.nigfilmcorp.com	A B C (how is that girl not dead yet???) # Lowder: Ha , totally. The colostrum mixed with the " immune boosting cocktail " and made
269	1217285	NG	G	fao.org	A B C was practised on only 3 570 ha in 1991 and was reduced to about 50 ha by the end of 2004. # The existing water lifting options for small-scale basin
270	3617781	NG	B	...gerianewsjournal.com	A B C ? Ha ha!... Whoops! ZhangYuanChang, you praise, praise, ha ha ha! Speaking of which, YeHuan pointed to the one side of JiangChaoPing,
271	3611737	NG	B	...tories.umariayim.com	A B C 'd another chapter up tomorrow. Amenn. Xx # Holliday Ke??? Ha , Umari don't keep us hanging oooo. You can't make us taste
272	1235823	NG	G	zimbio.com	A B C year; we had finished our project and were waiting for the results. We ha
273	1226508	NG	G	nigeriafilms.com	A B C he has kids awtsyd,, nd annie decidin to marry him does nt mk ha a f**l, many men nd ladies go tru wat dis couple re goin tru
274	1220842	NG	G	isfae.org	A B C of treatment at 75% of control irrigation was 36.1 t ha -1 and 26.17 t ha -1 in 2007 and 2008, respectively. As for control treatment, it was
275	3865875	NG	B	jaguda.com	A B C suddenly we are mini-gods and able to change anyone or anything at a whim. Ha ! # You knew who the person was before you entered the relationship, (
276	1227662	NG	G	...lywoodreinvented.com	A B C . I respect yours... # ha ha ha ha ha ha ha ha ha ha!
277	1224995	NG	G	nairaland.com	A B C you read in the paper. that is your credible source? HA HA HA HA , let me tell you No one in Nigeria can prosecute the past IGP,
278	1229657	NG	G	...ferenceinfluenza.com	A B C # As illustrated in Figure 13, the 1957 Asian H2N2 virus subtype obtained its HA , NA, and PB1 genes from an avian virus and the other fives genes
279	1220720	NG	G	inter-reseaux.org	A B C to 90% -- of farms in Nigeria are small family farms (on average 1,2 ha ) with little mechanical equipment and that rely mainly on the available labour force.
280	1231681	NG	G	thisdaylive.com	A B C cotton seeds have been provided to farmers across the Northern states, to plant 75,000 ha of cotton this year alone; all done free of charge ", he added
281	1206249	NG	G	nigeriafilms.com	A B C He jst does nt want 2 hurt ha, he wants ha 2 go ha own will # peter my brother, i can not force u to marry out
282	1229206	NG	G	punchng.com	A B C Truly those officers need to be whip into line. No sentiments lolz # Ah ha ha ha, i laugh, i'm very sure that that PHCN worker that
283	1206748	NG	G	nigeriaworld.com	A B C . I can't afford that for obvious reasons. Ha! Ha!! Ha !!! # Sometimes, it takes several minutes before our American friends could
284	1217239	NG	G	fao.org	A B C density village; 3.8 tonnes per ha in the medium; and 10.8 tonnes per ha in the low population density village. # In 1993, the COSCA study team
285	1225702	NG	G	nairaland.com	A B C made the rules in the bible what happened to christ? # HA HA HA HA HA HA HA HA! and one more time - HA! # Calm down
286	1227662	NG	G	...lywoodreinvented.com	A B C ha ha ha ha ha ha ha ha ha ha !!!
287	1217285	NG	G	fao.org	A B C irrigated. The informal division within a State is that schemes larger than 2 000 ha are handled by the RBDA concerned. # State Ministries of Water Resources exist in
288	1215848	NG	G	dawodu.com	A B C Commission and was also a one-time Chairman of the African Population Commission. # Ex-Captain HA Asoya Biafran Colonel # Ex-Nigerian Captain (T/Major), former Biafran Colonel Asoya joined
289	3612287	NG	B	...onicles.blogspot.com	A B C be drinking plenty water now so that piss will come o!... ahahahaha.... ha ! this means nathing for beer parlour o! At least that will reduce the
290	1217239	NG	G	fao.org	A B C village; 4.77 tonnes per ha in the medium density; and 9.27 tonnes per ha in the low population density villages. Between 1973 and 1993, the cassava yield
291	1229338	NG	G	punchng.com	A B C the perm sec, now you have to deal with succeed from Nija, ha ha , chei, chineke, ha ha ha # Peter2000 . Bakare will surely succeed
292	1206634	NG	G	nigeriaworld.com	A B C Taraba States to get to Niger? May be through Borgu area. Ha! Ha ! that's the reason for Babangida extracting that area from Kwara State and lumped
293	1222260	NG	G	modernghana.com	A B C are facing there too. Who do we cry to, the government? Ha ha ha ha? that's so funny. We have tried that, have we
294	1225702	NG	G	nairaland.com	A B C the bible what happened to christ? # HA HA HA HA HA HA HA HA ! and one more time - HA! # Calm down! Who judged you
295	1200155	NG	G	bluechampions.com	A B C Reply # AA February 10, 2009 at 10:07 am - # Martin O'neal... ha ha # What makes Chelsea fans think they could even have any chance of luring
296	1225121	NG	G	nairaland.com	A B C just imagine the kind of olumo rock we presented to the guests as Eba, ha ha ha, # i can't even count the number of times i've
297	3607198	NG	B	...rt.shutterchance.com	A B C Well, dear friend, I actually meant to open it up like this! HA ! I grew up in a conservative church, hearing about Jesus over-turning the vendors
298	1217285	NG	G	fao.org	A B C both public and private irrigation schemes. Sprinkler irrigation was practised on only 3 570 ha in 1991 and was reduced to about 50 ha by the end of 2004.
299	1233418	NG	G	un.org	A B C about 9,652,000 ha have been legally constituted; # Establishment and maintenance of over 7,194 ha of tree plantations; # Installation of two new sawmills with capacity to efficiently convert
300	1213460	NG	G	bellanaija.com	A B C to be independent, you can do it. This is just so sad. Ha . Na wa o *covers my face in shame for y'all* # Na mumu boys
301	1217241	NG	G	fao.org	A B C tonnes, with a range from less than one tonne to over 60 tonnes per ha . # Table 1. Yield Components for cassava in sub-Saharan Africa, 1991 #
302	1220168	NG	G	igboguide.org	A B C unu bi # you (pl.) live # unu ch # you carry # ha bi # they live # ha ch # they carry # m na g bi
303	1217285	NG	G	fao.org	A B C Manual lifting with a mechanical advantage using a Shadouf or treadle pump to irrigate 0.05-0.1 ha . The use of Shadoufs is declining with the introduction of small-motorized pumps. Treadle
304	1217238	NG	G	fao.org	A B C a significant increase in national yields is required. Sixty million tonnes on 4 million ha would require an average yield of 15 tonnes per ha. Current yields have been
305	1215122	NG	G	columbia.edu	A B C back to your fathers' houses today. # CHIBUNNA: (Laughs.) Ha ! ha! ha! ha! Fear is life! I think you're
306	1199353	NG	G	ahiajoku.igbonet.com	A B C that god. # However, as many of us know, at Umunne? ha there did develop a religious cult that went by the name Igwe ka ala.
307	1200189	NG	G	bluechampions.com	A B C # Chelsea 3 down......... And they say we are glory hunters........ Ha ha ha .... the heartbreaks............ More of them than gloating......... # Mayb we will get
308	1217239	NG	G	fao.org	A B C were 4.04 tonnes per ha in the high population density village; 4.77 tonnes per ha in the medium density; and 9.27 tonnes per ha in the low population density
309	1206646	NG	G	nigeriaworld.com	A B C , because it (power shift) encourages nepotism, tribalism, and corruption " Ha ! Ha! Ha! Who bred all the three? Meaning that the northern
310	3617296	NG	B	nairaland.com	A B C Those Nigeriens are worse, they use their kids while the parents watch! # Ha ! Jezz. Many times. One happened around 5:00pm yesternit in Ilorin.. The
311	1221253	NG	G	kitchenbutterfly.com	A B C sent a smile on my face. Your clicks are very interesting too! # Ha ha ha, Moodles! I love the funny things that kids come up with
312	1217234	NG	G	fao.org	A B C in dry matter production. At yields of around 5 tons/ha, however, 4 ha fodder banks will adequately supplement the nutrition of the 20 or so milking cows found
313	1228109	NG	G	onlinenigeria.com	A B C game reserve, two lakes and one reservoir with an estimated surface area of 8,000 ha . Given the ecological problem of desertification, particularly in the northern parts of the
314	1229767	NG	G	...unionblackfamily.com	A B C street. # Hee! Who has made this offering to the earth? # Ha ! Esu said, " Orunmila has made this offering to the earth. "
315	3608663	NG	B	...daikeji.blogspot.com	A B C wiser than a 30yr old girl.. I wish u LUCK jare.. # Anon12:26 ha ha' it's just envy that is doing u' na wah o oyinbo
316	1223840	NG	G	nairaland.com	A B C Hope Ashebe mistakenly comes to Nigeria then so he can part of it. # Ha , you are very correct! If he doesn't defend Nzeogwu and ojuku justifying
317	1217248	NG	G	fao.org	A B C moderate hatchery (production of about 500,000 fingerlings a year) needs at least 1.0 ha ponds to produce the required quantity of zooplankton. Large quantities of zooplankton must be
318	1229206	NG	G	punchng.com	A B C the whipping, did the light come back or not? Ha ha ha ha ha ha ha ha ha. I pity the igbo boy. By now all his
319	1209877	NG	G	tribune.com.ng	A B C Nigeria, over 14, 300 MT of rice seed, enough to plant 300,000 ha of rice farm lands in flood affected areas. This will allow the production of
320	1217294	NG	G	fao.org	A B C reserves (Ministry of Agriculture, 1981), but in fact only 2.3 million ha had been acquired by 1980 (Oxby, 1982): "... the expected
321	1217239	NG	G	fao.org	A B C x 1 m which is equivalent to a plant density of 10 000 stands per ha (Onwueme, 1978). The average farm-level plant density for the six COSCA
322	1218461	NG	G	genevieveng.com	A B C got in those swags I would be listed in Forbes 100 richest women. Ha Ha ! Morning Dew is back and I am good to go again. # Aunty
323	3607776	NG	B	igbocybershrine.com	A B C he is the most notable and the best! 12 years ago, Amadi? ha ' magburu' two grown up male twins in my village (when it was
324	1233418	NG	G	un.org	A B C area. Between 1976 and 1990, deforestation proceeded at an average rate of 400,000 ha per annum, in 1981-1985 at 3.48%, while in 1986-1990 it was 3.57%,
325	3610540	NG	B	nm.onlinenigeria.com	A B C taken to hospital alive for medical attention and later died there. # The doctor ha admitted that the body of the apprenctice trader was brought into his hospital stone dead
326	1213440	NG	G	bellanaija.com	A B C put my peer counselling HIV training into good use thanks BN for this topic # Ha ! Look at us! Naija people! We have already gone into a lecture
327	3866610	NG	B	rodisecurity.com	A B C doubt, the ear spreads castellan Zhao An light voice, www.nfl-fit.com. " Ha ha , http: //www.nfl-way.com, you need not surprised, I and summer the Hou
328	1207799	NG	G	premiumtimesng.com	A B C no no. now Premiumtimes is Igbo paper reporting mpitikwelunaUgwuAwusa and Meribe, ah ah a ha I know no ooooo! You see I am just humoring you. That is
329	1224697	NG	G	nairaland.com	A B C many forefathers never attended schools and they are damn smart and knowledgeable. # ha ha , now i see what the problem of Nigeria's educational system is??
330	3615751	NG	B	...formationnigeria.org	A B C only birthday. What is he gon na get for his next birthday?.... ha ha ha!!! # A criminal can buy a jet cos he's
331	1229206	NG	G	punchng.com	A B C style. After the whipping, did the light come back or not? Ha ha ha ha ha ha ha ha ha. I pity the igbo boy. By
332	1231719	NG	G	thisdaylive.com	A B C hatin' perhaps? The latter of course assumes we are' playas'. Ha . Or perhaps sponsored by' disgruntled opposition elements' still bitter over their election
333	1203385	NG	G	...unliadi.blogspot.com	A B C lines.. lets see if he and his colleagues will after the whole budget brouha ha # Please parents on ladun's blog, if you can afford it, send
334	1224004	NG	G	nairaland.com	A B C ##1224005 # Ha .... ok..... I think you already have a biased frame of reference towards him
335	1228109	NG	G	onlinenigeria.com	A B C that about 2.5 million seedlings are to be produced, and to protect about 2,600 ha of marginal lands. The Zamfara State Environmental Protection Agency and several forestry projects are
336	1217285	NG	G	fao.org	A B C (SPFS) of the FAO commenced in 1999 with a pilot phase including 280 ha in three villages in Kano State, where farmers were provided with motorized pumps and
337	1224995	NG	G	nairaland.com	A B C thing you read in the paper. that is your credible source? HA HA HA HA, let me tell you No one in Nigeria can prosecute the past IGP
338	3616901	NG	B	naijadeevas.com	A B C of next year with God's grace. # ANY INTERNATIONAL COLLABOS? # Ha ha , you'll just have to wait and see! # WHO IS AT THE
339	1224879	NG	G	nairaland.com	A B C wif his gfriends.she sometimes will cook them to eat sef, du n no aw ha story ended buh dat kin love stinks sha # I agree it's stretching it
340	3620207	NG	B	...wnhallconnection.com	A B C zone so, that was the best thing he did for you, ha ha ha . I am following you on Twitter. Yes, I hear the Senior Secondary
341	1225702	NG	G	nairaland.com	A B C chris that made the rules in the bible what happened to christ? # HA HA HA HA HA HA HA HA! and one more time - HA! #
342	1224883	NG	G	nairaland.com	A B C , if it ever became possible? wont it disadvantage outweigh it advantages? ha ha ha ha, funny, is'nt it? # Iam not sure that mankind will
343	3609232	NG	B	...ypaper.wordpress.com	A B C is it cool to make our way of life in to posters? # ha ha ... " don't throw away food, there are children starving in Africa....
344	1217238	NG	G	fao.org	A B C of plant population to the recommended 10 000 stands per ha. If plants per ha are currently 7 to 8 thousand stands per ha an increase to 10 000 stands
345	1198981	NG	G	...canheraldexpress.com	A B C are equally important as the environment " he concluded. 1 Comment # Ha Ha !!!!!; the chicken finally came home to roost on the
346	1225702	NG	G	nairaland.com	A B C pastor chris that made the rules in the bible what happened to christ? # HA HA HA HA HA HA HA HA! and one more time - HA!
347	1226677	NG	G	nigeriafilms.com	A B C almost equivalent to one naira to one euro that is shacking you like this? Ha , when people are talking in ss you are here hyperventilating. Anyway, I
348	1229337	NG	G	punchng.com	A B C foreign nations, etc,... only to collect cooked meal from Awo! Ha ha ha, it's laughable. Achebe was right, when he said mediocrity was
349	1206216	NG	G	nigeriafilms.com	A B C is also very talented in wat she does, I luv d way she interpretes ha roles. She's my number one # I'm really surprised at Michael Chima
350	1226578	NG	G	nigeriafilms.com	A B C Omotola and others to star with a Hollywood star in a Nollywood movie? # HA !! so she never enter hollywood well kai OMOTOLA shall cont to be a
351	1206249	NG	G	nigeriafilms.com	A B C woman lukin 4 where 2 dump haself! He jst does nt want 2 hurt ha , he wants ha 2 go ha own will # peter my brother,
352	1226578	NG	G	nigeriafilms.com	A B C do nt even lie.Tango with me had no head or tail, it grossed 15million ha Funke akindele return of jenifa grossed 50million niara beating mirror boy miles away so where
353	1227194	NG	G	...riavillagesquare.com	A B C When Abacha got to South Africa, he saw Obasanjo and he said? ha ha ?. When he came back, he had this attitude like Idi Amin that
354	1226505	NG	G	nigeriafilms.com	A B C a grandma and sto actin like some teenager tryna av fun.she shud act n carry ha self like a woman, mother and political leader or senator, i min wot
355	1217245	NG	G	fao.org	A B C ha) # (Tonnes/ ha) # (Million ha) # (Million ha ) # (Tonnes/ ha) # (Million ha) # (Million tonnes
356	3866610	NG	B	rodisecurity.com	A B C right moment come back a celebration.Grieve some to we not the person of Fen! Ha ha.The old Niang finally can receive due acclaim and attention this time! " Smiled
357	1200155	NG	G	bluechampions.com	A B C # AA February 10, 2009 at 10:07 am - # Martin O'neal... ha ha # What makes Chelsea fans think they could even have any chance of luring MON
358	1217242	NG	G	fao.org	A B C to 14N and from longitude 3E to 14E. Of this area, 71 million ha (77 percent) are considered cultivable; about 32 million ha (45 percent
359	1217285	NG	G	fao.org	A B C Middle and Lower Ogun, Middle Rima) associated with dams and totaling 18 400 ha . Actions have also been initiated to assess needs for the completion of another ten
360	3617781	NG	B	...gerianewsjournal.com	A B C thing you rest assured that when I give you do business out fault? Ha ha !... Whoops! ZhangYuanChang, you praise, praise, ha ha ha!
361	1223349	NG	G	naijapreneur.com	A B C Questions Part 2: STRATEGY -- The unusual execution of business best practices # Ha ! We are first-time entrepreneurs, so everything is trial by fire. We do
362	1226638	NG	G	nigeriafilms.com	A B C to the twisters(Journalists) you were busy moving on with KELEKELE LOVE.Ha! Ha!! Ha !!! # I take beg una jawe please forgive and forget, the
363	1217154	NG	G	exschoolnerd.net	A B C did he not promise me.... i was lyucky i did nt get raped. Ha ! this is classic!!! Big ups laide. I love love this
364	3866793	NG	B	thenakedconvos.com	A B C Me, Ibiyemi. I have become like this because of one stupid boy. Ha ! And that idiot that I'm looking after in the hospital too was raising
365	1217285	NG	G	fao.org	A B C Typical farm sizes range from 0.5 ha in the densely populated high-rainfall south to 4 ha in the dry north. # Nigeria's wide range of agro-ecological zones allows for
366	1203671	NG	G	...daikeji.blogspot.com	A B C it LOL!!! Poor you, u wish I was frustrated and single ha !! ha!! sorry to burst your bubble I am happily married and
367	3608658	NG	B	...daikeji.blogspot.com	A B C , get home and meet fufu inside the phone.attractive packaging, crappy content! # Ha so this guy is married??? Ah ah but he gave an interview
368	1227194	NG	G	...riavillagesquare.com	A B C . When Abacha got to South Africa, he saw Obasanjo and he said? ha ha?. When he came back, he had this attitude like Idi Amin
369	1205199	NG	G	naijaparrot.com	A B C household name in the Yoruba movie industry. She ha also featured prominently in the English genre of Nollywood before sticking to the Yoruba genre
370	1225761	NG	G	nairaland.com	A B C scandal. The explanation of it was that Satan had tempted him... ha ha ha ha! Enjoy the story... http: **34;2470;TOOLONG... # Ptolomeus: You are
371	1213448	NG	G	bellanaija.com	A B C heard what happened to my dad, said something that really hurt me; " Ha ! Mitch, what do you think you are doing? You just lost your
372	1225728	NG	G	nairaland.com	A B C nature is a funny thing. Not funny as in slap my thigh, ha ha ha -- the kind of funny that causes you to shake your head in a
373	3611798	NG	B	sunnewsonline.com	A B C Nigeria and they stand the chance of earning better valued currencies. # Ha! Ha !! Ha!!! Funny talk. I'm pretty sure that some
374	1221253	NG	G	kitchenbutterfly.com	A B C smile on my face. Your clicks are very interesting too! # Ha ha ha , Moodles! I love the funny things that kids come up with. Happy
375	1226508	NG	G	nigeriafilms.com	A B C her head # you guys shld leave them alone... Yes annie is lucky that ha long tym boyfriend eventually chose her over his other baby mamas... some peeps were
376	1224879	NG	G	nairaland.com	A B C wif his gfriends.she sometimes will cook them to eat sef, du n no aw ha story ended buh dat kin love stinks sha # lool buh i av evn knw
377	3614399	NG	B	...etesportsnigeria.com	A B C that, he also bought a massive house for me in Jagbo, Offa. Ha ! omo ni Rashidi. Rashidi was a great son He took adequate care of
378	1229337	NG	G	punchng.com	A B C of Yoruba-Igbo unity for ever and so be it! What ingrates!! # ha ! ha! Amala? i am out to laugh off at the silly things
379	1221014	NG	G	jesonline.org	A B C farming experience was 11.24 years. The mean farm size of the respondents was 3.82 ha with an annual average income of N 9,701.75 from farming and N 5,830.41 from other
380	1206635	NG	G	nigeriaworld.com	A B C Taraba States to get to Niger? May be through Borgu area. Ha! Ha ! that's the reason for Babangida extracting that area from Kwara State and annexed
381	1224880	NG	G	nairaland.com	A B C wif his gfriends.she sometimes will cook them to eat sef, du n no aw ha story ended buh dat kin love stinks sha # Is it? So we are
382	3617461	NG	B	nigeriaa2z.com	A B C may not use it but if there are crowd, I will say Ha! ha ! I have drawn it and because of that I must use it. It
383	1213767	NG	G	buffalofc.org	A B C which we can imagine, it is finally some representatives of the club themselves who ha d the opportunity to go in France... # It also illustrate d our commitment
384	1215122	NG	G	columbia.edu	A B C grab him! Hey! Chibunna quickly! E! E! E! E ha a a! (Quickly Chibunna comes from behind and grabs Ikekwem by the hand
385	1203269	NG	G	...idoscope.igbonet.com	A B C na Al? si? g? as? ka ma? b? Omume ha ka m kp? r? As?. Meaning I don? t hate
386	1229375	NG	G	punchng.com	A B C compensate them with cash and contracts and with your myopic mind you are comparing boko ha ram to niger delta youths, I truly wonder what type of brain is in
387	1220116	NG	G	ifad.org	A B C is dominated by smallholders: small farms, ranging in size from one to five ha , account for over 90 per cent of output; over half of all farmers
388	1234956	NG	G	...aintgotnohistory.com	A B C target for him. # That Oscar is really something, isn't he? Ha had to come off after getting stomped on, but that was some first start
389	1202248	NG	G	...rt.shutterchance.com	A B C If you come up with a better alternative, Linda, let me know. HA ! But yes, you'd love this delightful place just south of Atlanta...
390	1229338	NG	G	punchng.com	A B C of the perm sec, now you have to deal with succeed from Nija, ha ha, chei, chineke, ha ha ha # Peter2000 . Bakare will surely
391	1217238	NG	G	fao.org	A B C per ha. If plants per ha are currently 7 to 8 thousand stands per ha an increase to 10 000 stands per ha would increase yields to approximately 13 tonnes
392	3615751	NG	B	...formationnigeria.org	A B C birthday. What is he gon na get for his next birthday?.... ha ha ha!!! # A criminal can buy a jet cos he's a
393	1233418	NG	G	un.org	A B C scientific management of the 10 million ha of existing forest, including the existing 37,800 ha of plantations and the rehabilitation of the existing 590 woodlots; # Establish a total
394	1229657	NG	G	...ferenceinfluenza.com	A B C the 1918 Spanish flu virus.3 Likewise, the 1968 Hong Kong H3N2 virus acquired its HA and PB1 genes from an avian virus, but retained the NA and remaining five
395	1217245	NG	G	fao.org	A B C other African crops, the productivity of cassava in Uganda (7 -- 8 tonnes ha in 1987 -- 89) is much lower than the world average (9 --
396	1209691	NG	G	tooxclusive.com	A B C I can't help but laughing...' she hadn't seen any flow in ha life... Menstral flow or rap flow..' Oh that was a 50kg punch
397	1217154	NG	G	exschoolnerd.net	A B C no b only Jay Jay). I jus turn around n sleep. # Ha ha ha ha this is effing hilarious I must confess loads of blue balls face
398	1216464	NG	G	egistonline.com	A B C . I meet this guy on-line and I thought we had a real connection. Ha , the only connection we had was the sex, and once that was over
399	1206216	NG	G	nigeriafilms.com	A B C but sexy ghanaian actress that I do admire is Onome dnt know if I got ha name correctly, she acted forbidden fruit along side with majid # Ghana actor are
400	1213497	NG	G	bellanaija.com	A B C them to people anywhere, shocking almost everyone gladly collects them and they will say ha ! I will help you share them! Me too I want God to bless
401	1217285	NG	G	fao.org	A B C being practised on 681 914 ha, bringing the total water-managed area to 975 031 ha . Surface irrigation in its various forms (basins, borders and furrows) is
402	1227253	NG	G	...riavillagesquare.com	A B C # Yar? Adua: More than a name # Ha !, Don't mind my short-sighted self. It was Yaradua I like -
403	3606785	NG	B	...tric-fingerprint.com	A B C me is three Wus not deeply " willing to give up " profound mysteries, ha ha, I also need not to penetrate.I am me, I do the matter
404	3613947	NG	B	avartsycooking.com	A B C baking/cooking, smells are kinda lost on you, at least me, lol. Ha , tea party my foot, the cakes are all gone, devoured by my
405	1206164	NG	G	nigeriafilms.com	A B C of the large family. What kind of person were you as a child? Ha ! As a child, I made people laugh a lot most of the time
406	1226554	NG	G	nigeriafilms.com	A B C people so jealous and worthless? The mistake has been done and also the correction ha been made, so why are you guys spoiling some one's name for nothing
407	1209877	NG	G	tribune.com.ng	A B C maximum crop loss, their estimates showed that the total flooded area was 1.4 million ha . The estimated area for crop loss was 467,000 ha. " We must have
408	1230820	NG	G	sugabellyrocks.com	A B C is short don't be angry at the world for one man's actions # ha sugabelly!!! biko take five! see eh this your post got me
409	1203792	NG	G	...uvnosa.wordpress.com	A B C Alex open ur eyes, promzy is d 1 4 u. She's being ha self &; needs 2 learn &; take corections just like every one. # how
410	1199887	NG	G	...tonaija.blogspot.com	A B C journey which I'd love to share once our year-long honeymoon is over... ha ha ha. # Thanks for stopping by! Now back to the business of leaving
411	1217239	NG	G	fao.org	A B C per ha (Figure 1). The mean yield was around 10 tonnes per ha in Cte d'Ivoire, the Congo, Tanzania and Uganda, respectively. # In
412	1217241	NG	G	fao.org	A B C . During the same year FAO statistics report an average yield of 7.9 tonnes per ha . The COSCA yields are skewed to the lower side of 8 tonnes, with
413	3616013	NG	B	kitchenbutterfly.com	A B C Share them all! This entry has 19 great comments, leave yours # Ha ! Funny! Been seeing quail eggs everywhere lately around Jos and thought I was
414	1223338	NG	G	naijapreneur.com	A B C . They joke constantly about how we'll all be millionaires in 10 years. Ha ! # To answer your question, I became an entrepreneur because I have a
415	1217285	NG	G	fao.org	A B C . # Status and evolution of drainage systems # It is estimated that 4 000 ha are drained in Nigeria. Water management, policies and legislation related to water
416	1202244	NG	G	...rt.shutterchance.com	A B C of the Light Chasers, and changed the title a bit for this image. HA ! The poetic license we sometimes take, right? # I have a great
417	1226578	NG	G	nigeriafilms.com	A B C can always get nse of mj but nobody can bring omotola's energy on set ha !! NO OMOTOLA NO NOLLYWOOD HAHAAHHAHAAH # I like nse she is from my
418	1204738	NG	G	...ypaper.wordpress.com	A B C ! I see, you can not answer the question Ha! Ha!! Ha !!! There were other questions there too i would love you to answer
419	1208201	NG	G	saharareporters.com	A B C , Ra, Kaf, Ha, Ya, Ayn, Ta, Sin, Ha , Qaf, Nun.) (written in Arabic) Allah is reminding you that
420	1234776	NG	G	...aintgotnohistory.com	A B C their cut of this half of the pot jumping by around 2 million each. Ha ha... # Beyond the differences in TV revenue, our prize revenue would have
421	1217238	NG	G	fao.org	A B C Thai producers are increasing their efficiencies in production. The target of 15 tonnes per ha places Nigeria on the same linear growth path as Thailand. # Figure 2-6 Comparison
422	1213297	NG	G	bellanaija.com	A B C who has no self control. AIDS is real and does not discriminate! # Ha ! This is SO on point, man! I know I'm quite young
423	1213455	NG	G	bellanaija.com	A B C . Why is there always an article of how women should treat their men. Ha . This relationship thing tire me sef. If as a woman you keep on
424	1213456	NG	G	bellanaija.com	A B C tv sites till the kids go to bed) # Did someone say premiership? Ha ! Gives me time to do somethin else by myself! Provided he's not
425	1233418	NG	G	un.org	A B C Reserves; and c) there are 13 proposed Game Reserves/National Parks covering about 372,000 ha located across the country. # Challenges # The continual depletion of plant and animal
426	1224995	NG	G	nairaland.com	A B C you read in the paper. that is your credible source? HA HA HA HA , let me tell you No one in Nigeria can prosecute the past IGP,
427	3617781	NG	B	...gerianewsjournal.com	A B C Ha ha!... Whoops! ZhangYuanChang, you praise, praise, ha ha ha ! Speaking of which, YeHuan pointed to the one side of JiangChaoPing, mischievous
428	1227663	NG	G	...lywoodreinvented.com	A B C him!! There's a thin line between love and hate. HA HA HA HA LOLZZZZZ
429	1217244	NG	G	fao.org	A B C introduction of new varieties; # Ghana community farms were expected to cultivate 1 600 ha by 1977 and the state farms, 800 ha annually; # the state farms
430	1217465	NG	G	fig.net	A B C FIG organizes regional conferences on a biannual basis. The last conference was held in Ha Noi, Vietnam (October 2009) and the next conference will be held in
431	1224590	NG	G	nairaland.com	A B C know that for sure. But we've been together for years. But what HA does nt know is that there's a friend that sticks closer than a lover
432	1206249	NG	G	nigeriafilms.com	A B C If lola was d perfect woman who understands him/his family, he should have married ha when she 1st got pregnant bt he knws she's jst a despirate old woman
433	1225702	NG	G	nairaland.com	A B C in the bible what happened to christ? # HA HA HA HA HA HA HA HA! and one more time - HA! # Calm down! Who judged
434	1220720	NG	G	inter-reseaux.org	A B C to 2 t/ha. However, while maize yields have risen from about 1 t/ ha in the early 1990s to about 2 t/ha in 2006, rice yields have stagnated
435	1220842	NG	G	isfae.org	A B C same seasons. The yield of treatment at 50% of control irrigation was 29.16 t ha -1 for 2007 and 20.43 t ha -1 for 2008, indicating significant reduction (
436	1223517	NG	G	naijayouthzone.com	A B C be my lover? Eji nke... ha ha ha Eji nke... ha ha ha Eji nke... ha ha ha ha ha.. ha ha.. ha Friends telling
437	1231293	NG	G	thekilonsparkles.com	A B C Monday, March 14, 2011 I KNEW IT WAS A LIE! # HA ! They don catch am. # Last month, the Grammy Awards were held
438	1200340	NG	G	buebest.com	A B C hey # Comment from Sergeant Pickle Time October 27, 2012 at 12:15 am # ha ha ok im asking again.... I know, im just trying to get everyones
439	1217239	NG	G	fao.org	A B C Thirty-five years later, in the late 1990s, it was planted in 10 million ha per year. The six countries which currently account for most of the cassava area
440	1222025	NG	G	medwelljournals.com	A B C , Cyprinus carpio carpio is estimated to be 56.353 kg year -1 (2.47 kg ha -1), Barbus sp. is estimated to be 40.580 kg year -1 (1.78
441	3611798	NG	B	sunnewsonline.com	A B C North is like a deaf man going towards a moving train... # Ha! Ha !! Ha!!! Funny talk. I'm pretty sure that some
442	1229389	NG	G	punchng.com	A B C in Edo state, for another in Malaysia. What a shame! Ha ha ha , training the trainer. Chinua Achebe said,' a bird which flew off
443	1223517	NG	G	naijayouthzone.com	A B C ha ha ha Eji nke... ha ha ha ha ha.. ha ha.. ha Friends telling you to just say no Baby no answer olofofo This guy is feeling
444	1215694	NG	G	crvp.org	A B C , where Mu means " I, " Gi means " you, " and Ha means " they; " the attached nwa is a demonstrative which means " This
445	1208712	NG	G	sunnewsonline.com	A B C up and divide it now in peace or soonest in pieces. Ekwuchalam. # Ha ! Ha!! Ha!!!......... The more I listen or read
446	1229657	NG	G	...ferenceinfluenza.com	A B C # As illustrated in Figure 13, the 1957 Asian H2N2 virus subtype obtained its HA , NA, and PB1 genes from an avian virus and the other fives genes
447	3615409	NG	B	gistdotcom.com	A B C , I think... # I guess I was a good a good kid ( ha !) the maximum punishment I got from my parents was- a little twist on
448	1213573	NG	G	bellanaija.com	A B C didn't listen.we were told we would be taken to 1 station at oshodi.... ha ! Mo gbe! My bro had to stage an epileptic fit (coughing n
449	1220114	NG	G	ifad.org	A B C . The average holding size for SCIMP group members was 3.6, 2.4 and 1.9 ha in Brong-Ahafo, Volta and Ashanti Regions, respectively, compared to the SAR cut-off
450	1202244	NG	G	...rt.shutterchance.com	A B C , and i never made that mistake again lolol this is nice # Ginnie: HA ! Thanks for your compliment, Elaine. I know what you mean about some
451	1217240	NG	G	fao.org	A B C early 1990s found that the yield dropped significantly from an average of 40 tonnes per ha during the first four years and then stabilized at around 20 tonnes per ha from
452	1206216	NG	G	nigeriafilms.com	A B C is also very talented in wat she does, I luv d way she interpretes ha roles. She's my number one # Got ha name, Marrtha Ankoma,
453	1213188	NG	G	batterycage.com	A B C really thriving... back in 93-95. then, right as we started really getting listenable HA !, in 96-98, the scene sort of died, particularly here in boston
454	1223517	NG	G	naijayouthzone.com	A B C ha ha ha Eji nke... ha ha ha Eji nke... ha ha ha ha ha.. ha ha.. ha Friends telling you to just say no Baby no
455	1202237	NG	G	...inoize.wordpress.com	A B C dat spit fire into our environments.allow her to answr the way she wants.na she get ha mouth n ha life. ah ahhn beef.and as for that sick ass moFo,
456	3617781	NG	B	...gerianewsjournal.com	A B C how can listen to a YeHuan in the words of irony. ZhangYuanBo smile a ha ha, out of the corner of my # eye was looked at JiangChao even
457	3608663	NG	B	...daikeji.blogspot.com	A B C than a 30yr old girl.. I wish u LUCK jare.. # Anon12:26 ha ha ' it's just envy that is doing u' na wah o oyinbo repete
458	3619498	NG	B	thenigeriandaily.com	A B C , in the other breathe, when we want to move them, they say ha , this is their livelihood going because as long as that slum exists, it
459	3865226	NG	B	upnepa.blogspot.com	A B C is working with an Angolan firm on rolling out Africa's first 4G network. Ha ! There you go Swift and Airtel # Telcos suck. Telcos don't reply
460	1229360	NG	G	punchng.com	A B C When you do nt talk much people wiil hardly kwow where your strenght is.Biko hapu ha ka udo chia. # Dear Niaja guys just take it easy with this two
461	1227450	NG	G	...riavillagesquare.com	A B C eja. # Anike, you are truly a worthy daughter of your parents. Ha ! You went to this length to teach that confused being a good lesson!
462	1217242	NG	G	fao.org	A B C Average cultivated area per farming household ranges from 0.5 ha in the south to 2.5 ha in the central zone (Middle Belt). Traditionally, each farm had double
463	1226447	NG	G	nigeriafilms.com	A B C !! in-fact this article makes me sick...... gay dancing indeed ha ha ha ha .... no be small thing oooooooooo!
464	1217245	NG	G	fao.org	A B C -- 89) is much lower than the world average (9 -- 10 tonnes ha in 1987 -- 89). These low yields are due to constraints that challenge
465	3618192	NG	B	...lywoodreinvented.com	A B C love started from (actually it started from that " insatiable libido " line... ha ! I must use that line before I die sha... hopefully I never find
466	1227289	NG	G	...riavillagesquare.com	A B C Valteenaville? # Or what is with these recent topics?: D -- # Ha ha ha ha mating season in Valteenaville I like that:razz:: D. You reckon
467	3608649	NG	B	...daikeji.blogspot.com	A B C done. No one is perfect. It will definately hurt ha if u tell ha , bt it might end ur marriage if she finds out haself. U v
468	1217245	NG	G	fao.org	A B C Tonnes/ ha) # (Million ha) # (Million tonnes # (Tonnes/ ha ) # (Million ha) # (Million tonnes) # (Tonnes /ha
469	1206314	NG	G	nigeriafilms.com	A B C if you watch this man speak you will say ah THIS NAH CORRECT MAN! ha nah wao! so the guy too nah DOG?...... Nah Nigerian man now
470	1202237	NG	G	...inoize.wordpress.com	A B C into our environments.allow her to answr the way she wants.na she get ha mouth n ha life. ah ahhn beef.and as for that sick ass moFo, that's bein
471	1207624	NG	G	...it.shutterchance.com	A B C course. No one else was gon na go to the top without us. HA ! That's how we are. And we did it! Bedankt, mlv
472	3615276	NG	B	genevieveng.com	A B C woman who lived ha life without being afraid of anything or anyone. She lived ha life to the fullest. May her ever laughing soul rest in perfect peace....
473	1217285	NG	G	fao.org	A B C and Table 7). Non-equipped flood recession cropping is being practised on 681 914 ha , bringing the total water-managed area to 975 031 ha. Surface irrigation in its
474	1217285	NG	G	fao.org	A B C initiated to assess needs for the completion of another ten schemes totalling over 100 000 ha . # A review study of the public irrigation subsector with FAO to develop an
475	1200270	NG	G	bobtrade.net	A B C web site post from you in the upcoming also. Actually your creative writing abilities ha ... # does hcg diet work 2012-11-01 01:20:47 Very nice article, just what I
476	1227662	NG	G	...lywoodreinvented.com	A B C yours... # ha ha ha ha ha ha ha ha ha ha!
477	1217238	NG	G	fao.org	A B C currently 7 to 8 thousand stands per ha an increase to 10 000 stands per ha would increase yields to approximately 13 tonnes per ha or 9 million tonnes. #
478	1207799	NG	G	premiumtimesng.com	A B C no no. now Premiumtimes is Igbo paper reporting mpitikwelunaUgwuAwusa and Meribe, ah ah a ha I know no ooooo! You see I am just humoring you. That is
479	1220163	NG	G	igboguide.org	A B C and Emeka # unu bu Mike na Emeka # you are Mike and Emeka # ha b Mike na Emeka # they are Mike and Emeka # The negative present tense
480	1200172	NG	G	bluechampions.com	A B C be not out done by City's Argentine crazies..... # xerxesk: Ha ha ! I'm a big fan of Higuain. A proper, old-fashioned, natural
481	1208716	NG	G	sunnewsonline.com	A B C ozo dika ndi Ugwu na ndi Ofenmanu ji chikota onwe ha na-ekwu maka odimma obodo ha n'otu obi. Ka Chukwu gozie unu dika une n'eme otua. # I love
482	1217154	NG	G	exschoolnerd.net	A B C only Jay Jay). I jus turn around n sleep. # Ha ha ha ha this is effing hilarious I must confess loads of blue balls face statement like
483	1217285	NG	G	fao.org	A B C , of the 7 000 ha equipped for irrigation in Savannah sugar estate only 500 ha were cropped and irrigated in 2004). About two-thirds of the irrigated area of
484	1221259	NG	G	kitchenbutterfly.com	A B C it was a tiny " Made in India " mark placed on the bottom. Ha ha ha! You're inspiring me to do a " Made in India "
485	1215694	NG	G	crvp.org	A B C In Igbo one refers to oneself as Mu nwa --Myself, Gi nwa --Yourself, Ha nwa --Themselves, where Mu means " I, " Gi means " you,
486	1208716	NG	G	sunnewsonline.com	A B C ozo dika ndi Ugwu na ndi Ofenmanu ji chikota onwe ha na-ekwu maka odimma obodo ha n'otu obi. Ka Chukwu gozie unu dika une n'eme otua. # Useless and
487	1231748	NG	G	thisdaylive.com	A B C belong to their pockeket, and make no mistake foregn hands are invloved. # ha , make no mistake foregn hand are invoved. the only thing to compare this
488	3611798	NG	B	sunnewsonline.com	A B C outside northern Nigeria and they stand the chance of earning better valued currencies. # Ha ! Ha!! Ha!!! Funny talk. I'm pretty sure
489	1217245	NG	G	fao.org	A B C ha) # (Million ha) # (Tonnes/ ha) # (Million ha ) # (Million tonnes # (Tonnes/ ha) # (Million ha)
490	1209164	NG	G	...agazine.blogspot.com	A B C with an old woman sitting beside what appears some cooking utensils, he exclaimed " ha , this is Funmi showing her hidden skill at akara selling'. On another
491	1208712	NG	G	sunnewsonline.com	A B C divide it now in peace or soonest in pieces. Ekwuchalam. # Ha! Ha !! Ha!!!......... The more I listen or read d Igbos
492	1203695	NG	G	...daikeji.blogspot.com	A B C comments to her news cos it seems d fun of London is making Linda 4gt ha loyal fans... newaiz av fun babes... Xx # In my opinion.... both
493	3864585	NG	B	nm.onlinenigeria.com	A B C , I have a powerful political bloc and group. Some people will say, ha , won't they all come and be working against me. What I tell
494	3606776	NG	B	...f-naiji.blogspot.com	A B C (The others are startled and shout out in sadness.) # Ukoha: Ha ... w u u! Is that what he is doing there? Is that
495	1217245	NG	G	fao.org	A B C # Area # Output # Yield # Area # Output # Yield # (Million ha ) # (Million tonnes) # (Tonnes/ ha) # (Million ha
496	1225761	NG	G	nairaland.com	A B C a sex scandal. The explanation of it was that Satan had tempted him... ha ha ha ha! Enjoy the story... http: **34;2470;TOOLONG... # Ptolomeus:
497	1222260	NG	G	modernghana.com	A B C there too. Who do we cry to, the government? Ha ha ha ha ? that's so funny. We have tried that, have we not?
498	1223769	NG	G	nairaland.com	A B C delude urself into thinking it will continue that way, but it might. # Ha ! Yay!! Bro, seriously, once a girl delves into acting or
499	1213429	NG	G	bellanaija.com	A B C case with some people trying to justify that chemically processed hair can be healthy. Ha ! I don't care who goes natural, bald, etc. I'm
500	1199353	NG	G	ahiajoku.igbonet.com	A B C our cosmic thoughts. For instance, some Igbo people associate thunder god Amadi? ha with white ram; in what form do they see or describe Ala (the
