1	968774	PK	G	...stankakhudahafiz.com	A B C realise that pak is not only worthlessness but useless as well. # Ha ha ha ..... any idiot can make that... India lead the word in the following:
2	3502085	PK	B	muftisays.com	A B C to our respected Sister to return to Taqleed of Ulamah and Shaykh Salih Al-Munajjid ( HA ) because this isn't an issue at all. # Jazakullah Khairun # We
3	973326	PK	G	sunniforum.com	A B C He is not going to say " well guess what you didn't pronounce the HA in " Alhamdulillah " properly... sorry you're out of here " (nauzubillah
4	961797	PK	G	fao.org	A B C of plant nutrients by farmers Fertilizer application rates by crop # The crop-wise per ha use of fertilizer generally varies with the farm size, sources of irrigation, educational
5	965668	PK	G	...etsstartthinking.org	A B C Truth. Is it not enough that thy Lord doth witness all things? # Ha Meem As-Sajda - 41:53 # Now whatever ye have been given is but a passing
6	955249	PK	G	al-islam.org	A B C the formula of faith in Islam. It says: # L? il? ha il-lal l? h # There is no god but All? h. #
7	947209	PK	G	healinghearts.5u.com	A B C is pooh poohed as a hoax and a trick to attract tourists to Turkey! Ha ! Shows you how well mass media brainwashing works! And a BBC web report
8	946868	PK	G	...erstanding-islam.com	A B C the opposite sex? # Salaam Vinod! # Thanks for your replies, ha ha , incredibly amusing man! LOL! To be honest, my parents would get
9	951136	PK	G	sunniforum.net	A B C oneself at the beginning of fault, woulding be can make up back. " Ha ha, Hao son, this even if would notA until over get for several
10	3504637	PK	B	sunniforum.com	A B C , and you will note with what severity our Nabi (sallAllaahu alaihi wasallam) ha s forbidden his Ummat from enacting such vile acts, as grave worship. Those
11	951143	PK	G	sunniforum.net	A B C at the beginning of fault, woulding be can make up back. " Ha ha , Hao son, this even if would notA until over get for several years
12	971147	PK	G	...eviewofreligions.org	A B C by violence into making a statement of faith. # Verse 136 of Surah Ta Ha admonishes: # Say,' Each one is waiting; for his end wait
13	965431	PK	G	khalidzaheer.com	A B C consequence to Muslims living in Islamic countries because of the abundant availability of Zabee? ha meat it is a serious issue for muslims living in non-islamic societies. It is
14	951726	PK	G	tribune.com.pk	A B C and take part in these beauty contest otherwise you would have won a lot, ha , ha, ha, then why you send your women to Lollywood and by
15	3497318	PK	B	allperky.com	A B C off, and I have successfully performed oral sex on another woman multiple times ( ha !). So listen carefully, and we'll bust the bullshit, and
16	964067	PK	G	islameasy.org	A B C us, and within us attesting to the truth mentioned in Aayah 53 of Surah Ha Meem Sajdah/Fussilat: # " We shall show them Our signs in every region of
17	969240	PK	G	paklinks.com	A B C child and talked down to with such remarks like' Aap ko andaaza hi nahee ha market kai' yah get get buddy Muzna I am thinking about starting a revolution
18	951726	PK	G	tribune.com.pk	A B C be praised for one thing or another on her first visit to India. # Ha , Ha, Ha, you don't send your women to go and take
19	950351	PK	G	pkpolitics.com	A B C so certain of themselves, but wiser men so full of doubts. " # ha ha ha......... That is a quote from Bertrand Russell about religious people who are
20	955499	PK	G	al-islam.org	A B C # (42) The Angels. (XXXV:I) # (43) Kaf Ha Ya' Ayn Sad. (XIX:I) # (44) Ta'ha'.
21	972350	PK	G	siasat.pk	A B C it or not ans finally india has accepted that China is the big brother, HA hahaha. # Now, now! we did not miss it, I think
22	969041	PK	G	pakistantoday.com.pk	A B C September 17th, 2012 at 9:46 PM I like that Bro...... Ha ha ha me too know many... Tariq Abbasi: September 17th, 2012
23	965269	PK	G	jpma.org.pk	A B C cups, and screwed in Titanium (Ti) shells. Finally, hydroxyapatite ( HA ) coated Ti shells with alumina modular inserts are being used which have published cup
24	943802	PK	G	central-mosque.com	A B C the phone or internet. By Shaykh (Mufti) Muhammad Ibn Adam ( HA ) # Question: Is it permissible to use an external (clitoral) vibrator
25	955715	PK	G	alahazrat.net	A B C Bahar-e-Shari'at # 14. Those who are not able to pronounce letters correctly such as Ha ' (from the middle part of the throat), Twa,' Ain
26	968754	PK	G	...stankakhudahafiz.com	A B C major living facilities but still on no. 9 very far off from isi's no.1. ha ha ha please don't **39;4546;TOOLONG #
27	951135	PK	G	sunniforum.net	A B C have some to dare not believe of way " how may? " " Ha ha , although is superficial, you didn't inherit your mother's beautiful looks,
28	973072	PK	G	sunniforum.com	A B C opening Fast " in Tirmidhi and explained by Shaykh (Muhadith) Saeed Palunpuri ( HA ) of Darul-uloom Deoband in his talks on moon sighting in London. # Shaykh
29	977755	PK	G	zawaj.com	A B C say the shahadah he said it on his own, " Ashadu anna laa ilaa ha illallah, wa ashadu anna muhammadur rasoolullah ". # On our way back from
30	955216	PK	G	al-islam.org	A B C were kept away from the rightful successors, they referred to the companions s a ha bah of the Prophet (S). # By the end of the period
31	961800	PK	G	faorap-apcas.org	A B C . The gross extent cultivated under major crops is Paddy 600,000 ha. Coconut 395,000 ha . Tea 211,000 ha. and Rubber 115,000 ha. Rural peasantry farmers who are
32	960196	PK	G	defence.pk	A B C that. laga reh # I know y u said that. laga reh # Ha ha ha and it happened now. Now Pakistan will win against Australia around 50
33	954872	PK	G	al-islam.org	A B C ten strong men made an attack. They were: Hmaydan Hajj Gati, Jilhit Ha Gati, Hmud al? Radi, Abd al? Dharah, Khdayyir al?
34	972269	PK	G	siasat.pk	A B C ye N leag ka ha ye Q ka ha ye MQM ka ha ye wo ha ye aysa ha thats it......... just put your self in their(Malala's family)
35	962699	PK	G	globalwaterforum.org	A B C the current mean annual flow at the Ethiopia-Sudan border), irrigation will exceed 360,000 ha (i.e. 23x present levels) and installed hydropower generating capacity will be in excess
36	3487934	PK	B	aiourdubooks.com	A B C took a brief from us and turned it into a full-length suit... ha ha ha ha!' # Alas, the joke is not that some politician whispered this
37	977769	PK	G	zawaj.com	A B C . Just remember to get up if a real kid wants the swing, ha ha . # Exercise together. This can be great fun and is a good bonding
38	969878	PK	G	pakpassion.net	A B C too far to his left. Gul had produced a jab and a edge wit ha delivery that straightened outside off stump from round the stumps and Akmal was late in
39	973030	PK	G	sunniforum.com	A B C to Allah' Allahu Akbar?' Allah is the Greatest.' La ila ha illallah- There is no worthy of worship except allah Subhanallahi Wabihamdihi - I deem Allah
40	956940	PK	G	blackseagrain.net	A B C , too, has grown from about 17,000 hectares in 2000 to more than 350,000 ha this year, he said. # In the absence of any official data,
41	976284	PK	G	uramamurthy.com	A B C 110th beat, when at last the two rhythms meet, there is a tremendous Ha ! of glee from the audience. As if the Indian rhythm player's task
42	960947	PK	G	desirulez.net	A B C 2006) *Long feud with Big Show which ended at Backlash 2006. Again, ha . *Won and lost ECW Championship in feud with Henry and Show (notice anything
43	947620	PK	G	islamic-laws.com	A B C What is due on him for Allah? # Khums, Zakat, Namaz, Ha , Roza, Kaffara Radde mazaalim, etc. As far as the implementation of
44	969041	PK	G	pakistantoday.com.pk	A B C September 17th, 2012 at 9:46 PM I like that Bro...... Ha ha ha me too know many... Tariq Abbasi: September 17th, 2012 at
45	961797	PK	G	fao.org	A B C ##961797 # The total cropped area in Pakistan is about 22.2 million ha . The share of food grain crops is 54 percent, followed by cotton and
46	3506559	PK	B	zemtv.com	A B C strategies to destroy Pakistan were just pipe dream and will remain so forever. # Ha Ha Ha Ha... What load of crap and fallacious way to appease your bloated
47	956524	PK	G	awaztoday.com	A B C October 2012 18:10 GMT # Ya country pata nhi kya sa kya bunti ja rai ha ... # Submited By: Dr.Khan # 12 October 2012 18:10 GMT # On the
48	948663	PK	G	...kasana.wordpress.com	A B C say i am going to a disco come and chase me and make a hoho ha ha on tv..!! Well, I am with you! and I
49	976810	PK	G	wiredpakistan.com	A B C just wasting money if you already don't have any confirmed job there. Ha Ha Ha!!!!! you think you'll go there and jobs will
50	946719	PK	G	...pakistanidefence.com	A B C four died Saturday in one of the deadliest days ever on the mountain. # Ha Wenyi of China, Eberhard Schaaf of Germany, Nepal-born Canadian Shriya Shah and South
51	961794	PK	G	fao.org	A B C a sliding scale crop compensation for maize, up to a maximum of N$250 per ha , and a fixed rate compensation of N$150 per ha for other cash crops yielding
52	943632	PK	G	blogs.tribune.com.pk	A B C sure when we have debates on why a nation prayed for a dead man. Ha . Recommend # Oh, and I'd also like to say praying for a
53	952603	PK	G	tribune.com.pk	A B C Pak win last match and lose today so this group remains alive # Ha ha ha !!! Mr. Honest. What can I say, you made my day
54	3859478	PK	B	umeedaintimes.com	A B C on the cloud " (???)? # 6- DB scaling and HA does not seem to be very mature with PaaS at this time. # 7-
55	3501034	PK	B	islamiclyrics.net	A B C Allah! Protect us all with Your help we will not fall, La illah ha illallah Muhammad ur Rasullallah As long as we believe in You, We'll never
56	951726	PK	G	tribune.com.pk	A B C part in these beauty contest otherwise you would have won a lot, ha, ha , ha, then why you send your women to Lollywood and by the way
57	972824	PK	G	sunniforum.com	A B C I have a question regarding the following Hadith quoted on page 523 of Shaykh Nuh Ha Mim Keller's (may Allah preserve him) translation of the Reliance of the
58	960656	PK	G	defence.pk	A B C countries for business gains. Its a win win so not sure what the hoo ha is about. # With regards to electronic manufacturing India at this stage is really
59	3495078	PK	B	sheenweb.com	A B C is likely to be high in household clustered around the poverty line. Such diversification ha not occurred in many part ofPakistanleading to an increased dependence on credit. # Economic
60	951833	PK	G	tribune.com.pk	A B C need, and remember this also GOD helps those who helps themselves. # Ha ha ! The conference was to set the road map for future of Afghanistan and U.S.
61	955112	PK	G	al-islam.org	A B C by some in such a way that the dad sounds like qaf. The guttural ha ' of rahman, rahim and other words is turned around in the throat in
62	951833	PK	G	tribune.com.pk	A B C we need, and remember this also GOD helps those who helps themselves. # Ha ha! The conference was to set the road map for future of Afghanistan and
63	977769	PK	G	zawaj.com	A B C teenagers. Just remember to get up if a real kid wants the swing, ha ha. # Exercise together. This can be great fun and is a good
64	968715	PK	G	...kistangeographic.com	A B C in low height. According to estimates, these forests cover an area of 207,000 ha . # There are two additional catagories of forests in Pakistan i.e. Riverain Forests and
65	3489695	PK	B	criticalppp.com	A B C spiritual, physical and else. Let's stand as one! # sab bakwas ha ......... hdp is known for every one, every young and old that they are
66	947187	PK	G	haram.wordpress.com	A B C our passports don't list our species ==> it s a JINN CONSPIRACY! hA Ha hahahaha!!!! # I have been tormented by jinns for more than
67	943877	PK	G	...kistan.wordpress.com	A B C , " reported the NY Times. These " vigil-aunties " (So p-unny! Ha ! Ha!) essentially paraded around a park in Karachi, to' expose
68	943643	PK	G	blogs.tribune.com.pk	A B C reputation of Pakistan, Pakistanis, Islam or Muslims. Rest assured. Recommend # Ha ha ha Interesting, but its just one sided view, those are doing this
69	973325	PK	G	sunniforum.com	A B C some reason)? This is MUCH faster but I can't differentiate haa and ha while reciting like this. I actually don't know how to pray at the
70	976674	PK	G	vshineworld.com	A B C to be right after the result. I came first and that girl failed. Ha Ha Ha!!! # Rehma Siddique Qatar Apr 28th 2012 # Huh!
71	958772	PK	G	cricketweb.net	A B C 1988. 10) - Bob Beamon's leap in the 1968 Mexico games. # Ha . I imagine some dramatic licence was taken, but I remember in the film
72	951921	PK	G	tribune.com.pk	A B C should vanish this sardari system get the baloch people free from sardars # Ha ha ha , great, what a demend, safety of baloch from forces who are supposed
73	972757	PK	G	sunniforum.com	A B C confused! # The following is the text of a talk given by Shaikh Nuh Ha Mim Keller at Nottingham and Trent University on Wednesday 25th January 1995. # In
74	943633	PK	G	blogs.tribune.com.pk	A B C of work beside what ever they do in rest of the time. Recommend # Ha ha... madam you should be given the highest bravary award. While everyone else
75	965951	PK	G	lumsdailystudent.com	A B C And I wasted your time while you read this. Very vengeful I am. Ha ha. I want to leave you with some divine words of wisdom with which
76	955730	PK	G	alahazrat.net	A B C and on this occasion, he must repeat " Allaho Akbar " and La ila ha Ill llah' three times each and recite the following prayer (in Arabic)
77	952612	PK	G	tribune.com.pk	A B C IPL in india and not play yourselves.... you are cursed by IPL.... ha ha ha # Congratulations to Pakistan for reaching the S/F. Incidentally, I was the
78	955213	PK	G	al-islam.org	A B C Yemen i tribes most of whom were Shi'ah. Besides, distinguished Shi'ah s a ha bah lived there. # With the transfer of' Al i (' a
79	971756	PK	G	shiachat.com	A B C on 23 August 2010 - 02:26 PM, said: # What happened with fasele ha ? # Did Bita become " ershad "?? # Bita dies. #
80	942157	PK	G	...rchive.tombraider.ws	A B C stone while Von Croy stands by the rotating lever. # Von Croy: " Ha ! I am not such an old man after all -- Yah? Von Croy
81	3494856	PK	B	roohaani.com	A B C Bahar-e-Shari'at # 14. Those who are not able to pronounce letters correctly such as Ha ' (from the middle part of the throat), Twa,' Ain
82	943330	PK	G	blogs.tribune.com.pk	A B C stop the bad news flow for people to think differently about us. # ha ha ha i view from nordic most of pakistani identify them self as indian here..
83	951726	PK	G	tribune.com.pk	A B C for one thing or another on her first visit to India. # Ha, Ha , Ha, you don't send your women to go and take part in
84	945268	PK	G	dawn.com	A B C prayer for Dr Maria. # Involuntarily replacing the " Kh " sound with " Ha " in their routine conversation, people of Sialkot are famous throughout Punjab for their
85	3494535	PK	B	pulverizermills.com	A B C Prev. SBM; SBM:SBM SBM.Mills PK, Riordan DG, Cress RD, Young HA . Perineal talc exposure and epithelial ovarian cancer risk in the Central Valley of California
86	949877	PK	G	pakteahouse.net	A B C to shoot at their own feet......... # No other country or a political establishment ha more liberals in their fold than the Imperial America. Its current leader has not
87	943447	PK	G	blogs.tribune.com.pk	A B C least that to my city folks who lost their lives. # THANK YOU: ha .... so easy isn't it... two English words... But it may offend
88	963498	PK	G	inter-islam.org	A B C given. # 1. All travel must be carried out in the presence of ha husband or Mahram (to whom marriage is absolutely prohibited e.g. father, son,
89	943653	PK	G	blogs.tribune.com.pk	A B C , into my days. Zikr, including repeating such phrases as " La illa ha il Allah " (There is no God but God), habitually draws our
90	960334	PK	G	defence.pk	A B C And funny that you forgot the evil saudi regime supported Saddam in a war witch ha results but loss, (no need to put any pic from that war I
91	955616	PK	G	al-islam.org	A B C salats (missed during hayz). " 13 # It is mustahab for a ha ? iz to change her sanitary napkin at the time of every prayer, to
92	952603	PK	G	tribune.com.pk	A B C made Pak win last match and lose today so this group remains alive # Ha ha ha!!! Mr. Honest. What can I say, you made my
93	943802	PK	G	central-mosque.com	A B C have had on this topic. By Shaykh (Mufti) Ebrahim Desai ( HA ) # Question:I have done anal sex with my husband evev i knew it was
94	964639	PK	G	islamicboard.com	A B C me; i'm just going to tell everyone that you don't exists! Ha ! "... oh, wait, " That wasn't enough to make Him
95	947314	PK	G	historyofislam.com	A B C # Shah started his song as soon as he left his hut. " Ta Ha ki galiyon meiN...... " (In the alleys of the Prophet....).
96	947081	PK	G	gift2shias.com	A B C P.B.U.H) and His Family..... down with Wahabis Son of F**y b**ch. ha haa ha # I have done a great deal of research on ithna asharis. I ahve
97	3488387	PK	B	askpakistan.com	A B C diet. Too bad you can't magically show up so I can say' Ha ! told ya so! " lol # 11visionary11 Quite the opposite, meat and
98	976810	PK	G	wiredpakistan.com	A B C are just wasting money if you already don't have any confirmed job there. Ha Ha Ha!!!!! you think you'll go there and jobs
99	952553	PK	G	tribune.com.pk	A B C much as one can recite daily. This the tracing of holy Quran wherein Allah ha ordered the believers to recite Farooq sharif as the angels also decide it " "
100	3495183	PK	B	snappycontent.com	A B C 760 coral reefs, which range in size from under 1HA to more than 10,000 ha and varied in shape to provide sight The most spectacular ocean on Earth. There
101	977755	PK	G	zawaj.com	A B C started repeating the Shahada to him asking him to repeat " Ashadu anna laa ilaa ha ... ", but all he kept repeating was the lyrics to the song.
102	954891	PK	G	al-islam.org	A B C verse 72 of Surat al-Kah f and ending with the last verse of Surat Ta Ha . 65 Each of the pages of this pocket-size codex have seven lines. Its
103	943512	PK	G	blogs.tribune.com.pk	A B C be calm and cool if you want to be professional other wise Allah he hafiz ha tera wish you best of luck in your job hunt as you will definetly be
104	956996	PK	G	blackseagrain.net	A B C expand its farmed land area in Ukraine by 50 Th ha (to 100 Th ha ) by the end of 2012, said Charles Beigbeder, the company's president
105	952612	PK	G	tribune.com.pk	A B C play IPL in india and not play yourselves.... you are cursed by IPL.... ha ha ha # Congratulations to Pakistan for reaching the S/F. Incidentally, I was
106	3492479	PK	B	...-review.blogspot.com	A B C a signal not to fire at you. I must have missed that briefing. Ha ! # I flew back to K-13 (Suwon Air Base) after flying over
107	964068	PK	G	islameasy.org	A B C else. The greatest Zikr is Salah as mentioned in Aayah 14 of Surah Ta Ha : # " I am Allah; there is no god but Me. So
108	943802	PK	G	central-mosque.com	A B C must be avoided altogether. By Shaykh (Mufti) Muhammad Ibn Adam ( HA ) # Question: I would like to ask a question which people have either
109	977473	PK	G	zawaj.com	A B C teenagers. Just remember to get up if a real kid wants the swing, ha ha. # Exercise together. This can be great fun and is a good
110	955499	PK	G	al-islam.org	A B C ) # (58) The Troops. (XXXIX:I) # (59) Ha Mim (The Believers). (XL:I) # (62) Ha Mim
111	968913	PK	G	pakistantoday.com.pk	A B C 5:28 PM so true bro... SHAN E NABI K AGAY FB KIA CHEZ HA Dawar kazi: October 6th, 2011 at 6:19 PM any latest
112	944347	PK	G	dawn.com	A B C a long time ago, but we had decided that gaind haath say chorna nahi ha (we weren't going to let go of the ball) because if we
113	3500465	PK	B	grandestrategy.com	A B C pakistanis you all will die with the shake of my ass ha.. haa.. ha # Anonymous said... # yes ofcourse coz thats all what u can do shake
114	960411	PK	G	defence.pk	A B C being taught in Mad-house Madrassahs. # One unit of Islamic countries. Ha ha ha . # --- Kahin ki eent, kaheen Ka rorra -- Bhan Mati nain kumba
115	956994	PK	G	blackseagrain.net	A B C Statistics, up from 496,268 ha recorded in 2005. However, of 9.27 million ha for which support was requested from APIA, only an area of 455,948 ha was
116	961800	PK	G	faorap-apcas.org	A B C Paddy 600,000 ha. Coconut 395,000 ha. Tea 211,000 ha. and Rubber 115,000 ha . Rural peasantry farmers who are engaged in cultivation of food crops such as paddy
117	3506559	PK	B	zemtv.com	A B C and temporary still after saying shahada you become unbeatable. Jasay lohay ko loha kaat-ta ha wasa sab jaantain hain ka mosalmaan ko shikast dana ka liya mosalmaan ka hona zarori
118	944671	PK	G	dawn.com	A B C its effects linger for a long time. " # Uncle John replied, " Ha ha! There is no such thing as magic potion dear, I just gave
119	3506456	PK	B	zawaj.com	A B C a divorce and seek cusody of your child. the family will make a ho ha about it let it be that way, just get out of this sticky situation
120	966790	PK	G	muftisays.com	A B C to our respected Sister to return to Taqleed of Ulamah and Shaykh Salih Al-Munajjid ( HA ) because this isn't an issue at all. # Jazakullah Khairun # We
121	943796	PK	G	....pakistan.alltop.com	A B C was... # Well now we know what her next mugshot will look like! Ha ! Soon after Lindsay Lohan's INSANE outburst at Avenue nightclub -- which resulted in
122	943183	PK	G	blogs.tribune.com.pk	A B C horses still around. A third old horse would be an overkill. Recommend # Ha ! Yousuf who is not performing in Tests since 2007 is 2nd priority. And
123	3493991	PK	B	...ey4free.blogspot.com	A B C ##3493992 # The CM-400 AKG missile ha been developed by the China Aerospace Science and Industry Corporation (CASIC) as a
124	951637	PK	G	tribune.com.pk	A B C written about the future of Islam in the Islamic Republic of Pakistan. Recommend # Ha ha.... I can't control myself from laughing.... Is Pakistan the Saviour of
125	947620	PK	G	islamic-laws.com	A B C to Zakariya the sad tidings of Karbala: # Kaf - Stands for Karbala # Ha - Stands for Halakat (Annihilation of the Holy family) # Ya - Stands
126	963393	PK	G	ilmkidunya.com	A B C % hai but urz name n merit is not in merit list ik ka 84.6813% ha well merit position 2994 hai meri n seats open merit ki 2889 so any chance
127	951921	PK	G	tribune.com.pk	A B C we should vanish this sardari system get the baloch people free from sardars # Ha ha ha, great, what a demend, safety of baloch from forces who are
128	3494856	PK	B	roohaani.com	A B C ' (hamza),' Ain, Ha (from the throat), ha (lighter), Qa', Ka', Da' and Dwa'
129	943189	PK	G	blogs.tribune.com.pk	A B C laugh when a neighbour is in trouble. Recommend # hassan ejaz wyne: Ha ha ha, Killing osama was the solution. 1. Osama was dead inside and
130	961726	PK	G	ezsoftech.com	A B C schools of thought. And anyone who has even the slightest knowledge of Ayatullah ( HA )' s rulings can detect the outrageous lies within what is being said and
131	952284	PK	G	tribune.com.pk	A B C why it has issued visas to 250 pak citizens- Interior Minister Rehman Malik, # HA HA This guy is insane and gone nuts. He doesn't even know basic
132	3506563	PK	B	zemtv.com	A B C Gen Zia's Blasmphy law at all where as his video is still available where ha claimed that Allah has choosen him for making Blasmphy law alone. Liar has short
133	955216	PK	G	al-islam.org	A B C not existent then. But after the end of the period of the s a ha bah, on account of the emergence of new issues in jurisprudence, a number
134	941830	PK	G	ahmadiyya.org	A B C , meaning that there are countless degrees of whiteness. Then by using the pronoun ha (" its ") in the words mukhtalif-an alwanu-ha (lit. its different colours
135	3494335	PK	B	pkpolitics.com	A B C am very much surprised when mr.rauf said " we should not blame any one " ha ha ha..... its GEO tv's agenda i mean blame game and target different
136	961794	PK	G	fao.org	A B C compensation of N$150 per ha for other cash crops yielding less than 0.4 tonnes per ha . Only commercial and communal area farmers with Agribank loans are eligible. # a
137	3494345	PK	B	pkpolitics.com	A B C thoses cases which are against govt........ every body knows how speedy tackled, Cj Ha Ha Ha!!!!!!, He will do justice!!
138	3494340	PK	B	pkpolitics.com	A B C this program Dr Pirzada is not going to get another interview from the Americans.. ha ha.. and Sibgatullah Qadri, this British QC will be barred from coming close
139	943801	PK	G	central-mosque.com	A B C Prophet Shaykh Abd Al-Hafiz Makki (HA) Translated by Ismaeel Nakhuda ( HA ) # Translator -- The article below was published in Roshni, a religious supplement
140	951921	PK	G	tribune.com.pk	A B C ..... we should vanish this sardari system get the baloch people free from sardars # Ha ha ha, great, what a demend, safety of baloch from forces who
141	3506559	PK	B	zemtv.com	A B C wasa sab jaantain hain ka mosalmaan ko shikast dana ka liya mosalmaan ka hona zarori ha , hamari tareekh es baat ki gwah ha. # Agar hum chaar bar haray
142	3487934	PK	B	aiourdubooks.com	A B C They took a brief from us and turned it into a full-length suit... ha ha ha ha!' # Alas, the joke is not that some politician whispered
143	3502084	PK	B	muftisays.com	A B C yusuf? # Asslamo Allaikum Brother/Sister, # Shaykh (Maulana) Yusuf Motala ( HA ) is one of the most Senior Scholars of UK and has served the Deen
144	951870	PK	G	tribune.com.pk	A B C caste but education which defines our actions or our response to any situation. # Ha ! Should we assume that so called martial races are murderous with no hope of
145	963574	PK	G	inter-islam.org	A B C upon sin and be proud of it. He continually recited:? Laa ilaa ha illaa anta subhanaka innee kuntu minaz-zaalemeen? until his death. (As above,
146	977817	PK	G	zemtv.com	A B C the police station just for the record................... BUT.................. # why pakistan moshkil mian ha why muslim had bed time cuz these kind of animal in our society they believe
147	944498	PK	G	dawn.com	A B C # In reply to the comment or rather sarcastic comment by the Hindu " Ha Ha now you can blame ramzan for not winng olympic medals ". I suggest you
148	942933	PK	G	blogs.reuters.com	A B C translate into policy if he becomes the next president of the United States? # Ha , What are all Indians worried about? A thousand Obamas and Americas can not
149	943330	PK	G	blogs.tribune.com.pk	A B C and stop the bad news flow for people to think differently about us. # ha ha ha i view from nordic most of pakistani identify them self as indian here
150	947187	PK	G	haram.wordpress.com	A B C crap? What about space aliens? Santa Claus? The tooth fairy? Ha ha ha! And I love that last one -- >' Marriage between humans and
151	961719	PK	G	ezsoftech.com	A B C is the wolf? " # The shepherd boy laughed loudly, " Ha, Ha , Ha! I fooled all of you. I was only playing a trick
152	972269	PK	G	siasat.pk	A B C into blame game ye N leag ka ha ye Q ka ha ye MQM ka ha ye wo ha ye aysa ha thats it......... just put your self in their(Malala
153	3487985	PK	B	...laiwah.wordpress.com	A B C monopoly player and sits on 0.2 million ha of mine lease area, including 55,000 ha of forestland. Its reserves are some 64 billion tonnes, but production lags at
154	966972	PK	G	mutah.com	A B C , but he forgot and We found in him no firm resolve " (Ta Ha , 20:115). The discourse here is about Adam as an example, in
155	955618	PK	G	al-islam.org	A B C shed out; and when it is shed out (she is regarded as a ha ? iz and) she is not allowed to perform salat. " 1 # In
156	966162	PK	G	...aaref-foundation.com	A B C his name except the way the Imam' Askari has mentioned it that is mim ha mim da. There are texts in this regard directly received from the twelfth Imam
157	951973	PK	G	tribune.com.pk	A B C contempt butridicule is something else i.e. similar to what Babar Awan did. # Ha Ha Ha.... a joke that all sane people well anticipated. Where in the world
158	943802	PK	G	central-mosque.com	A B C sexual desire. Muslim. By Shaykh (Mufti) Muhammad Ibn Adam ( HA ) # Question: Recently, a course was advertised in our city teaching aspects
159	3494340	PK	B	pkpolitics.com	A B C program Dr Pirzada is not going to get another interview from the Americans.. ha ha .. and Sibgatullah Qadri, this British QC will be barred from coming close to
160	960334	PK	G	defence.pk	A B C And funny that you forgot the evil saudi regime supported Saddam in a war witch ha results but loss, (no need to put any pic from that war I
161	943001	PK	G	blogs.thenews.com.pk	A B C simply foolhardy to sit and rant about stuff you really have no clue about. Ha ha.. and speaking about Salman, am sure he will be amused by the
162	971280	PK	G	rrcap.unep.org	A B C Table 7. Protected Areas of Pakistan # Category # No. # Area ( ha ) # % of Land Area # 1. National Parks # 10 # 954,246
163	942800	PK	G	blog.naseeb.com	A B C not a question and if you consider it a challenge then consider it rhetorical. ha , ha! # Yacckaty, men probably advise telling the truth and women otherwise
164	950601	PK	G	relation.mypkweb.com	A B C listed below: # Honesty is one of the most important values any relationship should ha # Here is some of the best women relationship advice you can get: he
165	3496256	PK	B	tribune.com.pk	A B C from other communities and in no time, rioting could have started. * # Ha ha , good joke, its Mumbai Muslims who raised very strong objection to bury the
166	951973	PK	G	tribune.com.pk	A B C of contempt butridicule is something else i.e. similar to what Babar Awan did. # Ha Ha Ha.... a joke that all sane people well anticipated. Where in the
167	958290	PK	G	coiradio.com	A B C The Qur'an says: " establish prayer for My remembrance. " (Sura Ta Ha , No. 20, verse 14) # The holy phrase " Behold! By
168	951726	PK	G	tribune.com.pk	A B C thing or another on her first visit to India. # Ha, Ha, Ha , you don't send your women to go and take part in these beauty
169	956994	PK	G	blackseagrain.net	A B C ha per capita. As to the farmland not used, Romania had 1.025 million ha in 2010, according to MADR, a figure unconfirmed yet by the National Institute
170	943176	PK	G	blogs.tribune.com.pk	A B C breathing hard.... # it is a nice saying SHARAM AUR HAYA AANKHON MA HOTI HA .... you can be Islamic by covering your body decently in shalwar qameez and dupatta
171	3487934	PK	B	aiourdubooks.com	A B C a brief from us and turned it into a full-length suit... ha ha ha ha !' # Alas, the joke is not that some politician whispered this into
172	942820	PK	G	blog.naseeb.com	A B C other can remind her ". 2:282 Yousaf Ali, One reminding the other one ha sonly one possible explantion that the other one is not a witness as is there
173	943231	PK	G	blogs.tribune.com.pk	A B C CNN's Becky Anderson. (Why do nt they leave?) HA HA HA . DIFFERENT CULTURES are still LIVING TOGETHER.. sikhs, persians, hindus, Muslims
174	3488101	PK	B	almiskeenah.com	A B C Insha'Allah next time... and if they are not there then my ladder will be ha ha ha. No this was not on the map as the map was only
175	963574	PK	G	inter-islam.org	A B C from:? Yawma yaraunal Malaaikata Laa Bushra?? and when I reached? Ha baa an Mansuraa? he screamed and passed out. When he regained consciousness he
176	955496	PK	G	al-islam.org	A B C muqatta'ah-letters, like Alif, Lam, Mim, Alif, Lam Ra', Ha , Mim, whose real meaning is unknown). # We must, how
177	955317	PK	G	al-islam.org	A B C wa' Aliyyu nil Hadi imami wal Hasanul' askari imami wal Hujjatul muntazar imami ha ula'i salawatullahi' alayhim ajma'in A'i'mmati wa sadati wa qadati wa shufa-a'i bihim atawalla wa
178	955316	PK	G	al-islam.org	A B C : (i) Surah Alif Lam Mini as-Sajdah, 32:15 (ii) Surah Ha Mim Sajdah, 41:98 (iii) Surah an-Najm, 59:62 and (iv)
179	970460	PK	G	poetry-chaikhana.com	A B C traveled to countless lands and worn countless costumes; even so, Your marvels -- ha ! -- never cease.
180	3500818	PK	B	...rnational-issues.org	A B C Western economies have not been developed by such subscribed policy, as outlined by Dr Ha Joon Chang in his book " Kicking away the ladder. " The recent failure
181	950354	PK	G	pkpolitics.com	A B C to the position of politicians like Jinnah, Gandhi, Nehru and Guj Jeewan Raam. ha ha ha # Iftikhar Chaudhary was a balloon that was inflated out of its limit
182	3500970	PK	B	islamicboard.com	A B C i would call a big bug. Re: There was a glitch # ha great.. I know my four year old niece wanted to be a character in
183	968715	PK	G	...kistangeographic.com	A B C demand for fuel wood. Mostly found in Punjab these irrigated plantations cover about 226,000 ha
184	3494069	PK	B	paksoldiers.com	A B C think we should not be selling Western Technology &; Pakistani expertise to Russia. ha ha ha # It is not important whose technology is better, important thing is that
185	977638	PK	G	zawaj.com	A B C head against the bed. (Sorry joking, typing for a long time now ha ). # Sister masturbation is a sickness, but like every sickness there is
186	956994	PK	G	blackseagrain.net	A B C , Germany, Great Britain and Poland, with 61% out of the 23.8 million ha of Romania's territory, according to the Ministry of Agriculture and Rural Development (
187	947210	PK	G	healinghearts.5u.com	A B C Jesus and His loving Saints from all ages? # HUMAN RIGHTS? DEMOCRACY? HA ! MEDIACRAZY YOU MEAN! Let's not be dumb bunnies! Rights &; Democracy
188	956996	PK	G	blackseagrain.net	A B C , AgroGeneration owns the Ukraine-based company Vinal (whose three farms cultivate over 25 Th ha in Western Ukraine). The company also controls three large agricultural firms (in
189	3504405	PK	B	siasat.pk	A B C Writer, Producer &; Director (Himself) P.D. Mehra made " ISHQ KHUDA HA " in early 90's (1993-94) and bring his film VCD (Along
190	3494281	PK	B	pkdiary.com	A B C they promised us that we Pakistani team will bring world cup? Izzat raas nae ha hamain simple. # Just remember Umer Gull is the only one who takes us
191	956134	PK	G	allamaiqbal.com	A B C an, the same problems to overcome: In case of western civilization, Europe ha learnt from Islam many things that helped her to become something slid as " modern
192	972918	PK	G	sunniforum.com	A B C by many of the converts to Islam who are great scholars such as Shaykh Nuh Ha Meem Keller, Shaykh Gibril Haddad, Shaykh Hamza Yusuf, etc. # Yet
193	3504417	PK	B	siasat.pk	A B C for false benefits of life and do not think of life after death. # Ha ha this guy has mischief worked out to an art. He should be shot
194	3488993	PK	B	blogs.reuters.com	A B C on trinity takes you outside the realms of one God and therefore Islam " # ha ha ha ha ha ha.... keep it up Rex boy... keep supplying us
195	3500465	PK	B	grandestrategy.com	A B C this question to your mom and sister MOMA WHAT SIZE WAS THE INDIAN BALLS. HA HA. # Jai hind # Anonymous said... # Regarding the fact that we
196	965971	PK	G	...aaref-foundation.com	A B C ri dj ites who were from Yemen were so powerful that they could participate in Ha djdj pilgrimage openly. Ab? Hamza Mu kh t? r Ibn' Awf
197	967009	PK	G	myasia-bollywood.com	A B C , washes clothes.... # Q: And goes spouse swapping. # A: Ha , ha! But that apart the things I had to do in " Mixed
198	975246	PK	G	thenewstribe.com	A B C and, most importantly... It works. # Corhen # " grow up " ha ha ha, he makes a accurate comment about the poor style of writing of
199	970134	PK	G	pakwheels.com	A B C think its faulty which they won't, then they will say sir switch abhi ha nahi, you come next week lol.. the new cars have no quality over
200	971280	PK	G	rrcap.unep.org	A B C the Northern Areas). # Table 6. Forest Areas and Rangelands (in ha .) # Forest Type # NWFP # Panjab # Sindh # Balochistan # Northern
201	965970	PK	G	...aaref-foundation.com	A B C benefit of this family may lead to the Umayyads' overthrow interfered in it and Ha djdj a dj divorced her. 3 # In any case,' Abd All
202	955279	PK	G	al-islam.org	A B C and from it you shall be raised again. " # Chapter 20 (Ta Ha ) verses 116-126 # And remember when We said to the angels, " Prostrate
203	971280	PK	G	rrcap.unep.org	A B C Table 9. # Table 9. Land use Categories of Pakistan (000? ha ) # Landuse Type # Area # %age # 1. Agriculture # 21,733 #
204	3860540	PK	B	mohammadjawad.com	A B C ##3860542 # Q mobile Noir A8 fazool set ha just a company marketing strategy to sell its product at high cost as it is
205	976810	PK	G	wiredpakistan.com	A B C wasting money if you already don't have any confirmed job there. Ha Ha Ha !!!!! you think you'll go there and jobs will be
206	968839	PK	G	...stankakhudahafiz.com	A B C Kashmiris rather than with Pakistani punjabis.Let all know it very clearly. # ha ha ha ha ha -- what a joke. Reality comes out now. We all knew
207	955213	PK	G	al-islam.org	A B C became stronger. # On account of the rule there of great Shi'ah s a ha bah such as Salm a n al-F a rs i and H udhayfah ibn al-Yam
208	956352	PK	G	...agorn-legolas.5u.com	A B C leg and gets Legolas to the floor, but keeps hold of Elladan. " Ha . " Aragorn says. Elladan squirms, but can't get free. Aragorn
209	966202	PK	G	...aaref-foundation.com	A B C muqatta'ah-letters, like Alif, Lam, Mim, Alif, Lam Ra', Ha , Mim, whose real meaning is unknown). # We must, however
210	977537	PK	G	zawaj.com	A B C himself; Nothings permanent baby, so don't beat yourself up about this. HA ! The past 2 days weren't exactly easy for me, I just did
211	3492581	PK	B	masudblog.com	A B C that they " taught " me. # Thanks to your blog, Shaykh Nuh Ha Mim Keller, Sheikh Faraz Rabbani, Imam Zaid Shakir, and Sheikh Hamza Yusuf
212	3494419	PK	B	...icyresearchgroup.com	A B C too long Pak leadership, particularly the permanent establishment, which is the army, ha dn't cared for public concerns in their pursuit of strategic goals and short term
213	955206	PK	G	al-islam.org	A B C crimes. # He beheaded one hundred Iranian-born Shi'ite Muslims. Then he moved toward Ha ? ramawt where allegedly numerous Shi'ite Muslims resided. He had said he would kill
214	968913	PK	G	pakistantoday.com.pk	A B C September 29th, 2011 at 9:44 AM rizaq ALLAH pak k hath mn ha , tme is se behtr mil jaye ga ishaALLAh September 29th, 2011 at
215	951974	PK	G	tribune.com.pk	A B C . Don't try to give excuses for your " Apko kaisa mehsoos ho raha ha " reporting. I seriously doubt they will improve themselves one bit even after the
216	972918	PK	G	sunniforum.com	A B C by many of the converts to Islam who are great scholars such as Shaykh Nuh Ha Meem Keller, Shaykh Gibril Haddad, Shaykh Hamza Yusuf, etc. # Yet
217	955349	PK	G	al-islam.org	A B C become rebels, lest you should become subjected to My Torment. (Surah Ta Ha , 20:8l) # Use what you have acquired as your own good lawful property
218	942083	PK	G	alquraan.net	A B C his body and then read the leaves. That was the beginning of Surah Ta Ha (Chapter 20 of the Holy Qur'an). When he came to the verse
219	951135	PK	G	sunniforum.net	A B C , have some to dare not believe of way " how may? " " Ha ha, although is superficial, you didn't inherit your mother's beautiful looks
220	978022	PK	G	z8.invisionfree.com	A B C can erase the Kalima from our mosques but never from our hearts! # Laila ha illallah Muhammad ur Rasulullah # Mr OuiJa - August 17, 2009 10:15 PM (
221	972841	PK	G	sunniforum.com	A B C women will take place instead of men. # God knows best. # ha ha hah hah ahahahaha... that broke me up. # AbuTamim # 07-03-2012, 07:46
222	943095	PK	G	blogs.thenews.com.pk	A B C came across a couple of old, forgotten songs by Asif Hassan Mehdi. I ha ...
223	968794	PK	G	...stankakhudahafiz.com	A B C , better spend that money on providing toilets to your caste infested population....... ha ha ha! poor slum dogs! # endia will get this with the help of
224	973244	PK	G	sunniforum.com	A B C go about it the right way. Contact Shaykh (Mufti) Zubair Dudha ( HA ) and their council can perform your Nikah and provide you with witnesses etc.
225	972269	PK	G	siasat.pk	A B C commentary on other life...... and just get into blame game ye N leag ka ha ye Q ka ha ye MQM ka ha ye wo ha ye aysa ha thats
226	956994	PK	G	blackseagrain.net	A B C of pastures, 1.527 million ha of hayland, 214,298 ha of vineyards and 205,143 ha of orchards. Per capita, the farmland used places Romania on the 5th place
227	955217	PK	G	al-islam.org	A B C H a shim such as' Abd Allah ibn Ab i Sufy a n ibn Ha rith ibn' Abd al-Mu tt alib and Mughayrah ibn Ha rith ibn' Abd
228	971916	PK	G	shiachat.com	A B C the followers of Sayid Sistani can choose whomever they want # Now Sayid Sistani ( ha ) says that the testimony from one reliable person when determining the most knowledgeable is
229	957898	PK	G	chapatimystery.com	A B C that she thinks is " incidental ". Who said incidental? You did. Ha . It's not incidental! I don't really mean that. History is
230	3488101	PK	B	almiskeenah.com	A B C next time... and if they are not there then my ladder will be ha ha ha. No this was not on the map as the map was only of
231	956996	PK	G	blackseagrain.net	A B C and oilseed production intends to expand its farmed land area in Ukraine by 50 Th ha (to 100 Th ha) by the end of 2012, said Charles Beigbeder
232	3494345	PK	B	pkpolitics.com	A B C which are against govt........ every body knows how speedy tackled, Cj Ha Ha Ha !!!!!!, He will do justice!!!!
233	951637	PK	G	tribune.com.pk	A B C about the future of Islam in the Islamic Republic of Pakistan. Recommend # Ha ha .... I can't control myself from laughing.... Is Pakistan the Saviour of Islam
234	955718	PK	G	alahazrat.net	A B C even if once' Alhamdo Lillahi' or' Subhanallahi' or' La ila Ha illallah' is prayed, then the Farz would be fulfilled, but to make
235	3487683	PK	B	...cm.seecs.nust.edu.pk	A B C enjoying pakoras, fries and tea. Some were busy in crying out " ho ha ho ha ". Desk beating added fun to the preceding. # A kind
236	968774	PK	G	...stankakhudahafiz.com	A B C will realise that pak is not only worthlessness but useless as well. # Ha ha ha..... any idiot can make that... India lead the word in the following
237	961226	PK	G	...nload-free-games.com	A B C ... yes... I am getting it.. can someone lend me 35 dollars? Ha just kidding. I will be shooting the full version soon # favulous+amzing, Dec
238	3504417	PK	B	siasat.pk	A B C false benefits of life and do not think of life after death. # Ha ha this guy has mischief worked out to an art. He should be shot.
239	949437	PK	G	pakistanlink.org	A B C latest Hollywood films... who cares about paying royalties for a forty-year-old song... ha ha ,' said an official in mock horror. # The Corruption Olympiad will run
240	3860504	PK	B	master-edge.com	A B C the number 0. It immediately tells us that we won't lose something. Ha , that's a good one. But, while these 0 apr credit cards
241	949437	PK	G	pakistanlink.org	A B C the latest Hollywood films... who cares about paying royalties for a forty-year-old song... ha ha,' said an official in mock horror. # The Corruption Olympiad will
242	948694	PK	G	metaexistence.org	A B C brother-in-law. Khabbab ibn al-Aratt was with them, holding a page from Surah Ta Ha which he was reading to them. When they heard Umar's footsteps, Khabbab
243	3488101	PK	B	almiskeenah.com	A B C time... and if they are not there then my ladder will be ha ha ha . No this was not on the map as the map was only of the
244	968774	PK	G	...stankakhudahafiz.com	A B C u will realise that pak is not only worthlessness but useless as well. # Ha ha ha..... any idiot can make that... India lead the word in the
245	955336	PK	G	al-islam.org	A B C , the performance of Sajdah becomes obligatory: # Surah as-Sajdah, 32:15 # Surah Ha Mim Sajdah, 41:38 # Surah an-Najm, 53:62 # Surah al-'Alaq, 96:19 #
246	3860849	PK	B	pkhope.com	A B C hunger reduces all the principles of civilization " (Bhook tehzeeb k adab mitta dati ha ) it's really true, it's all about empathy, when you will
247	3488126	PK	B	almiskeenah.com	A B C poem Mashallah!.............. Last night in paradise angels were baking cup cakes.......... HA HA ! they must have been yummy! and the pictures look very STUNNING with all
248	942800	PK	G	blog.naseeb.com	A B C question and if you consider it a challenge then consider it rhetorical. ha, ha ! # Yacckaty, men probably advise telling the truth and women otherwise because women
249	964647	PK	G	islamicboard.com	A B C your dua to be accepted when you yourself are in doubt. # La ila ha illa anta subhanaka inni kuntu minazzalimeen. " There is no deity except You;
250	955210	PK	G	al-islam.org	A B C , # The' Abb a sid caliph Mutawakkil dispatched me to summon Imam al- Ha d i (' a) to Medina. When I arrived along with the
251	3488791	PK	B	...log.karachifoods.com	A B C in the twin cities of Rawalpindi and Islamabad the profits and business of dry fruits ha also been raised as their demand and sale has significantly increased. # A large
252	3488993	PK	B	blogs.reuters.com	A B C you outside the realms of one God and therefore Islam " # ha ha ha ha ha ha.... keep it up Rex boy... keep supplying us with more laughter
253	3506559	PK	B	zemtv.com	A B C to destroy Pakistan were just pipe dream and will remain so forever. # Ha Ha Ha Ha... What load of crap and fallacious way to appease your bloated ego
254	3500962	PK	B	islamicboard.com	A B C year or two since they may want you to have masters. # La ila ha illa anta subhanaka inni kuntu minazzalimeen. " There is no deity except You;
255	3506570	PK	B	zemtv.com	A B C apka hath un zalimon kay giraaban tak lay jata ha n unko nanga ker daita ha jinhon nay injustice, cruelity and moral values ko tabah kerny ki koshish ki hoti
256	955210	PK	G	al-islam.org	A B C could be seen among them. He tied this group with chains and manacles. Ha r u n's slave then said to me: " The order of the
257	975831	PK	G	tolueislam.org	A B C the Quran, he may do raku after reciting only sub haa nalla and laa-e-laa ha ill lalla while standing in Namaaz. This is enough for him. A tradition
258	3504637	PK	B	sunniforum.com	A B C the hands kept down, or one may lift hands, but (if the ha nds are lifted) one? s back should be towards the grave and one
259	968643	PK	G	pakissan.com	A B C million hectare, and the total area used for crop production is only 22 million ha . Of which about 18 million ha (80 percent) are irrigated. Pakistan
260	3492816	PK	B	muslim-academy.com	A B C being soled instantly!! One thing i would like to mention that Class difference ha sto do alot in this regard, elites are participants and buyers so you can
261	943409	PK	G	blogs.tribune.com.pk	A B C jewish people was carried out by the European christians and traditionaly the jewish people always ha the protection of the musalman rulers and its people, whereas, antisemitism was born
262	3491331	PK	B	haram.wordpress.com	A B C a king whom he fears, when standing before him, should recite: Kaf Ha Ya Ain Suad (verse 1. Mary) bend one finger of his right
263	972269	PK	G	siasat.pk	A B C into blame game ye N leag ka ha ye Q ka ha ye MQM ka ha ye wo ha ye aysa ha thats it......... just put your self in their(Malala
264	963686	PK	G	inter-islam.org	A B C s Messenger sallallahu alaihe wasallam as saying, " If anyone recites in the morning Ha Mim (Al-Mu? min) to Ilayhil Maseer (40:3) and Aayatul Kursi
265	954948	PK	G	al-islam.org	A B C Ja'far bin Abu Talib, Zayd bin H? rith and Abdullah bin Raw? ha at Mota (Syria) reached Madina. The Holy Prophet and 30,000 Muslims returned
266	955216	PK	G	al-islam.org	A B C concerning religious issues and problems. Of course, a number of the s a ha bah were forerunners in this matter. As Ibn Sa'd says, during the
267	944498	PK	G	dawn.com	A B C . # In reply to the comment or rather sarcastic comment by the Hindu " Ha Ha now you can blame ramzan for not winng olympic medals ". I suggest
268	972269	PK	G	siasat.pk	A B C ka ha ye Q ka ha ye MQM ka ha ye wo ha ye aysa ha thats it......... just put your self in their(Malala's family) shoes and THINK
269	943385	PK	G	blogs.tribune.com.pk	A B C ? They also Use The Internet? I wonder to google what? ha ha ha Cheap action by this Cheap Govt. And all you People out there DO NT
270	3488097	PK	B	almiskeenah.com	A B C ... Insha'Allah you continue to repeat them over and over for us all. Ah ha ... the' homework' LOL!!! Don't think you are off
271	952289	PK	G	tribune.com.pk	A B C As the authors says, Pakistanis are clumsy when it comes to copying # Ha ha , that's good. As it happens, I wrote the opening paragraph of
272	3489461	PK	B	chitraltoday.net	A B C her taqder a pahle, Khuda bandei sa khud puche ga bata tari raza kya ha ! Do not be impressed of anybody, try to be amn of yourself as
273	942820	PK	G	blog.naseeb.com	A B C present day USA look like a laughing stock when compared to that). Saudia ha snone of that.Infact American Govt comes closer to Islamic Govt then Saudi Govt. I
274	952425	PK	G	tribune.com.pk	A B C that Coal India Limited is a monopoly player and sits on 0.2 million hectares ( ha ) of mine lease area, including 55,000 ha of forestland. Its reserves are
275	971916	PK	G	shiachat.com	A B C because I see that Syed al-Sistani is more qualified. # Now Sayid Sistani ( ha ) says that the testimony from one reliable person when determining the most knowledgeable is
276	951935	PK	G	tribune.com.pk	A B C ur documents... we are stupid and naive and u r very clever?... ha .. how hard it is stop the corruption of bilour in railways... he said
277	956994	PK	G	blackseagrain.net	A B C ha is arable area, plus another 3.323 million ha of pastures, 1.527 million ha of hayland, 214,298 ha of vineyards and 205,143 ha of orchards. Per capita
278	956532	PK	G	awaztoday.com	A B C ... yaanee telukni tindd dhoop mai lishkara thi,, hhahahahahahaa dreaming pm of pakistan ha # Submited By: Riaz Ahmed # 26 November 2012 23:11 GMT # Message by
279	968794	PK	G	...stankakhudahafiz.com	A B C better spend that money on providing toilets to your caste infested population....... ha ha ha ! poor slum dogs! # endia will get this with the help of US
280	955701	PK	G	alahazrat.net	A B C alayh extracted his information. # Hafidhh Iban Al Qayyim states: # Allah Soob ha Na hu Wat'aala sent the Prophet May Allah bless Him and grant Him peace to
281	973551	PK	G	tasawwuf.org	A B C Book of Islam. Qari Abdul Basit closed his eyes and started reciting Surah Ta Ha , the same part of the Holy Quran that had made one of the worst
282	960411	PK	G	defence.pk	A B C are not being taught in Mad-house Madrassahs. # One unit of Islamic countries. Ha ha ha. # --- Kahin ki eent, kaheen Ka rorra -- Bhan Mati
283	962923	PK	G	hazaranation.com	A B C light over existing economic, social and political changes, occurring in South Asia. Ha also highlighted his father's political and social contributions and his election as the first
284	955103	PK	G	al-islam.org	A B C al-Hadid (The Iron) # This is a? madani? Surah and it ha 29 ayaat. The Holy Prophet (S) said that the reciter of this
285	972350	PK	G	siasat.pk	A B C it or not ans finally india has accepted that China is the big brother, HA hahaha. # I agree. Pakistan is a force to reckon with but for
286	948694	PK	G	metaexistence.org	A B C and washed and then she gave him the page bearing the passage from Surah Ta Ha . After reading only a few lines, he exclaimed,' How noble and
287	950224	PK	G	pkpolitics.com	A B C and serve Noon league and to target other parties. (yeh Noon league ka banda ha ), justice Nasar is neutral and he can be trusted from all parties.
288	973326	PK	G	sunniforum.com	A B C . I know you had mentioned that you keep thinking you said the wrong " ha "... but that is a common issue I think. When whispering, it
289	961726	PK	G	ezsoftech.com	A B C forefront of every initiative for Muslim unity. # Statement of Ayatullah al-Udhma Sistani ( HA ) on the subject of Muslim Unity (Ittihad) and against Sectarianism # In
290	949213	PK	G	...ceunit.wordpress.com	A B C . Here are a few typical comments: # 181. Noam: Ha Ha Ha ! Europeans, this is your " liberalism " # 240. D.A.: Bring
291	946632	PK	G	...m.accountancy.com.pk	A B C exemption, it will be 5 years at minimum. " Saari umer parhte rehna ha ? " it is all about this.. save your time.. and make best
292	955216	PK	G	al-islam.org	A B C (S). # By the end of the period of the s a ha bah, a number of jurists fuqah a emerged from among the Ahl as-Sunnah.
293	965959	PK	G	...aaref-foundation.com	A B C said,' I have read the Qur'an but I have not read the " Ha Mim ".' # The Imam said,' Have you not read,
294	953162	PK	G	tribune.com.pk	A B C all doom and gloom # Iqbal says juda ho deen siasat se tou reh jati ha changazi which means state must control the religion where as quran says there is no
295	966950	PK	G	muslimtents.com	A B C he feareth not injustice nor begrudging (of his wage). -- -- 20:Ta Ha : 105-112 # 7. And We set a just balance for the Day of
296	968920	PK	G	pakistantoday.com.pk	A B C a chit chat' with Faiz. The interpretations of his poetic collection' Nuskha ha ay wafa' which was one of the finest poets in Udru, is illustrated
297	962630	PK	G	girlsgames1.co	A B C she brought from the shop are absolutely and undoubtedly very cute. She wants to ha # Spot the Difference Girls Played: 319 Tags: Puzzle Desc: Spotting the
298	977493	PK	G	zawaj.com	A B C say, " Hey, look at that ugly guy over there! Ha! Ha ! Ha!, " our children may think that this is acceptable behavior.
299	948663	PK	G	...kasana.wordpress.com	A B C i am going to a disco come and chase me and make a hoho ha ha on tv..!! Well, I am with you! and I am
300	944052	PK	G	criticalppp.com	A B C above their differences and unite under the banner of Emir-ul-Momineen Mullah Mohammad Omar Mujahid ( HA ) and work towards the revival of the Caliphate -- a dream awaiting fulfillment. "
301	950354	PK	G	pkpolitics.com	A B C position of politicians like Jinnah, Gandhi, Nehru and Guj Jeewan Raam. ha ha ha # Iftikhar Chaudhary was a balloon that was inflated out of its limit, it
302	3506559	PK	B	zemtv.com	A B C destroy Pakistan were just pipe dream and will remain so forever. # Ha Ha Ha Ha... What load of crap and fallacious way to appease your bloated ego.
303	961726	PK	G	ezsoftech.com	A B C attributed these made-up rulings to His Eminence (Ayatullah al-Udhma Sayyed Ali al-Husayni as-Sistani ( HA )), in an apparent attempt to defame his authority for the sole purpose
304	955217	PK	G	al-islam.org	A B C (' a) was' Abd Allah ibn Ab i Sufy a n ibn Ha rith ibn' Abd al-Mu tt alib. Shaykh al-Muf i d says, "
305	968839	PK	G	...stankakhudahafiz.com	A B C with Kashmiris rather than with Pakistani punjabis.Let all know it very clearly. # ha ha ha ha ha -- what a joke. Reality comes out now. We all
306	968429	PK	G	opinion-maker.org	A B C this time... so the point of contention or dissent or " virtually " ( ha ha) not existant and dadly will not be heard. # ... existence of
307	955210	PK	G	al-islam.org	A B C . When I arrived along with the Imam in Baghdad, I went to Is ha q ibn Ibr a h i m a t - Ta hir i, the
308	955213	PK	G	al-islam.org	A B C AH, and the reason behind it was the rule of distinguished Shi'ah s a ha bah such as Salm a n al-F a rsi and H udhayfah ibn Y aman
309	975369	PK	G	thenewstribe.com	A B C ALLAH ko hai chahen hum hum jitna hi neki Karen Len. ALlah chahe to ha men ek choti si sunnat jaise bina hand wash khana khana keep wajah se jahannam
310	972269	PK	G	siasat.pk	A B C one take a bulit in his/her head to plot a drama, yar hadd hoti ha conspiracy ki....... I am not an active writer to this site but i do
311	966162	PK	G	...aaref-foundation.com	A B C he himself regards the direct descendant of Imam Hasan' Askari whom he calls mim ha mim da as the Qa'im and the Mahdi. He also introduces his patronymic as
312	951143	PK	G	sunniforum.net	A B C oneself at the beginning of fault, woulding be can make up back. " Ha ha, Hao son, this even if would notA until over get for several
313	961800	PK	G	faorap-apcas.org	A B C country. Currently in a main season known as " Maha " cultivates about 600,000 ha . of paddy and in the second season " Yala " the area restricts mainly
314	963574	PK	G	inter-islam.org	A B C ? May Allah shower his mercies upon you.? She replied? Laa ilaa ha Illallah; what type of ignorance is this. I am that same Tohfah.?
315	961794	PK	G	fao.org	A B C a maximum of N$250 per ha, and a fixed rate compensation of N$150 per ha for other cash crops yielding less than 0.4 tonnes per ha. Only commercial and
316	971280	PK	G	rrcap.unep.org	A B C Areas) is 4.26 million hectares. The per capita forest area is only 0.037 ha compared to the world average of ONE ha. Main reason for this is that
317	968715	PK	G	...kistangeographic.com	A B C species. These sub tropical broad leaved forests cover fairly large area of about 1,191,000 ha . # On the other hand Sub-tropical pine forests are found at little higher altitude1000-1700
318	943146	PK	G	blogs.tribune.com.pk	A B C losing t20 which is a gud format for us u r expecting Honour for Misbah ha . Recommend # yeah every player in pakistan have very good avg but no one
319	3503426	PK	B	panishani.com	A B C ##3503427 Release of " JAB TAK HA JAAN " # The last film directed by Yash Chopra " Jab Tak Hai Jaan
320	971755	PK	G	shiachat.com	A B C is, however, most, including the more popular ones like Ayatullah Sistani ( hA ), Imam Khamenei (hA), and every other ruling of the maraja
321	943385	PK	G	blogs.tribune.com.pk	A B C it? They also Use The Internet? I wonder to google what? ha ha ha Cheap action by this Cheap Govt. And all you People out there DO
322	969041	PK	G	pakistantoday.com.pk	A B C : September 17th, 2012 at 9:46 PM I like that Bro...... Ha ha ha me too know many... Tariq Abbasi: September 17th,
323	964639	PK	G	islamicboard.com	A B C NOW! i'm just going to tell everyone that you don't exist! HA ! THAT will teach you! "...: i'll show Him. Who
324	955726	PK	G	alahazrat.net	A B C brothers and our sisters and our children and companions and our friends and him who ha right on us and him who made will for us and all the Momin men
325	968428	PK	G	opinion-maker.org	A B C be united and have to come under single flag of, LA E. LA HA MUHAMMAD UR RASOOL ULLAH, # Ironicly titled article isn't it.? Notice that
326	943274	PK	G	blogs.tribune.com.pk	A B C the male genitalia and how bleaching cream would be next for them (joke, ha ha) yet you've conveniently censored that part.... so you're telling me
327	947480	PK	G	...onnation.forums3.com	A B C through Amazon its eligible for free shipping. Not trying to sound like " ha ha I'm better " or anything, honestly just comparing since I posted the wrong
328	951721	PK	G	tribune.com.pk	A B C done will only embolden Muslim terrorists as they would have a reason to retort.. ha .. Another some liberals would point out how terrorism is not just a Muslim dominated
329	943802	PK	G	central-mosque.com	A B C the matter with him. By Shaykh (Mufti) Muhammad Ibn Adam ( HA ) # Question: Is it permissible to have phone sex with one's wife
330	968429	PK	G	opinion-maker.org	A B C time... so the point of contention or dissent or " virtually " (ha ha ) not existant and dadly will not be heard. # ... existence of these
331	956903	PK	G	blackseagrain.net	A B C first time in 6 years and totaled, according to UkrAgroConsult estimates, 790-800 Th. ha . This is 17% less than previous year, when sunflower was sown on the
332	965970	PK	G	...aaref-foundation.com	A B C Gh atf? n region alongside? l Art? t Ibn Sh ab? ha , he was sent to B? diya and called Mahd?. 5 When
333	965668	PK	G	...etsstartthinking.org	A B C Decree of (Him) the Exalted in Might, Full of knowledge. # Ha Meem As-Sajda - 41:9-12 # As for A'ad, they were arrogant in the land
334	950351	PK	G	pkpolitics.com	A B C of themselves, but wiser men so full of doubts. " # ha ha ha ......... That is a quote from Bertrand Russell about religious people who are always so
335	948663	PK	G	...kasana.wordpress.com	A B C knowledge of investigative journalism, and yea one thing is very very CLEAR... she ha NO WORK ETHICS! # Mehreen, congratulations on once again speaking your mind.
336	972269	PK	G	siasat.pk	A B C ka ha ye Q ka ha ye MQM ka ha ye wo ha ye aysa ha thats it......... just put your self in their(Malala's family) shoes and THINK
337	960076	PK	G	dayofjudgment.com	A B C plain on which you will see no dip or gradient. " (Surah Ta Ha , 105-107) # The uneven ground we see today will be flat on that
338	955342	PK	G	al-islam.org	A B C rihal jannati waj' alni mim man yashummu riha ha wa rawha ha wa tiba ha . (O Lord! Do not deprive me of the fragrance of Paradise,
339	944671	PK	G	dawn.com	A B C effects linger for a long time. " # Uncle John replied, " Ha ha ! There is no such thing as magic potion dear, I just gave you
340	3500465	PK	B	grandestrategy.com	A B C Anonymous said... # pakistanis you all will die with the shake of my ass ha .. haa.. ha # Anonymous said... # yes ofcourse coz thats all what
341	955607	PK	G	al-islam.org	A B C of his ears, Utbah listened. The Prophet (? s) recited Surah Ha Mim Dukhan to him. When he reached the verse: # I have warned
342	3861282	PK	B	urduartist.net	A B C extremely pleased to see him and recited the Persian couplet, # Ai A'tish-e-furqat dil ha kabab karda # Sailab-e-Ishtiaqat janha kharab karda # Meaning: The fire of separation has
343	943295	PK	G	blogs.tribune.com.pk	A B C why why whyyyyyyyyyyy??? kch kar nai saktay bhai to jo kr rha ha us ko appreciate to kar do, vo b nai kar saktay to mun band
344	3496381	PK	B	umreviews.com	A B C that barely see the light of day. So they're totally useless. # Ha , just kidding. Those buried posts are still driving a ton of organic value
345	943801	PK	G	central-mosque.com	A B C Abdullah Ibn Umar (RA). Shaykh (Mufti) Ebrahim Desai ( HA ) # Question: Dear Mufti Could you give us proof from Quran and Sunnah
346	944829	PK	G	dawn.com	A B C comedian. " # " What's that? " # " You know, ha ha ha " # She had never heard of the word comedian and was not
347	964639	PK	G	islamicboard.com	A B C me; i'm just going to tell everyone that you don't exists! Ha ! "... oh, wait, " That wasn't enough to make Him
348	956896	PK	G	...removeswithquran.com	A B C embassy thay saying thet she dnt want to see me any more, also i ha no contact with my wife, but my some resorces my wife in embassy and
349	956520	PK	G	awaztoday.com	A B C sentence.. isi liya tho kahty hain zuban hi insaan ko oonchai per la jati ha or yahi zuban hi insaan ko zamin per girati ha. # It is biggest
350	963574	PK	G	inter-islam.org	A B C . After reciting Bismillah aloud a few times he said: # ? Laa ilaa ha illaa anta Subhanaka innee kuntu minazaalemeen.? # After this he recited Tasmiya aloud,
351	973072	PK	G	sunniforum.com	A B C talks on moon sighting in London. # Shaykh (Muhadith) Saeed Palunpuri ( HA ) goes to great lengths in explaining this Hadeeth and its ramifications on Muslims (
352	968794	PK	G	...stankakhudahafiz.com	A B C already, better spend that money on providing toilets to your caste infested population....... ha ha ha! poor slum dogs! # endia will get this with the help
353	942807	PK	G	blog.naseeb.com	A B C not out of a concern for her way too many plastic surgeries.... ha ha ha ha;) # scrubs it were when google Plastic surgery u get a list
354	960473	PK	G	defence.pk	A B C evidence was provided by the chants of " Pakistan ka matlab kya, la ilah ha ilillah " (Pakistan? s raisin d? etre is that there is no
355	957856	PK	G	central-mosque.com	A B C Detailed Account of Qunut Nazilah: Shaykh (Mufti) Ebrahim Desai ( HA ) # Q.) We in Long Island, NY, USA are a multiethnic
356	3492232	PK	B	kpkads.com	A B C eldest brother don't want to lose temper. a long time it just ha ha on smiling. need condition of the injury instauration. the red dress woman also lost
357	942807	PK	G	blog.naseeb.com	A B C recite when looking at himself/herself in the mirror Allah humma Antaa hasanta Qal ki Wa ha sin qulki. # You wrote: I have recently come across the opportunity to
358	972269	PK	G	siasat.pk	A B C one take a bulit in his/her head to plot a drama, yar hadd hoti ha conspiracy ki....... I am not an active writer to this site but i do
359	943002	PK	G	blogs.thenews.com.pk	A B C the world No.1 Agency defending Pakistan from very clever and sharp enemies " # Ha Ha Ha.. Good Joke. Made me laugh like hell. # The achievements of
360	970276	PK	G	pergolagroup.com	A B C flowers to fly a leaf to harm a person. " Could you back? Ha ha...... " comfortable cloud laugh wildly. in the afternoon again lead long an
361	3496239	PK	B	tribune.com.pk	A B C . Recommend # Allahdaad r u serious bro, NS and politics of principles ha ha, working with zia ul haq, taking money from isi, running away
362	975246	PK	G	thenewstribe.com	A B C , most importantly... It works. # Corhen # " grow up " ha ha ha, he makes a accurate comment about the poor style of writing of this
363	964639	PK	G	islamicboard.com	A B C That wasn't enough to make Him show Himself to me? "... " Ha ! well then, tell you what God, unless you come show Yourself to
364	976674	PK	G	vshineworld.com	A B C be right after the result. I came first and that girl failed. Ha Ha Ha!!! # Rehma Siddique Qatar Apr 28th 2012 # Huh! i
365	954845	PK	G	al-islam.org	A B C down that: " Say, He ", in which the " H " ha confirms what is affirmed, and the " W " waw points out to what
366	3494281	PK	B	pkdiary.com	A B C things which I want to share but I will not because (lakeer ky fakeer ha hum log) and we don't want to understand. The thing is that
367	971916	PK	G	shiachat.com	A B C is a correct criteria. # Thanx for everyone's input Now Sayid Sistani ( ha ) says that the testimony from one reliable person when determining the most knowledgeable is
368	943231	PK	G	blogs.tribune.com.pk	A B C to CNN's Becky Anderson. (Why do nt they leave?) HA HA HA. DIFFERENT CULTURES are still LIVING TOGETHER.. sikhs, persians, hindus,
369	955342	PK	G	al-islam.org	A B C is stuck to his hands after his work, he should examine and clean his ha nds by scrubbing etc, till he is sure that there are no remnants,
370	3858569	PK	B	improve.mypkweb.com	A B C And I'm ok with that. I think forty gives you that right. Ha !) # In addition to having some wonderful experiences on this cruise, I
371	955217	PK	G	al-islam.org	A B C Similarly, a number of other H a shimite poets from among the s a ha bah and t a bi' u n had also recited poetry in defence of
372	978018	PK	G	yvonneridley.org	A B C such as those used by the Nazis and the Soviets. " # Ah, ha . So now we know. Those devious Iranians are trying to build up a
373	970384	PK	G	pkaffairs.com	A B C # 12 October 2012 # Ya country pata nhi kya sa kya bunti ja rai ha ... # Submited By:
374	942801	PK	G	blog.naseeb.com	A B C worship at MY throne of sexual desire every time I demand it. ha, ha ! # For the growing number of you that wish to find so many things
375	955342	PK	G	al-islam.org	A B C tuharrim' alaya rihal jannati waj' alni mim man yashummu riha ha wa rawha ha wa tiba ha. (O Lord! Do not deprive me of the fragrance
376	3488711	PK	B	bilalaliansari.com	A B C you should in great quantity recite the kalimah? ayyibah: L? il? ha illa All? h, and make much istighf? r (beg Allah's
377	950312	PK	G	pkpolitics.com	A B C that constitution as civilian president. so (yeh bee aap ke taraf se jhut ha ) # There was no rigging from government in 1977 election. Every independent person
378	976810	PK	G	wiredpakistan.com	A B C wasting money if you already don't have any confirmed job there. Ha Ha Ha !!!!! you think you'll go there and jobs will be
379	961800	PK	G	faorap-apcas.org	A B C cultivated under major crops is Paddy 600,000 ha. Coconut 395,000 ha. Tea 211,000 ha . and Rubber 115,000 ha. Rural peasantry farmers who are engaged in cultivation of
380	943877	PK	G	...kistan.wordpress.com	A B C reported the NY Times. These " vigil-aunties " (So p-unny! Ha! Ha !) essentially paraded around a park in Karachi, to' expose' young
381	955633	PK	G	al-islam.org	A B C Lillaahil Lazi Sadaqanaa Wa'Dah and on her left and hand Al Hamdu Lillahil Lazi Za Ha Ba An Nal Hazn. # Heavenly Women Are Much More Beautiful And Attractive #
382	956520	PK	G	awaztoday.com	A B C ko oonchai per la jati ha or yahi zuban hi insaan ko zamin per girati ha . # It is biggest mistaken statement by i heared by saeed anwar, he
383	3858070	PK	B	blogs.dunyanews.tv	A B C of Islam. A country where we hear " Pakistan Ka Matlab Kya La Ila Ha Ilallah ". Then why women are harassed the moment they leave their homes.
384	971151	PK	G	...eviewofreligions.org	A B C Mustafa would often adopt the name Mu or Mo, those named Hasan would become Ha , Said would become Sai and so gradually, the names became integrated into Chinese
385	955212	PK	G	al-islam.org	A B C Ya'q u b i, " The' Abbasid caliph M u s a al- Ha d i was pursuing the Ta lib i s. He seriously threatened them,
386	3494332	PK	B	pkpolitics.com	A B C female will see this comment, I might share it with u... ha ha ha .. I am in sweden and believe me I never loughed that much as I
387	949864	PK	G	pakteahouse.net	A B C who and when. We know that. It proves nothing. ". Ha ha , a typical " heartland " " expression of annoyance ", but I will
388	955715	PK	G	alahazrat.net	A B C ' (hamza),' Ain, Ha (from the throat), ha (lighter), Qa', Ka', Da' and Dwa'
389	956994	PK	G	blackseagrain.net	A B C , with 0.41 ha, while the average in EU 27 stands at some 0.21 ha per capita. As to the farmland not used, Romania had 1.025 million ha
390	3494332	PK	B	pkpolitics.com	A B C that no female will see this comment, I might share it with u... ha ha ha.. I am in sweden and believe me I never loughed that much
391	3491331	PK	B	haram.wordpress.com	A B C , and he who hears iniquity is indeed a failure (verse III, Ta Ha ) and then opens his hands before his face. This will repel the evil
392	956994	PK	G	blackseagrain.net	A B C (MADR). # Of the 14.686 million ha of farmland, 9.415 million ha is arable area, plus another 3.323 million ha of pastures, 1.527 million ha
393	3496661	PK	B	vusolutions.com	A B C sustain a country's consumption patterns, measured in terms of global hectares (g ha ) which represent a hectare of land with average productive biocapacity. # Why do
394	971812	PK	G	shiachat.com	A B C The most accessible marja to westerners who is still alive I believe is Sayed Sistani ha - I (and many others) also believe him to be most knowledgeable.
395	3500465	PK	B	grandestrategy.com	A B C girl child if u send her to school... and save ur culture... ha ha ... by the way if a nuclear was is triggered.... we may loose some
396	943001	PK	G	blogs.thenews.com.pk	A B C interests and liking does not give him right to point fingures at others. ( Ha Ha:: She may be living anywhere in the world, but idolize the
397	964639	PK	G	islamicboard.com	A B C That wasn't enough to make Him show Himself to me? "... " Ha ! well then, tell you what God, unless you come show Yourself to
398	955730	PK	G	alahazrat.net	A B C manage otherwise keeping the face to it he should recite " Allaho Akbar Wa Laila ha Il lul Lah Wal Hamdo Lillah " # and repeating the Durood Sharif he must
399	3500975	PK	B	islamicboard.com	A B C understand what you are in disagreement about..... or are you in disagreement? # ha ? you lost me there sister, I thought you were asking for the lesson
400	943802	PK	G	central-mosque.com	A B C the truth. Ameen. By Shaykh (Mufti) Muhammad Ibn Adam ( HA ) # Question: I just wanted some help. I am a 21 year
401	949173	PK	G	...lamonline.tripod.com	A B C his body and then read the leaves. That was the beginning of Surah Ta Ha (Chapter 20 of the Holy Qur'an). When he came to the verse
402	3494069	PK	B	paksoldiers.com	A B C we should not be selling Western Technology &; Pakistani expertise to Russia. ha ha ha # It is not important whose technology is better, important thing is that the
403	961796	PK	G	fao.org	A B C 3 Provincial crop areas and fertilizer deliveries 2002/03 # Province # Cropped area (million ha ) # Percent of total # Fertilizer deliveries (? 000 tonnes) # Percent
404	973326	PK	G	sunniforum.com	A B C , it is often difficult to differentiate between Qaaf and Kaaf, both of the Ha 's, etc... so you're not alone in that. You just recite
405	3494345	PK	B	pkpolitics.com	A B C cases which are against govt........ every body knows how speedy tackled, Cj Ha Ha Ha!!!!!!, He will do justice!!!
406	953163	PK	G	tribune.com.pk	A B C all doom and gloom # Iqbal says juda ho deen siasat se tou reh jati ha changazi which means state must control the religion where as quran says there is no
407	3494856	PK	B	roohaani.com	A B C ,? a, Alif, A' (hamza),' Ain, Ha (from the throat), ha (lighter), Qa', Ka
408	955321	PK	G	al-islam.org	A B C of the holy Qur'an: # Surah Alif Lam Mim as-Sajdah, 32:15 # Surah Ha Mim Sajdah, 41:38 # Surah an-Najm, 53:62 # Surah al' Alaq,
409	943385	PK	G	blogs.tribune.com.pk	A B C watch it? They also Use The Internet? I wonder to google what? ha ha ha Cheap action by this Cheap Govt. And all you People out there
410	964840	PK	G	islamiclyrics.net	A B C the sleep God gave to give us rest after the day; # Haa # Ha is for the Hijra, the journey that, the Prophet made; # Waw
411	3504652	PK	B	sunniforum.com	A B C questions answered. He decided to write to Shaykh (Mufti) Taqi Usmani ( HA ) but didn? t mail the letter because he thought why in the world
412	972269	PK	G	siasat.pk	A B C ...... and just get into blame game ye N leag ka ha ye Q ka ha ye MQM ka ha ye wo ha ye aysa ha thats it......... just put
413	3488993	PK	B	blogs.reuters.com	A B C outside the realms of one God and therefore Islam " # ha ha ha ha ha ha.... keep it up Rex boy... keep supplying us with more laughter...
414	963574	PK	G	inter-islam.org	A B C : Kill him! # Saeed: I make you witness that: Ashadu Al-Laa-ilaa ha il-Allahu wahdahu laa shareeka lahu wa ashhadu anna Muhammadan abduhu wa rasuluh, remember this
415	3488440	PK	B	awamtv.com	A B C Boss 4 as he does not recognise her properly. (Daal main Kuch Kala ha sir) An attempt to defame Pakistan # Asad Rauf went on to say
416	971280	PK	G	rrcap.unep.org	A B C # Winter Crops # Summer Crops # CROPS # Area # Production # Area ( ha .) # Production # (tonnes) # Cotton # 2,805 # 1,440 #
417	3861011	PK	B	siasat.pk	A B C . # According to the zameen.com data, for land, it is just D HA Phase VIII in Karachi which is still a major draw, and that too because
418	3491217	PK	B	...lletin.wordpress.com	A B C wheat and forage crops to vegetable crops. Farmers are earning up to $2433 per ha per year. An analysis of inflow-outflow of the dams shows that, if properly
419	970276	PK	G	pergolagroup.com	A B C to fly a leaf to harm a person. " Could you back? Ha ha ...... " comfortable cloud laugh wildly. in the afternoon again lead long an another
420	973072	PK	G	sunniforum.com	A B C and disappearance) shifts and its lengths vary. Shaykh Abu Yusuf Riyadh ulHaq ( HA ) says in his Saheeh Bukhari that if the length of day and night varies
421	960196	PK	G	defence.pk	A B C laga reh # I know y u said that. laga reh # Ha ha ha and it happened now. Now Pakistan will win against Australia around 50 runs And
422	950529	PK	G	qurango.com	A B C being to enter Makkah or Madina is to say with his lips, La ila ha illallah Muhammed ur Rasulullah meaning that' there is no God but Allah and Muhammed
423	942801	PK	G	blog.naseeb.com	A B C knees and worship at MY throne of sexual desire every time I demand it. ha , ha! # For the growing number of you that wish to find so
424	955499	PK	G	al-islam.org	A B C ) Ha Mim (The Believers). (XL:I) # (62) Ha Mim Ornaments of Gold. (XLIII:IX) # (63) Smoke. (
425	943002	PK	G	blogs.thenews.com.pk	A B C world No.1 Agency defending Pakistan from very clever and sharp enemies " # Ha Ha Ha .. Good Joke. Made me laugh like hell. # The achievements of this
426	947187	PK	G	haram.wordpress.com	A B C this crap? What about space aliens? Santa Claus? The tooth fairy? Ha ha ha! And I love that last one -- >' Marriage between humans
427	977813	PK	G	zemtv.com	A B C Government not from Mian Shab's own pocket, ya paisa in ke Bap ka ha . # Their leaders sit in bunkers have no nerve and guts to do anything
428	943802	PK	G	central-mosque.com	A B C : Three Case Histories, IX Family Therapy) By Ustadha Zaynab Ansari ( HA ) # Question: I have a pornography problem. I am 16 years old
429	3488993	PK	B	blogs.reuters.com	A B C the realms of one God and therefore Islam " # ha ha ha ha ha ha .... keep it up Rex boy... keep supplying us with more laughter... I
430	3494848	PK	B	roohaani.com	A B C are " abdomens, " which in Arabic is " butuniha, " the " ha " referring to a singular female bee. If the plural of the word "
431	971790	PK	G	shiachat.com	A B C wudhu. Should the blood soak the tampon without dripping from it, the istihad ha is a medium one. She is therefore required, as a matter of ihtiyat
432	973073	PK	G	sunniforum.com	A B C it were a separate entity or being. This is why he says " Ah ha , there is beginninglessness, " when we say that Allah is beginningless. But
433	958226	PK	G	coiradio.com	A B C visited me alone without his father, I myself would have poured water on his ha nd. Allah does not accept to put fathers and sons on the same level
434	946721	PK	G	...um.photos4travel.com	A B C 's capital city of Hanoi and especially, the thousands of limestone islands located in Ha Long Bay with extraordinary time together on luxury junk boat. # Well It seems
435	943632	PK	G	blogs.tribune.com.pk	A B C bomb mosques and kil innocent Muslim namazis, which Muslim is good? Recommend # ha ha. very funny. so im going tob e called a terrorist or an
436	971755	PK	G	shiachat.com	A B C , the laws of taqlid don't work that way. And Ayatullah Sistani ( hA ) does now allow you to follow rulings of other maraja unless he rules based
437	966017	PK	G	...aaref-foundation.com	A B C may be considered as exaggeration or shortage for another. The relative moderation is to ha ve only the quantity that is sufficient, away from greed and fill. The
438	951745	PK	G	tribune.com.pk	A B C areas, sizeable population of our country aren't even Muslims " yet ". Ha ! our Hindu brothers shouldn't moan about none Muslims' plight in Pakistan because
439	955217	PK	G	al-islam.org	A B C Sufy a n ibn Ha rith ibn' Abd al-Mu tt alib and Mughayrah ibn Ha rith ibn' Abd al-Mu tt alib. # 2. Confronting the Umayyad and
440	943001	PK	G	blogs.thenews.com.pk	A B C and liking does not give him right to point fingures at others. (Ha Ha :: She may be living anywhere in the world, but idolize the talibani
441	968839	PK	G	...stankakhudahafiz.com	A B C than with Pakistani punjabis.Let all know it very clearly. # ha ha ha ha ha -- what a joke. Reality comes out now. We all knew that nothing
442	965959	PK	G	...aaref-foundation.com	A B C I have.' # The Imam said,' Have you read the " Ha Mim "?' # The man said,' I have read the Qur'an
443	943013	PK	G	blogs.thenews.com.pk	A B C him to analyse our youth more. Best wishes Omer # Anonymous # Ha Ha ha ... How many of hi supporters actually attended his Karachi Jalsa. Just proves how
444	3858488	PK	B	galleryheart.com	A B C such a diverse range of cultures it is mind-blowing. 25. Vietnam: Ha Long Bay # I admit was a bit put off by the touristy nature of
445	955350	PK	G	al-islam.org	A B C ; you can only decide on this world' s life. (Surah Ta Ha , 20: 72) # The magicians further said to Fir'aun: # There
446	3859669	PK	B	antijoblessgroup.com	A B C the rightful owners, Junior students not admitted to the ideal secondary school pmunication of ha . Start empty-handed is difficult scientific research team and platform construction and other aspects of
447	977571	PK	G	zawaj.com	A B C but something im so sad and angry t: ( # Asalamu'alaikum, La illa ha ill lala This is sooooooo weird, i'm going through the exact same thing
448	949864	PK	G	pakteahouse.net	A B C by who and when. We know that. It proves nothing. ". Ha ha, a typical " heartland " " expression of annoyance ", but I
449	943650	PK	G	blogs.tribune.com.pk	A B C Hafiz Saeed go to Jihad and become shaheed? Are they afraid of shahadat? Ha Ha. They want others' children to be shaheed, not their own kids
450	3487985	PK	B	...laiwah.wordpress.com	A B C problem is that Coal India Limited is a monopoly player and sits on 0.2 million ha of mine lease area, including 55,000 ha of forestland. Its reserves are some
451	3488035	PK	B	...ll-online-movies.com	A B C filtered through the knowledge of the' 80s (actor Ronald Reagan is president, ha !), the film comes off as a Twilight Zone episode written by Preston
452	949880	PK	G	paktribune.com	A B C of Constituent Assembly scheduled in Dacca on 3 March 1971. By then, RAW ha fully consolidated its position in the province and was in a position to dictate to
453	943633	PK	G	blogs.tribune.com.pk	A B C work beside what ever they do in rest of the time. Recommend # Ha ha ... madam you should be given the highest bravary award. While everyone else is
454	3499819	PK	B	finestfun.net	A B C Cup is just one day away but that doesn't mean that the viewers will ha ... Pakistan vs. India warm-up: Akmal's sixes wi... # COLOMBO
455	951637	PK	G	tribune.com.pk	A B C of a certain pharma sales man called Mohammed Ali on account of Blasphemy laws! Ha ! Are you trying to teach the world and India on Civilization -- Quit Kidding
456	3488993	PK	B	blogs.reuters.com	A B C takes you outside the realms of one God and therefore Islam " # ha ha ha ha ha ha.... keep it up Rex boy... keep supplying us with more
457	972269	PK	G	siasat.pk	A B C commentary on other life...... and just get into blame game ye N leag ka ha ye Q ka ha ye MQM ka ha ye wo ha ye aysa ha thats
458	964851	PK	G	...amicperspectives.com	A B C nafaqat al-mutallaqa) and Muslim (kitab at-talaq, bab al-mutallaqah al-na'in la nafaqah la ha ), according to which the Prophet advised a divorced woman to stay in the
459	971280	PK	G	rrcap.unep.org	A B C , Tobacco, and various Pulses. Table 10 presents the areas (in 000 ha ) under different crops and their production (in 000? tonnes) in 1993-94
460	964840	PK	G	islamiclyrics.net	A B C Malay and Urdu. # Alif # Ba # Ta # Tha # Jim # Ha # Kha # Dal # Dhal # Ra # Zayn # Sin # Shin #
461	949362	PK	G	...ahafiz.wordpress.com	A B C history shows but it doesn't change the fact that they say " La illa ha illlah Muhammadan rasoolAllah " that is what unite us as one Ummah. # Our
462	975246	PK	G	thenewstribe.com	A B C most importantly... It works. # Corhen # " grow up " ha ha ha , he makes a accurate comment about the poor style of writing of this article
463	955210	PK	G	al-islam.org	A B C differed from one another in their treatment of the Shi'ah. Man su r, Ha r u n and Mutawakkil were among the most cruel caliphs in dealing with the
464	943632	PK	G	blogs.tribune.com.pk	A B C mosques and kil innocent Muslim namazis, which Muslim is good? Recommend # ha ha . very funny. so im going tob e called a terrorist or an extremist
465	943330	PK	G	blogs.tribune.com.pk	A B C the bad news flow for people to think differently about us. # ha ha ha i view from nordic most of pakistani identify them self as indian here.. just
466	3506820	PK	B	zumeet.com	A B C a duralit 4-slot chrome toaster box from' The Free Dictionary' did you? Ha ! Yessss, I long suspected the tfd toasters really come from somewhere else.
467	965959	PK	G	...aaref-foundation.com	A B C revealed about them. # Imam Ali (a.s.) said,' The " Ha Mim " 4 is about us. It is the verse that no one keeps
468	3858488	PK	B	galleryheart.com	A B C I admit was a bit put off by the touristy nature of getting to see Ha Long Bay in Vietnam but can not deny that it is one of the more
469	3488185	PK	B	anizatim.guplog.com	A B C the beach, this calm beach fringed with coconut palms is ideal. # Dzul Ha It is pronounced Zool-Ha was one of the escape for guys and gals who want
470	965668	PK	G	...etsstartthinking.org	A B C men) who are dead. For He has power over all things. # Ha Meem As-Sajda - 41:39 # Soon will We show them Our Signs in the (
471	952242	PK	G	tribune.com.pk	A B C Greysia Polii and Meiliana Jauhari and South Korean duos Jung Kyung-Eun and Kim Ha-Na and Ha Jung Eun and Kim Min Jung were thrown out of the women's doubles event
472	950354	PK	G	pkpolitics.com	A B C the position of politicians like Jinnah, Gandhi, Nehru and Guj Jeewan Raam. ha ha ha # Iftikhar Chaudhary was a balloon that was inflated out of its limit,
473	961794	PK	G	fao.org	A B C ; Adams, Werner and Vale (1990) put the figure at 14.4 million ha , nearly 50% of the commercial farming area of Namibia. # The primary causes
474	3491331	PK	B	haram.wordpress.com	A B C my tongue that they may understand my word. " (Verse 25-28, Ta Ha ) * * " And on that day We will leave a part of them
475	943189	PK	G	blogs.tribune.com.pk	A B C when a neighbour is in trouble. Recommend # hassan ejaz wyne: Ha ha ha , Killing osama was the solution. 1. Osama was dead inside and so
476	944829	PK	G	dawn.com	A B C " # " What's that? " # " You know, ha ha ha " # She had never heard of the word comedian and was not letting me
477	963574	PK	G	inter-islam.org	A B C dead person. I was there when he collapsed. The words Astagfirullahallazee laa ilaa ha illa hu? was on his tongue. Afterwards he started to recover and his
478	960947	PK	G	desirulez.net	A B C with Kane (2006) *Long feud with Kane which ended at Backlash 2006. HA . *Won and lost ECW Championship then took time off. *Returned then began to
479	965970	PK	G	...aaref-foundation.com	A B C h Ibn Dj a'far were set forth in advance. Even before that, when Ha djdj a dj decided to marry' Abd All? h Ibn Dj a'far's
480	946721	PK	G	...um.photos4travel.com	A B C trips. If you are looking for a cruising trips. Here some recommends: Ha long bay -The world natural heritage site. With its 3000 islands rising from the
481	968839	PK	G	...stankakhudahafiz.com	A B C rather than with Pakistani punjabis.Let all know it very clearly. # ha ha ha ha ha -- what a joke. Reality comes out now. We all knew that
482	3487683	PK	B	...cm.seecs.nust.edu.pk	A B C , fries and tea. Some were busy in crying out " ho ha ho ha ". Desk beating added fun to the preceding. # A kind and most
483	977473	PK	G	zawaj.com	A B C . Just remember to get up if a real kid wants the swing, ha ha . # Exercise together. This can be great fun and is a good bonding
484	3502085	PK	B	muftisays.com	A B C am glad that you have mentioned our dear beloved and respected Shaykh Salih Al-Munajjid ( HA ) whose site by the way is banned in Saudi Arabia but can be accessed
485	942820	PK	G	blog.naseeb.com	A B C you derelicts better catch up on some old reading cuz its long been written # Ha !!! What a joke/pc of filth this article is. With traitors to
486	964639	PK	G	islamicboard.com	A B C NOW! i'm just going to tell everyone that you don't exist! HA ! THAT will teach you! "...: i'll show Him. Who
487	947187	PK	G	haram.wordpress.com	A B C wonder our passports don't list our species ==> it s a JINN CONSPIRACY! hA Ha hahahaha!!!! # I have been tormented by jinns for more
488	975831	PK	G	tolueislam.org	A B C order: with one hand, catch the other. Waz mum elai ka jana ha ka min-ur-rah be (28: 32). Tie hands on your breast in
489	962155	PK	G	futureislam.com	A B C of other lands', the Siddur), and by faith, ki kol ha ' ammim yelkhu ish be-shem elohav va-anachnu nelekh be-shem Adonay elohenu (' for all
490	976019	PK	G	...rueislamicdreams.com	A B C we all (including me) starts to recite the Kalima? La e La ha IlllalAllah Mohammad ur Rasul Allah, and we keep on repeating this Kalima till the
491	950351	PK	G	pkpolitics.com	A B C certain of themselves, but wiser men so full of doubts. " # ha ha ha......... That is a quote from Bertrand Russell about religious people who are always
492	3495208	PK	B	socialexcerpts.com	A B C as expected includes any mention of Tiananmen Square. Some argues that the reason Weibo ha n't yet been shut down by the Chinese government is because it's useful to
493	3494335	PK	B	pkpolitics.com	A B C very much surprised when mr.rauf said " we should not blame any one " ha ha ha..... its GEO tv's agenda i mean blame game and target different personalities
494	972269	PK	G	siasat.pk	A B C ye N leag ka ha ye Q ka ha ye MQM ka ha ye wo ha ye aysa ha thats it......... just put your self in their(Malala's family)
495	960196	PK	G	defence.pk	A B C . laga reh # I know y u said that. laga reh # Ha ha ha and it happened now. Now Pakistan will win against Australia around 50 runs
496	960078	PK	G	dayofjudgment.com	A B C the All-Merciful, and nothing but a whisper will be heard. (Surah Ta Ha , 108) When people emerge from their graves and begin to run toward a
497	976810	PK	G	wiredpakistan.com	A B C are just wasting money if you already don't have any confirmed job there. Ha Ha Ha!!!!! you think you'll go there and jobs
498	944829	PK	G	dawn.com	A B C . " # " What's that? " # " You know, ha ha ha " # She had never heard of the word comedian and was not letting
499	942807	PK	G	blog.naseeb.com	A B C Surely not out of a concern for her way too many plastic surgeries.... ha ha ha ha;) # scrubs it were when google Plastic surgery u get a
500	972724	PK	G	stunningmesh.com	A B C beyond " doodling ", which I could do as well using MS Paint ( ha !). # So, come said visual communication course, I was fumbling
