1	998944	BD	G	fao.org	A B C the white shrimp (P. indicus). Shrimp culture area has expanded from 20,000 ha in 1980 to over 140,000 ha in 1994 and production has increased from 2,220 t
2	990836	BD	G	...ne.redheartbooks.com	A B C them, all the while KNOWING THEY CA N'T ESCAPE ME. # Ha ha ha ha ha! # Looks like we're on even playing field now, freeloaders
3	998950	BD	G	fao.org	A B C 000 ha, of which 1 545 000 ha were cultivated and 1 383 000 ha were drained through surface drains. In addition, the irrigated areas equipped for drainage
4	995586	BD	G	blogkori.com	A B C readers.. readers have no time to find keynotes from your huge blog... ha ha your advise just screwed up the readers.LOL -- Asad -- USA.. # Hi there
5	3800787	BD	B	bdbcs.blogspot.com	A B C land use on this scale would have drastic economic and social consequences, only 1100 ha have been scheduled for planting over the next three years (Haque 2003).
6	999040	BD	G	fisheries.gov.bd	A B C 450 hectare Modhumoti Baor has been excavated mechanically in this fiscal year. About 60 ha Hurasagar river will be re-excavated in the coming years. # Export of Fish &;
7	978326	BD	G	alalodulal.org	A B C now you might say.. and you have.. that that was bcuz that was HA 's dying wish etc etc.but c'm on think of this, his body had literally
8	998949	BD	G	fao.org	A B C 0.9 ha in 1983. Nearly 24 percent of farm households own less than 0.2 ha and another 46 percent own up to 1.0 ha. # In 1996, the
9	3506956	BD	B	...uresin.wordpress.com	A B C . But it's my " vision ", right??!! Ha ha . Oh, lettuce is barely hanging in with the heat, but have plenty
10	3802165	BD	B	...ashedin.blogspot.com	A B C unknowingly... following the age long tradition that this damned race holds. # ha ha I don't think that men have the honor of being sexy.. although the
11	998943	BD	G	fao.org	A B C 100.00 # The DOF recently estimated the total shrimp culture area in 1993-94 as 138,000 ha . The figure does not separately indicate the brackishwater farming area. The Galda farming
12	998825	BD	G	fao.org	A B C than 2 million ha seriously affected by this weed, while more than 500 000 ha are infested in the Mekong Delta River in Viet Nam. # In some areas
13	3518543	BD	B	forum4travel.com	A B C district remains in Vietnamese literature as a quaint and familiar description of this part of Ha Noi. Although many of the streets no longer have the products for which they
14	998943	BD	G	fao.org	A B C 1000 kg/ha) and 500 ha of semi-intensive farming (3000 kg/ha) and 10,000 ha of Galda farming (1000 kg/ha) should be locally produced on a priority basis
15	3508914	BD	B	blog.globalmojo.com	A B C next step, what then? Become the CEO of this giant movie chain? Ha ! At a start-up, your opportunities are boundless. I came to GlobalMojo with
16	998950	BD	G	fao.org	A B C farm households own less than 0.2 ha and another 46 percent own up to 1.0 ha . # In 1996, the population of Bangladesh was estimated at 120 073 000
17	3522148	BD	B	weeklyblitz.net	A B C because people aren't flying anymore to escape the pat downs at the airports. Ha ha. That was a big joke to the privileged sitting in the audience who
18	985335	BD	G	mukto-mona.net	A B C the creation of heaven and earth in seven firmament in two days... 41:12 # Ha Mim Sajdah 41:12 So He completed them as seven firmaments in two Days, and
19	992414	BD	G	banglacricket.com	A B C the demographic I come from. # He was eager to find out more about HA and wanted to read a translation of his work. Does anyone know of a
20	3802530	BD	B	thewhatworks.org	A B C Thank you very much indeed. Two years. Only two years. Ha ha ha (mutter mutter mutter) # So off I go with my broad smile and
21	998949	BD	G	fao.org	A B C drains. In addition, the irrigated areas equipped for drainage represented about 118 400 ha . In 1992, the average cost of drainage development was US$192/ha. # Different
22	988378	BD	G	...esources.texhive.com	A B C cozy with Washington pero de alguna forma o otra la sal de mesa comercial se ha vuelto tan increblemente procesado que en realidad hace mas dano que bienWho with sorrow the
23	998944	BD	G	fao.org	A B C ). Shrimp culture area has expanded from 20,000 ha in 1980 to over 140,000 ha in 1994 and production has increased from 2,220 t in 1982-83 to 57,000 t in
24	998943	BD	G	fao.org	A B C of various pellet sizes should be manufactured within the country. Feed adequate for 25,000 ha of improved extensive farming of Bagda shrimp (1000 kg/ha) and 500 ha of
25	978326	BD	G	alalodulal.org	A B C normal person can justify such thing? Shaon had no other choice but being with HA in NY, she was his legitimate wife also the drama queen wanted to make
26	1008980	BD	G	sos-arsenic.net	A B C The ADB (Asian Development Bank) funded afforestation programme in the Modhupur (16,000 ha woodlots in Gazipur, Tangail, Sherpur, Commila, Mymensingh, Dinajpur, Rajshahi
27	996991	BD	G	cyberbangladesh.org	A B C Ganges - Kobodak project (GK project) covering a total area of about 1,50,000 ha . Health condition of the great majority of the people has also been affected adversely
28	980171	BD	G	buddhim.20m.com	A B C # (2) This is the model followed by the 17 th c. chatur-vy ha caitya in Itum Bah O l, with two important differences: (a)
29	983288	BD	G	hasibul.info	A B C view of the temple. But he didn't miss this fall also... ha ha ha... # Anyway, after taking a shower we started for the town and
30	3800601	BD	B	banglacricket.com	A B C : You could hit the first ball for 4 couldn't you? Tamim: Ha , I could hit the first ball for 6, that's not a problem
31	978326	BD	G	alalodulal.org	A B C funn and real happiness. Let's see. # I have never heard of HA until his death. Why do Bangladeshi people still worship him after his scandal.
32	1013380	BD	G	travelersworldbd.com	A B C 160km (100 miles) from Hanoi, near the port of Haiphong, is Ha Long Bay. This is an amazing complex of 3000 chalk islands rising out of
33	3804144	BD	B	sitesalary.com	A B C despises. Cheap Dallas Cowboys Jerseys ChuQing Han jolly, looked up at XuanYuanYe " ha ha, want to good? " XuanYuanYe immediately one leng, " what want
34	1798913	BD	G	...etarek.wordpress.com	A B C . By fall 2010, the program will have allotted some 27,000 acres (10,927 ha ) to 21,000 families. 48 # The highest point in Bangladesh is in Mowdok
35	1014025	BD	G	vagabondreal.com	A B C # The Sundarbans Reserve Forest occupies an area of 601,700 hectares of which, 406,900 ha are forests, 187,400 ha water (rivers, rivulets, ponds and canals)
36	1008729	BD	G	shinemat.com	A B C to rank your blog position higher. It will never cheat with you. Ha Ha Ha. # Consider conjoin your blog pages # Internet marketers publish a lot of
37	979898	BD	G	blog.globalmojo.com	A B C difference it makes. " # If I were to leave GlobalMojo right now ( ha !), it would certainly matter. Who would take care of customer service
38	3518542	BD	B	forum4travel.com	A B C . The Cat Ba Archipelago shares the distinctive rugged appearance and scenic beauty of the Ha Long Bay Area, that was declared a UNESCO World Natural Heritage Site, in
39	987335	BD	G	newsflavor.com	A B C he's really disappeared because he DID find a Star Gate!!! Ah Ha !!!!! # Rose Harris # Posted April 19, 2011 at
40	995957	BD	G	btcn-bd.com	A B C differences in two main proteins on the surface of the influenza A virus (hemagglutinin HA , neuraminidase NA proteins). There are 16 known HA subtypes and 9 known
41	1013826	BD	G	unescap.org	A B C target of bringing 4.8 million ha of land under irrigation by 1995 from 3.1 million ha in 1990. The FCD coverage was targeted at 3.64 million ha by 1995 from
42	998820	BD	G	fao.org	A B C livelihoods for small farmers in the affected areas. In Indonesia, over 30 000 ha of rice production was damaged due to salinity. On the north-west coast, as
43	998943	BD	G	fao.org	A B C Districtwise brackishwater aquaculture areas # District # 1982-83 # 1984-85 # 1988-89 # 1993-94 # Ha # % of total # Ha # % of total # Ha # % of
44	998933	BD	G	fao.org	A B C of forest area viz. China (197 million ha), Australia (164 million ha ), Indonesia (88 million ha) and India (68 million ha)
45	3518543	BD	B	forum4travel.com	A B C and Westerners are familiar with the phrase Ha Noi ba muoi sau Pho Phuong or Ha Noi 36 districts. This phrase often causes much confusion for most people since,
46	981459	BD	G	...umentation.vizrt.com	A B C of 6-8 application servers, 2 DB servers, HA solutions (i.e. by using HA proxy and virtual IPs) for file system &; RMI-hub and 2-4 cache servers (
47	983290	BD	G	hasibul.info	A B C enchanting view of the temple. But he didn't miss this fall also... ha ha ha... # Anyway, after taking a shower we started for the town
48	978326	BD	G	alalodulal.org	A B C but just lost him for ever, would not use all your stubbornness to fulfill HA 's last wishes? 4. If HA indeed tell Shaon to bury him in
49	998949	BD	G	fao.org	A B C of floods occur in Bangladesh. Of the total cropped area, about 1.32 million ha are severely flood-prone and 5.05 million ha are moderately flood-prone. The flood protected area
50	3519690	BD	B	money.com.bd	A B C holiday destinations. With the December launch of the first non-stop service from London to Ha Noi and HCM City, the floodgates are " likely to open as a crop
51	998950	BD	G	fao.org	A B C the total cultivated area amounted to 7 743 000 ha, of which 392 000 ha under permanent crops. Of the area cultivated under annual crops, about 19 percent
52	1007494	BD	G	...tc-investigation.com	A B C that annoying ad with the girl pointing the finger at you. Basically saying " ha ha you are about to get scammed! ". Then that funny little stat
53	991513	BD	G	aippnet.org	A B C operating in San Fernando is that of San Cristo mining, exploring more than 13,000 ha of Matigsalog lands. San Cristo is an associate of Indophil Resources, which in
54	991023	BD	G	women.telecentre.org	A B C hear from you. # Before her work as a telecentre operator at the Prathat Ha Dung telecentre in the north of Thailand, Kanlaya was a single mother working as
55	3800787	BD	B	bdbcs.blogspot.com	A B C the drawing board until 1968, when a new recommendation halved that goal to 15 ha of green space per 100000 people in the city and 20 ha for towns in
56	1010982	BD	G	thedailystar.net	A B C year2009-10.The total area to be brought under boro cultivation has been estimated at 4.8 million ha land. # Boro crop requires maximum care during the month of March. In
57	998943	BD	G	fao.org	A B C financial institutions. In 1994, 36 farms, covering an estimated are of 700 ha in the Cox's Bazar District, started semi-intensive shrimp culture. But the shrimp
58	998950	BD	G	fao.org	A B C , mainly with STWs in the private sector. In 1982, about 1.5 million ha were under food crop irrigation. The rate of minor irrigation development slowed from 39
59	998870	BD	G	fao.org	A B C recent years, and the total area under organic management was estimated at 4.1 million ha in 2006, accounting for 13 percent of the world's total. Additionally,
60	981213	BD	G	...hedesh.wordpress.com	A B C and noodles -- quite the gourmet. I bet they miss my sauces ha ha ha ha. # There's a nasty smell coming from the corner, oh!
61	978326	BD	G	alalodulal.org	A B C why didn't she go? don't you see shaon's forceful control over HA ? think. don't just argue for the sake of argument. your other
62	1800888	BD	G	fao.org	A B C Between 2000 and 2010, cropped area under wheat in China shrank from 26.65 million ha in 2000 to 24.25 million ha in 2010, yet yields recorded a steady 2.92%
63	978326	BD	G	alalodulal.org	A B C ? what about HA's mother? you want to say shaon was sadder than HA 's mother? would you mind giving a second thought on YOUR THOUGHTS? who
64	998942	BD	G	fao.org	A B C as buffer zones against cyclones and tidal surges. The Bangladesh coast supports about 587,400 ha of natural mangroves (Mahmood 1986) and a further 100,000 ha of planted mangroves
65	1803569	BD	G	vagabondreal.com	A B C coastal belt of Bangladesh began in the early 1970s. From less than 20 000 ha of brackish water ponds in 1980, the area under cultivation expanded to approximately 140
66	994317	BD	G	banglapedia.org	A B C Bank came forward with financial support. At this time there were already about 5,100 ha of rubber plantation in the country and the new programme included the creation of another
67	994317	BD	G	banglapedia.org	A B C . H Rahman Khan # It is believed that from well-managed rubber plantations comprising 11,000 ha of marginal land, about one m ton of dry rubber per hectare (total
68	978728	BD	G	banglacricket.com	A B C we had the Al-Hassan twins, provided they were equally productive of course. # ha ha just noticed that. Yeah it looks funny to see 2 Shakib standing side
69	998950	BD	G	fao.org	A B C This envisaged the development of 58 flood protection and drainage projects covering about 5.8 million ha of land. Three types of polders were envisaged: gravity drainage, tidal sluice
70	1009008	BD	G	sos-arsenic.net	A B C bamboo area of 8.96 million ha, which further constitutes 11.71% of the 74.96 million ha of forest area of the country. The total bamboo yield of Mizoram is 32,37,689
71	989563	BD	G	thenewnationbd.com	A B C , about 0.15 million ha of forestland has been diverted for mining. About 26,000 ha was diverted only for coal mining in the 11th Five Year Plan (see table
72	3515334	BD	B	...mmigrationcanada.com	A B C by-laws a condition of your offer. One thing to check is that the strata ha sufficient contingency funds in its accounts. This is money to be used in the
73	984930	BD	G	manchumahara.com	A B C .. left meat, egg and sometimes fish.... Trying to be vegetarian... ha ha . Trying to sleep early and rise early ya that's manchu's every day
74	1009008	BD	G	sos-arsenic.net	A B C the bamboo flowers, famine, death and destruction follow # Bamboo forest covers 12,54,400.00 ha out of the total area of 21,090 sq.Km. of the Mizoram State. The bamboo
75	998949	BD	G	fao.org	A B C and hilly areas. # The total cultivable area is estimated at 8 774 000 ha , which is about 61 percent of the total area. In 1994, the
76	997982	BD	G	drishtipat.org	A B C of weeks back I read in the papers that some hired hand of the Bank ha d written in the IMF website-- give us a break guys --that the ex-Chief Economist
77	998949	BD	G	fao.org	A B C the total cropped area, about 1.32 million ha are severely flood-prone and 5.05 million ha are moderately flood-prone. The flood protected area in 1990 was estimated at 4 200
78	3516853	BD	B	bokolom.com	A B C were so full, they were practically floating. # " Ha ha! Ha ha ! " their laughs echoed. # " Well look who's here, "
79	998949	BD	G	fao.org	A B C total area of wetlands was 3 140 000 ha, of which 1 545 000 ha were cultivated and 1 383 000 ha were drained through surface drains. In addition
80	998619	BD	G	espncricinfo.com	A B C 75 Test matches (2000-2012) and drawn only 6 matches out of 75... ha ha ha... n in this modern era with all the facilities and coaching stuff
81	981459	BD	G	...umentation.vizrt.com	A B C rig should be in the lines of 6-8 application servers, 2 DB servers, HA solutions (i.e. by using HA proxy and virtual IPs) for file system &;
82	978326	BD	G	alalodulal.org	A B C while. Other two did not call him. Even when the whole country knew HA is fighting for life, Zafar Iqbal flew from Dhaka, his youngest who lives
83	1008807	BD	G	sitesalary.com	A B C the audience may not like her so she Clueless, and never has this gratuitous Ha , ha that. Because it took a role in the exaggerated role, Warm
84	992414	BD	G	banglacricket.com	A B C the demographic I come from. # He was eager to find out more about HA and wanted to read a translation of his work. Does anyone know of a
85	3804144	BD	B	sitesalary.com	A B C . Cheap Dallas Cowboys Jerseys ChuQing Han jolly, looked up at XuanYuanYe " ha ha , want to good? " XuanYuanYe immediately one leng, " what want to
86	979981	BD	G	blogron.com	A B C And I got so many annoying request to give them a master card. Ha ha ha ha... like I am the seller of payoneer. # Odesk is a
87	1802204	BD	G	newstoday.com.bd	A B C seeds). According to planning commission reports of 1993, there was 3.8 million ha . (m ha) of additional lands for bringing under irrigation. But 1.15
88	998451	BD	G	ejuty.com	A B C Posted # rubaya # thanks, i got my freind hubby from not mine ha ha , but allah blessed me with faraz by giving a family life, wish all
89	992716	BD	G	bangladesh.com	A B C I decided to put one just for the heck of it hee hee # Ha ha ha ha....... Nice!!!!! Umm?.. I don?
90	995952	BD	G	btcl.gov.bd	A B C # Telephone network are so designed that the limit to the simultaneous calls they can ha is the telecom administration who decides w limit be. As the demand of the
91	978326	BD	G	alalodulal.org	A B C to every one. However, my point is that, how can we expect HA 's daughters to call, he left them to bare the shame and pain.
92	3803157	BD	B	cyberhostbd.com	A B C Japan Tobacco lost a challenge to the laws in Australia's High Court. # Ha said Zico had sold up to 6,000 to wholesale outlets and was awaiting new stock
93	3800787	BD	B	bdbcs.blogspot.com	A B C over 8300 ha of forest preserve inside the city limits. One tract of 200 ha is unique in that it almost encircles the city only 1 km from the centre
94	1006120	BD	G	newstoday.com.bd	A B C That damned elusive Pimpernel. " In the world of particle physics, the neutrino ha been so far an elusive sub-atomic particle with no mass and no electric charge.
95	3802149	BD	B	radioswadesh.com	A B C to be fold the strength of a baby illegal hacking community channels behind Tyria. Ha have a very tough feel that the content this all suggest as it could reveals
96	978326	BD	G	alalodulal.org	A B C communication with him too. Okay and what about the fact that Shaon postponed bringing HA 's dead body to Bangladesh for a day, juz bcuz she demanded to come
97	995586	BD	G	blogkori.com	A B C the readers.. readers have no time to find keynotes from your huge blog... ha ha your advise just screwed up the readers.LOL -- Asad -- USA.. # Hi
98	979765	BD	G	bicn.com	A B C estimated to be more than 30,000 ha, with a biomass production of 4.5 MT ha -1 (air dry basis). The present official Forest Department estimate of reed
99	985173	BD	G	mukto-mona.com	A B C argument. and Insha allah the day will come u will also say la ilah ha illallah muhamadur rasullulah. # It happened to work and share the thaught of Bangladeshi
100	3520451	BD	B	quillforhire.com	A B C me think of one idea to write for but then something crossed my desk ( ha ha!) so I'll save the family blog for Friday and today do
101	998943	BD	G	fao.org	A B C exporting shrimp. Currently (1993-94) brackishwater aquaculture covers an approximate area of 125,000 ha , or 43 per cent of the total aquaculture area, and nearly equals 75
102	998943	BD	G	fao.org	A B C Asian Development Bank). The brackishwater aquaculture area thereafter further expanded and reached 108,280 ha in 1988 (DOF estimated). The Department of Fisheries have been using this
103	1800343	BD	G	btcl.gov.bd	A B C had to be persuaded to allocate scarce frequency spectrum for such a service, manufacturers ha to develop the technology and the service had to be designed in such a way
104	3800787	BD	B	bdbcs.blogspot.com	A B C is Dunedin, on the southeast coast of South Island. Dunedin has over 8300 ha of forest preserve inside the city limits. One tract of 200 ha is unique
105	996754	BD	G	conceptimport.com	A B C own strength, not his own, but it is only temporary. # Ha ha ha ha the fate of the city of St. ri, moncler, as if
106	998949	BD	G	fao.org	A B C rice production. The total harvested irrigated area is thus estimated at 3 256 889 ha , which does not include wet season crops on areas equipped for full or partial
107	3513325	BD	B	...nwaterconvention.org	A B C 2-4 hectares (ha), while the large ones can irrigate up to 15 ha . This water harvesting system used to help villagers tackle water scarcity in summer,
108	1007629	BD	G	quillforhire.com	A B C I know, you've HEARD that before). I'd... # Bwa ha haha! I got a plug-in that will hopefully filter out a lot of the
109	988102	BD	G	praxisict.com	A B C speak about her final relationship, my disability to not have a girlfriend, ha ha , we had a riot! Im glad it all worked out, dating is
110	3519449	BD	B	lifearoundme.com	A B C which happens with love. Nothing happens if there is no love. Ha ha ha ... I am getting mad. I am thinking lot about this matter for last
111	3800787	BD	B	bdbcs.blogspot.com	A B C goal to 15 ha of green space per 100000 people in the city and 20 ha for towns in the New Territories. These targets have very nearly been met (
112	978326	BD	G	alalodulal.org	A B C him with a dagger. seriously. try to put yourself in other shoes. HA was a father to them at first, then he's a writer. what
113	3509080	BD	B	borobazaar.com	A B C the committee, so that their own idea to relay they know. Which Gregorian ha watts after the hearing said: " god bless! They are successful people,
114	978326	BD	G	alalodulal.org	A B C breaker woman like sahwan should take a lesson for what happened. As she wad HA s latest wife it was her duty to with him it is not a big
115	998950	BD	G	fao.org	A B C . Subsistence farming practices characterize agriculture in Bangladesh. Cereals, occupying nearly 11 million ha or 76 percent of the total area in 1994, are the most important annual
116	994114	BD	G	banglapedia.org	A B C percent of all crops of the subgroup. Rice is cultivated in about 10 million ha , which is about 75 percent of the country's total cropped area. Between
117	998944	BD	G	fao.org	A B C degradation of fish habitats. Bangladesh is no different. Advantageously, it has 146,890 ha of ponds, 5,488 ha of oxbow lakes and 140,000 ha of brackishwater areas,
118	998943	BD	G	fao.org	A B C culture type currently in practice. An estimated 75 per cent, or over 93,000 ha , of the brackishwater culture area (125,000 ha) is under extensive culture.
119	1009017	BD	G	sos-arsenic.net	A B C Pradesh - 4819 ha, J &; K state 886 ha, West Bengal 11471 ha ) includes loss of production (forest, agriculture, pasture), loss of
120	990836	BD	G	...ne.redheartbooks.com	A B C all the while KNOWING THEY CA N'T ESCAPE ME. # Ha ha ha ha ha ! # Looks like we're on even playing field now, freeloaders. And
121	992414	BD	G	banglacricket.com	A B C translation of his work. Does anyone know of a good translation of any of HA 's books? # gouripur junction and probably some more.. cant rememer the names
122	998944	BD	G	fao.org	A B C employment and foreign exchange earning. The vast water resources, covering some 4.3 m ha of inland waters and 480 km coastline, a subtropical climate and suitable soil and
123	998949	BD	G	fao.org	A B C oilseeds, jute and sugar cane. The average holding per farm household was 0.9 ha in 1983. Nearly 24 percent of farm households own less than 0.2 ha and
124	3801916	BD	B	mybbcentre.com	A B C Phrases of Use in advance of using this website. # ugg australia boots these ha haha a were a variety of reviews ya ya yaa from the modern Ac adapter
125	1009309	BD	G	stredd.org	A B C little journey I did about 4 years of research. Okay it was pro-crastination! Ha ! # I decided that I never wanted to experience the terrible reality of yo-yo
126	1799501	BD	G	angelfire.com	A B C 1962 the Kaptai Hydro Electric Dam built, creating a huge reservoir and submerging 20,000 ha . of the best queality hill valley land. At least 100,000 people or more
127	978326	BD	G	alalodulal.org	A B C 's the important. She does not have to prove to if she really loved HA !! I think Humayun got the pain back what he caused to his ist
128	992395	BD	G	banglacricket.com	A B C 10:57 AM # Whatever the plan comes to my mind is old.:) # Ha ha. Plan about what? # WarWolf # July 30, 2009, 03:25
129	3521274	BD	B	techetron.com	A B C - # What do you buy the gadget lover who has everything for Christmas? Ha ! It's a trick question! New, exciting and desirable consumer electronic goodies
130	989244	BD	G	taslimanasrin.com	A B C without a bicycle.) # A woman can't live without a man? Ha , what logic, the logic of a ghost! Bah bah! Throw the
131	988102	BD	G	praxisict.com	A B C to speak about her final relationship, my disability to not have a girlfriend, ha ha, we had a riot! Im glad it all worked out, dating
132	1001410	BD	G	joomexperts.com	A B C And at last I get rid from my 3 years addicted facebook account. haha ha . also the Friends I forget them # I loose them whatever. Get Rid
133	999122	BD	G	...oodsecurityatlas.org	A B C about 3.05 million ha of coastal saline soil and are included in the 10.27 million ha of rice land. # The area, production, and yield of rice in
134	989601	BD	G	thenewnationbd.com	A B C ) he (Mehdi Hassan) said in Urdu " Aiyee Aiyee Gahar sahab Aiyee ha bhai Maye to bola apka gana maye jorur gaunga. " I was standing behind
135	993040	BD	G	bangladeshnews24.com	A B C the WB that he can dictate its policy is difficult to swallow. # This ha been reflected in his book: # " Multilateral institutions like the WB name elimination
136	1803571	BD	G	vagabondreal.com	A B C markets. Shrimp culture area has expanded from 20,000 ha in 1980 to over 140,000 ha in 1994 and production has increased form 2220 t in 1982 -- 1983 to 57,000
137	3802131	BD	B	...ceng4.blogsvoice.com	A B C Within Lin Hu following that laughs the simplest NFL Jerseys on Sale way: " Ha Cheap Nike NFL Jerseys haya, each and every blade give?? ed all
138	998950	BD	G	fao.org	A B C in 1991. # Currently, the irrigation potential is estimated at 7 550 000 ha , of which about 3 751 045 ha had been brought under irrigation by 1995
139	999122	BD	G	...oodsecurityatlas.org	A B C these, special types of ecosystems, like tidal wetland, cover about 425 thousand ha and about 3.05 million ha of coastal saline soil and are included in the 10.27
140	1009859	BD	G	techntechie.com	A B C if you do not like the article up to the much i write. Ha ha ... This is not new that on the special days Google is setting some special
141	992716	BD	G	bangladesh.com	A B C to put one just for the heck of it hee hee # Ha ha ha ha ....... Nice!!!!! Umm?.. I don? t think
142	1802285	BD	G	ourcomilla.com	A B C and reputed Government polytechnic institute in Bangladesh which was established in 1962. This polytechnic ha s controlled by the Government of Bangladesh and under the Bangladesh Technical Educ ation Board
143	989563	BD	G	thenewnationbd.com	A B C currently, according to CSE's analysis, about 85 per cent (0.55 million ha ) of the total blocks are being treated as " go " area (see
144	998950	BD	G	fao.org	A B C 355 000 ha. Small irrigation schemes covered a total area of 3 396 045 ha (Figure 5). # In 1992, the average cost of irrigation development
145	3800386	BD	B	alalodulal.org	A B C to democracy on their own. They have shown their ugly side only when they ha been sheltered by some big power. Without the help of BNP or AL or
146	1008980	BD	G	sos-arsenic.net	A B C There is a rapid increase in land use for shrimp farming - 1983-84 about 40,835 ha and it is expected in the year 2005 about 110,048 to 135,030 ha land will
147	998950	BD	G	fao.org	A B C of floods occur in Bangladesh. Of the total cropped area, about 1.32 million ha are severely flood-prone and 5.05 million ha are moderately flood-prone. The flood protected area
148	3509120	BD	B	borobazaar.com	A B C I might just contact to you. " " That you did...... " " Ha ha, if not to make some pandora bracelet ideas sacrifices, how can kill
149	998851	BD	G	fao.org	A B C land surface was used for crop production, corresponding to little more than 1.5 billion ha . In 2050 arable land is expected to expand by some 70 million ha,
150	998943	BD	G	fao.org	A B C per cent, or over 93,000 ha, of the brackishwater culture area (125,000 ha ) is under extensive culture. The average production of shrimp is possibly 175 kg/ha
151	999122	BD	G	...oodsecurityatlas.org	A B C under Various Ecosystems in 1998 # Ecosystem # Ecotype # Variety # Area (million ha ) # Production (million tonnes) # Yield (t/ha) # Irrigated #
152	992414	BD	G	banglacricket.com	A B C Bangladeshi author of our times. He was fascinated at what I told him about HA 's books and their characters and what profound impact they have had on the demographic
153	978326	BD	G	alalodulal.org	A B C way (by the way Allah knows it all) and of course through out HA 's happy family life he must have mentioned it with his daughters. Ans 3
154	998007	BD	G	drniaz.com	A B C ##998008 blog we are talkative too... ha ha ha and we want to let you know whats happening in our thought.
155	979765	BD	G	bicn.com	A B C basis). The present official Forest Department estimate of reed area is about 27,000 ha , but in fact there is no trace of reeds on most of it.
156	1802670	BD	G	sos-arsenic.net	A B C haors, baors and beels are respectively of 40,47,000 ha and 3,51,000 ha totaling 43,98,000 ha that comprise 30 percent of the total surface area of Bangladesh. Haors (wetlands
157	1013826	BD	G	unescap.org	A B C . The FCD coverage was targeted at 3.64 million ha by 1995 from 3.24 million ha in 1990. The rationale for setting these targets is, however, not apparent
158	3800787	BD	B	bdbcs.blogspot.com	A B C that an adequate, sustainable fuelwood supply for the city would require at least 3200 ha of plantations, mostly of fast-growing eucalyptus. However, such plantations would require 25
159	979247	BD	G	bdislam.com	A B C : TA Marbutawh: is not actual letters, but rather different orthographical shape for HA , which is also extension of the existing letters Ta. The letter (?
160	998949	BD	G	fao.org	A B C are the most important annual crops, with rice alone representing more than 10 million ha . Other annual crops are pulses, oilseeds, jute and sugar cane. The
161	3515324	BD	B	waterclubs.net	A B C increase by 2030; the region's irrigated land area will grow from 85 million ha to about 95 million ha in 2030. # 7. The current total food
162	998943	BD	G	fao.org	A B C A survey conducted by the Department of Fisheries revealed that in 1982-83 there were 51,835 ha of brackishwater ponds in Bangladesh. In 1984-85, the brackishwater farming area was estimated
163	1008980	BD	G	sos-arsenic.net	A B C 150 years ago. If the current trend continues, in twenty years 2 million ha of flood plain will be permanently removed (Ministry of Environment, 1991).
164	1000893	BD	G	ishafi.com	A B C your extra times. You have to sacrifice many things to Be successful. # Ha Ha...!! Now don't get scare with my Big comments. Cause
165	3520880	BD	B	shinemat.com	A B C around 12am to 02 am. Boring time, isn't it? Ha Ha Ha . # Always keep in mind, don't panic. Stick with this to
166	996754	BD	G	conceptimport.com	A B C strength, not his own, but it is only temporary. # Ha ha ha ha the fate of the city of St. ri, moncler, as if funny
167	1798456	BD	G	mukto-mona.com	A B C go for prostitution or make them sleep with among yourselves. That islam never does ha haa... I am proud to be a muslim. # saloni , Use of
168	3800787	BD	B	bdbcs.blogspot.com	A B C woodlands include: three natural " parks ", the largest of which is 40 ha and the smallest 20 ha: 1200 ha of " linear parks " or major
169	987335	BD	G	newsflavor.com	A B C him a get out of jail card because you came out with your " Ah ha he must have done this " conclusions without checking your facts. # angel #
170	978326	BD	G	alalodulal.org	A B C Because the relationship was fake or you may call it abnormal. Therefore, once HA is gone then the other party doesn't have the liberty to capitalize such disgraceful
171	1015263	BD	G	yourtravelvideos.com	A B C the fish are there! We love snorkeling and are getting better at it ( ha ha), but the water was chilly. We recommend a " skin shirt
172	978326	BD	G	alalodulal.org	A B C are used to have), Shaon gave all her energy strength for cure of HA . 4. Humayun was very happy with Shaon and his little boys last few
173	3513767	BD	B	seatglobal.eu	A B C nutrients should end up in harvested products, and ways to increase pond productivity per ha or per m 3 that respect social, economic and environmental sustainability need to be
174	1803569	BD	G	vagabondreal.com	A B C (2005) estimated that the total area under farming has expanded to 203 071 ha in 2003 -- 2004. The major shrimp producing districts are Bagerhat, Satkhira,
175	989563	BD	G	thenewnationbd.com	A B C see box:' Sanctity lost'). Since 1981, about 0.15 million ha of forestland has been diverted for mining. About 26,000 ha was diverted only for
176	3509120	BD	B	borobazaar.com	A B C might just contact to you. " " That you did...... " " Ha ha , if not to make some pandora bracelet ideas sacrifices, how can kill got
177	1002459	BD	G	mazecity.net	A B C MEMORIZE THE EXAM Q'S AND BECOME FIRST IN EVERY EXAM!! MU.. HA .. HA... # WWYDI you woke up one morning in Tokyo and found your
178	998950	BD	G	fao.org	A B C moderately flood-prone. The flood protected area in 1990 was estimated at 4 200 000 ha . Institutional environment # Public sector involvement in irrigation in Bangladesh is shared between
179	1803252	BD	G	thedailystar.net	A B C 3.7 million people). The cultivated land damaged in the area is around 96,617 ha (out of 542,006 ha cultivated in the area); the loss in the
180	978326	BD	G	alalodulal.org	A B C big one. May allah punosh u for ur rest life n Im sorry abt ha first 4 kids. May allah bless u guyies. I know how do u
181	1803252	BD	G	thedailystar.net	A B C ) of forest area has been severely damaged and nearly 15 percent (60 000 ha ) partially damaged. Some alien species, which had been planted in various parts
182	1803569	BD	G	vagabondreal.com	A B C ha. This accounted for a 121 percent increase over the 1982 figure (52,000 ha ). # Currently, over 78 percent (by area) of the shrimp
183	998951	BD	G	fao.org	A B C 0.4 ha of land, and 14 percent are small farmers having 0.4 to 0.8 ha of cultivated land. # Bangladesh is an overwhelmingly agricultural economy. Agriculture accounts for
184	3513325	BD	B	...nwaterconvention.org	A B C s irrigate agricultural fields downstream. An average size pokhar can irrigate 2-4 hectares ( ha ), while the large ones can irrigate up to 15 ha. This water
185	1008807	BD	G	sitesalary.com	A B C Pink Lady " in the " Ha Mei " Understanding Xue Jianing of, " Ha Mei " rebellious, capricious, an alternative set of features in a variety of
186	3800787	BD	B	bdbcs.blogspot.com	A B C the Second World War, a plan was commissioned which proposed the creation of 30 ha of green recreational space for every 100000 inhabitants. The proposal remained more or less
187	1008980	BD	G	sos-arsenic.net	A B C habitat conditions. If the current trend continues, in 20 years about 2 million ha wetlands (flood plain) will be permanently removed, amounting alone an estimated net
188	3515324	BD	B	waterclubs.net	A B C region's irrigated land area will grow from 85 million ha to about 95 million ha in 2030. # 7. The current total food production in South Asia has
189	1008980	BD	G	sos-arsenic.net	A B C ) river. If the current trend continues, in twenty years about 2 million ha flood plains would have been permanently removed due to flood control and drainage development (
190	992443	BD	G	banglacricket.com	A B C Chappell, Ganguly, Lokhhon, Raina... all in a single team. Ha ha ha ha ha..... # " Winning isn't everything, but the will to
191	998949	BD	G	fao.org	A B C moderately flood-prone. The flood protected area in 1990 was estimated at 4 200 000 ha . Institutional environment # Public sector involvement in irrigation in Bangladesh is shared between
192	3512310	BD	B	microturks.com	A B C your own second selling choices pre-planned, check-listed, and also at the ready? Ha If in doubt, consider the home improvement stores. That is definitely on purpose
193	985949	BD	G	newbanglamovie.info	A B C dugga, dugga. koyela: kiha, ha, ha, ha , ha, ha.... It is insulting, but curamta (Laughter).
194	3802056	BD	B	opinion.bdnews24.com	A B C literature makes comments on it! Kindly read the article of the American Shaykh Nuh Ha Mim Keller entitled' Would you advise individuals to study hadith from al-Bukhari and Muslim
195	978326	BD	G	alalodulal.org	A B C 's acts. # You all are saying why daughters would keep in touch with HA after the humiliation he caused them. This is right. But if they did
196	978326	BD	G	alalodulal.org	A B C shameful it's like father marrying his daughter. I can't forgive shaon and HA for this disgraceful thing. # Yes you are very write shaon will bring a
197	3520260	BD	B	pg-du.com	A B C world. It is known as the Sundarbans and has an area of about 577,000 ha . There are patches of mangroves in other parts of the coastal area. One
198	978326	BD	G	alalodulal.org	A B C (tor' anger management prob:P) i told him about this blog. and since HA happens to be his fav writer too i guess he decided to check it out
199	1797864	BD	G	...s2012.wefoundsky.com	A B C serious consideration to help in this conclusioneavor. # Even the conscious investment MOVET, ha many ways ingso duplicconsumed Chanel handbair conditioningkpair conditioningk buy prices.lv not pay on top.
200	3801394	BD	B	...orum.traveldrama.com	A B C Hanoi # Add: 19 Pham Dinh Ho Street, Hai Ba Trung Dist, Ha Noi, Vietnam # Tel: (84-4) 971 3888; Fax: (
201	1008807	BD	G	sitesalary.com	A B C may not like her so she Clueless, and never has this gratuitous Ha, ha that. Because it took a role in the exaggerated role, Warm Winter Moon
202	3800980	BD	B	charlieholles.com	A B C . Get 20 more during the third month. That's $500 right. Ah Ha ! I can't trick you. Now you are getting it. It's
203	978728	BD	G	banglacricket.com	A B C had the Al-Hassan twins, provided they were equally productive of course. # ha ha just noticed that. Yeah it looks funny to see 2 Shakib standing side by
204	978326	BD	G	alalodulal.org	A B C could easily contact Humayun by calling Mazhar. 2. There was occasional Skype contact between HA and his elder son Nuhash. That also would happen at publisher Mazhar's Dhaka
205	3802530	BD	B	thewhatworks.org	A B C . So you are very intelligent then. I: Very intelligent. B: Ha ha very funny as well. Thank you. Thank you for learning our language
206	1014025	BD	G	vagabondreal.com	A B C occupies an area of 601,700 hectares of which, 406,900 ha are forests, 187,400 ha water (rivers, rivulets, ponds and canals), 30,100 ha form wildlife
207	3802851	BD	B	bangladesh1971.net	A B C HIV -- this is what allows HIV to evade the immune system,' said Ha Youn Lee, Ph.D., assistant professor in the Department of Biostatistics and Bioinformatics,
208	989563	BD	G	thenewnationbd.com	A B C 50 ha should be given by the state and those between 50 ha to 100 ha by the MoEF's regional offices. This implies that only projects above 100 ha
209	1008807	BD	G	sitesalary.com	A B C Most of the audience through the Halloween Costumes " Pink Lady " in the " Ha Mei " Understanding Xue Jianing of, " Ha Mei " rebellious, capricious,
210	3507728	BD	B	...gladesh.blogspot.com	A B C trend is absolute stupidity.you want to show that your cultural heritage is at jeopardy..... ha ha i do nt think that bengali culture is such a cheap culture that it
211	3520879	BD	B	shinemat.com	A B C funnel. # So, what are the tips? Hey, Hold on! Ha ha ha... Well, here we go... # 1. Try to impress
212	998943	BD	G	fao.org	A B C system. # **30;654;TOOLONG # Two experimental model farm complexes, each of about 25 ha , could be established, one in Teknaf and one in Shyamnagar, as joint
213	3802530	BD	B	thewhatworks.org	A B C So you are very intelligent then. I: Very intelligent. B: Ha ha very funny as well. Thank you. Thank you for learning our language.
214	999122	BD	G	...oodsecurityatlas.org	A B C ha of cultivable land in the country (UNDP/FAO, 1988), 10.27 million ha (74.4 percent) are devoted to rice cultivation covering the above four ecosystems (
215	1006302	BD	G	nl-aid.org	A B C the authorities are obliged to allot a land for land and a minimum of 2 ha . of land, well in advance of the completion of dam construction. However
216	3800787	BD	B	bdbcs.blogspot.com	A B C , however, Windsor has a carefully planned, well-managed urban forestry system with 600 ha of municipal parks and a closed canopy of mature trees along 1000 km of streets
217	998949	BD	G	fao.org	A B C financed by the World Bank. These projects typically cover areas of 10 000-30 000 ha and involve flood control and drainage with limited irrigation development; # small-scale projects such
218	981213	BD	G	...hedesh.wordpress.com	A B C noodles -- quite the gourmet. I bet they miss my sauces ha ha ha ha . # There's a nasty smell coming from the corner, oh! It
219	3518543	BD	B	forum4travel.com	A B C the use of both descriptions. # Similar to the Guilded age of Europe, Ha Noi's 36 districts is Vietnam's version of the guild concept. Long ago
220	3508843	BD	B	blog.bitset.org	A B C the State. # And it is indeed this West Coast area, 85 000 ha of land between the Orange river mouth and Port Nolloth, that is the main
221	3521408	BD	B	textilebulletin.com	A B C Minh comprising 165 ha; and in the south, in Binh An comprising 76 ha and VINATEX Tan Tao comprising 148 ha. There is an ambitious plan to further
222	979765	BD	G	bicn.com	A B C reeds has also decreased to an estimated 2 MT ha -1. SPPM took 22000 ha of land from the Revenue Department for reed cultivation a number of years ago,
223	1802204	BD	G	newstoday.com.bd	A B C to planning commission reports of 1993, there was 3.8 million ha. (m ha ) of additional lands for bringing under irrigation. But 1.15 m. ha of Boro
224	980171	BD	G	buddhim.20m.com	A B C evocation of " The Present Great Donation ", is rendered as p' - ha -- and in translation (by Gellner and Huber alike, after Dowman) given
225	1803569	BD	G	vagabondreal.com	A B C culture expanded rapidly in the mangrove and polder areas. The culture operation in 51,812 ha (in 1983-84) was expanded to about 1,42,110 ha (in 1993-94) of
226	3803731	BD	B	lifearoundme.com	A B C of the way and before I start writing I was walking in the rain. Ha ha ha... so poetic!
227	998942	BD	G	fao.org	A B C supports about 587,400 ha of natural mangroves (Mahmood 1986) and a further 100,000 ha of planted mangroves. This vast network supports the habitat of several species, particularly
228	1803569	BD	G	vagabondreal.com	A B C brackish water ponds in 1980, the area under cultivation expanded to approximately 140 000 ha by 1995 (Wahab, 2003). The last complete survey to estimate the
229	996754	BD	G	conceptimport.com	A B C His own strength, not his own, but it is only temporary. # Ha ha ha ha the fate of the city of St. ri, moncler, as
230	1803571	BD	G	vagabondreal.com	A B C -- 0.2 t/ha/yr. In the semi-intensive culture type, ponds are usually a few ha to 50 ha in size and are normally tidally fed. Smaller ponds at higher
231	1013380	BD	G	travelersworldbd.com	A B C Tonkin. Access to the islands is by boats, which can be hired in Ha Long City. # Hiking # There is good hiking and horse riding in the
232	1007035	BD	G	...andpossibilities.com	A B C arrive in a flash of inspiration or insight that makes you say, " Ah ha ! " Or perhaps it will be more along the lines of a subtle gut
233	998950	BD	G	fao.org	A B C rice production. The total harvested irrigated area is thus estimated at 3 256 889 ha , which does not include wet season crops on areas equipped for full or partial
234	994600	BD	G	bdembassyusa.org	A B C . By fall 2010, the program will have allotted some 27,000 acres (10,927 ha ) to 21,000 families. # The highest point in Bangladesh is in Mowdok range
235	3800787	BD	B	bdbcs.blogspot.com	A B C to the West some 130 years ago. Yokohama has 1209 parks covering almost 600 ha , with an additional 4500 ha of suburban woodlands. This greenery, one of
236	991554	BD	G	akimunrahman.com	A B C , they never stopped. And what did they have to say? Ha, ha ! I can recall every word they said. # Our Rakib is trying to
237	1802670	BD	G	sos-arsenic.net	A B C that has occurred since 1940; apparently flooding now affects some 18 x 10 6 ha of land as compared with 6 x 10 6 ha in the early 1950s #
238	998942	BD	G	fao.org	A B C and feeding and reducing production area and nursery grounds openwater systems. # About 814,000 ha of floodplains have been removed from the openwater fishery production system till 1985. This
239	3802165	BD	B	...ashedin.blogspot.com	A B C the means to support new restaurants within a vibrant and extremely competitive scene. # ha ha I don't think that men have the honor of being sexy.. although
240	989151	BD	G	swfans.xen.prgmr.com	A B C . This was when I was, like 9 or 10 years old. # Ha ! # When I was in gradeschool, this kid used to beat me up
241	3802149	BD	B	radioswadesh.com	A B C are keep intending on the official album within the next saturday and sunday. Truly Ha like to experience the amazing rely on this exercise. But additionally that period,
242	3803527	BD	B	gamersworldbd.com	A B C download speed and upload speed. but this line has no voice chating... ha ha . a voice chating need only 1.35KB download and upload 1.35KB upload. but u can
243	998008	BD	G	dropndot.com	A B C ##998008 blog we are talkative too... ha ha ha and we want to let you know whats happening in our thought. a silly
244	978326	BD	G	alalodulal.org	A B C . That also would happen at publisher Mazhar's Dhaka house. It was only HA 's mother who would call regularly. 3. It was Shaon who fought for
245	3509120	BD	B	borobazaar.com	A B C . " Why, you should...... " People use flabbergasted. " Ha ha ha ...... " Young face upwards laugh wildly, plasma such as a jade, like
246	998933	BD	G	fao.org	A B C million ha), Australia (164 million ha), Indonesia (88 million ha ) and India (68 million ha) ", commented He Changchui, FAO
247	1803571	BD	G	vagabondreal.com	A B C in 1970s aiming mainly the export markets. Shrimp culture area has expanded from 20,000 ha in 1980 to over 140,000 ha in 1994 and production has increased form 2220 t
248	1014025	BD	G	vagabondreal.com	A B C , rivulets, ponds and canals), 30,100 ha form wildlife sanctuaries and 4200 ha are sand bars. It is home to several uniquely adapted flora and fauna and
249	1008980	BD	G	sos-arsenic.net	A B C river. # If the current trend continues, in twenty years about 2 million ha flood plains would have been permanently removed due to flood control and drainage development (
250	998949	BD	G	fao.org	A B C , mainly with STWs in the private sector. In 1982, about 1.5 million ha were under food crop irrigation. The rate of minor irrigation development slowed from 39
251	992751	BD	G	bangladesh.com	A B C be Ibn Mas'ud, and end with the Suras starting with Ha Mim, e.g. Ha Mim (the Smoke). and " About what they question one another?
252	3513765	BD	B	seatglobal.eu	A B C List in Belgium, Norway # Posted on January 31, 2011 by admin # HA NOI -- Viet Nam's tra fish has yet to be removed from the World
253	998943	BD	G	fao.org	A B C of shrimp is possibly 175 kg/ha. # An approximate 25 per cent or 28,000 ha , of the culture area is under what can be called imperfectly improved extensive type
254	3512416	BD	B	mukto-mona.com	A B C from the AHRC to do any violence. " The man said, " Ah ha re! koto sadhu! Torai to desher somman sesh koira dita sos (Wao
255	991117	BD	G	...ritetoearnonline.com	A B C by mistake. They must have noticed I'm very generous with my squidlikes. Ha ! # Well, if I really am a Squid Angel, I'd like
256	3520260	BD	B	pg-du.com	A B C different SLRs. It has been found that about # 626, 1879 and 6264 ha of land will be lost through erosion by SLR of 0.1m, 0.3m and 1.0m
257	3507728	BD	B	...gladesh.blogspot.com	A B C is absolute stupidity.you want to show that your cultural heritage is at jeopardy..... ha ha i do nt think that bengali culture is such a cheap culture that it will
258	3800787	BD	B	bdbcs.blogspot.com	A B C , the largest of which is 40 ha and the smallest 20 ha: 1200 ha of " linear parks " or major green belts which run across the city;
259	998851	BD	G	fao.org	A B C billion ha. In 2050 arable land is expected to expand by some 70 million ha , or less than 5 percent. Such expansion would happen mainly in Sub-Saharan Africa
260	981213	BD	G	...hedesh.wordpress.com	A B C biscuits and noodles -- quite the gourmet. I bet they miss my sauces ha ha ha ha. # There's a nasty smell coming from the corner, oh
261	979765	BD	G	bicn.com	A B C with dense grasses, scrub and Pongamia forest, the entire area covering about 400 ha . Gurmar Haor has recently been surrounded by a submersible embankment to protect against flash-flooding
262	999122	BD	G	...oodsecurityatlas.org	A B C table below. Rice was cultivated on about 10.27 million ha including about 3.47 million ha of tidal wetlands (both saline and non saline). Modern varieties (MV
263	998945	BD	G	fao.org	A B C thana level. There is, in each thana, on an average, 327 ha of closed area and 8798 ha of open water. The average population in each
264	3509611	BD	B	...lochona.blogspot.com	A B C w ould say, t he problems were rather cosmetically suppressed than solved. Muhammad ha d the upper hand and he played with both stick and c arrots for his
265	995620	BD	G	blogkori.com	A B C reached 5000 follower. you missed the. com at the end of your domain, ha ha.. it's okay. Isn't it the famous traffic machine from Bill
266	978326	BD	G	alalodulal.org	A B C by by forcing HA burial at Nuhash Polli? 2. Who else would know HA 's last wishes other than Shaon? 3. If you were in Shaon's
267	998949	BD	G	fao.org	A B C total area. In 1994, the total cultivated area amounted to 7 743 000 ha , of which 392 000 ha under permanent crops. Of the area cultivated under
268	998851	BD	G	fao.org	A B C In Indonesia, arable land is expected to expand substantially, by about 5.6 million ha between 2005-07 and 2050, mainly as a consequence of increases in areas planted with
269	3509120	BD	B	borobazaar.com	A B C harmony. " Why, you should...... " People use flabbergasted. " Ha ha ha...... " Young face upwards laugh wildly, plasma such as a jade,
270	978326	BD	G	alalodulal.org	A B C all of you are angry at Shaon because she married HA. Just FYI, HA marred Shaon two years after his marriage with Gultekin Khan terminated. # I am
271	995620	BD	G	blogkori.com	A B C 5000 follower. you missed the. com at the end of your domain, ha ha .. it's okay. Isn't it the famous traffic machine from Bill Crosby
272	3520879	BD	B	shinemat.com	A B C . # So, what are the tips? Hey, Hold on! Ha ha ha... Well, here we go... # 1. Try to impress first
273	1007197	BD	G	powergroupbd.com	A B C , travelling. Last of all, I am not a simple guy. Ha ha ha ha......... # I am also an artist of Tagore song.
274	979765	BD	G	bicn.com	A B C of the reed area available for commercial exploitation was estimated to be more than 30,000 ha , with a biomass production of 4.5 MT ha -1 (air dry basis)
275	980171	BD	G	buddhim.20m.com	A B C offering ceremony, as well as an honorific fee to each of some two hundred ha du practitioners of secret mantra to be assembled there for a Rite of the Multitudes
276	994443	BD	G	bapa.info	A B C the total number of tea factories are 114. The total garden area is 115,629.76 ha . The tea gardens is a huge source of revenue for the government of Bangladesh
277	998943	BD	G	fao.org	A B C # 1993-94 # Ha # % of total # Ha # % of total # Ha # % of total # Cox's Bazar &; Chittagong # 19,539 # 37.7 #
278	994216	BD	G	banglapedia.org	A B C pronounce the Bangla letter??? (sa) as??? ( ha ), and some times??? (ga) as???
279	1800007	BD	G	banglapedia.org	A B C all the districts of Bangladesh during winter. Of the total 3,36,740 acres (1,36,332 ha ) of land used for potato cultivation during 1997-98, 1,13,540, 2,18,445, and
280	1010652	BD	G	thedailystar.net	A B C ##1010652 # How about a Prime Minister with a monocle? Ha ! You don't know what the hell I'm talking about, right?
281	1798929	BD	G	opinion.bdnews24.com	A B C . A very simple way of Microsoft in action; implanting assets globally. Ironic ha ? # I am sure you are aware of the battle between the Proprietary Software
282	998950	BD	G	fao.org	A B C oilseeds, jute and sugar cane. The average holding per farm household was 0.9 ha in 1983. Nearly 24 percent of farm households own less than 0.2 ha and
283	3518543	BD	B	forum4travel.com	A B C district remains in Vietnamese literature as a quaint and familiar description of this part of Ha Noi. Although many of the streets no longer have the products for which they
284	978263	BD	G	aisjournal.com	A B C few times, even when it is not your fault. Good luck. # Ha ha, that's a cool explanation! I have some friends in Britain but
285	998944	BD	G	fao.org	A B C aquaculture both in beels and baors. In addition, there are some 8 million ha of paddyfields, where aquaculture can be integrated with rice farming. # These water
286	989563	BD	G	thenewnationbd.com	A B C state level. Still it recommends that clearances to projects with diversion up to 50 ha should be given by the state and those between 50 ha to 100 ha by
287	998650	BD	G	espncricinfo.com	A B C by FastTrackBully on (July 27 2012, 04:04 AM GMT) # Mohammed Azim ha ha BD can win WC!! they can't even win the Asia cup
288	998950	BD	G	fao.org	A B C southwest of the country. The area salinized by irrigation was estimated at 100 000 ha in 1991. # Currently, the irrigation potential is estimated at 7 550 000
290	1007494	BD	G	...tc-investigation.com	(1) A B C ad with the girl pointing the finger at you. Basically saying " ha ha you are about to get scammed! ". Then that funny little stat showing
291	996684	BD	G	coffee.20m.com	A B C a reasonable cost. The electronics to cover say the perimeter fence of a 2 Ha drying field would costaround K3,500, a fraction of the cost for razor wire.
292	3508914	BD	B	blog.globalmojo.com	A B C difference it makes. " # If I were to leave GlobalMojo right now ( ha !), it would certainly matter. Who would take care of customer service
293	3519419	BD	B	lawyersnjurists.com	A B C included this as one of his six exceptions in the GCHQ case, this prerogative ha s more recently been reviewed by the courts. # In R v Secretary of
294	999122	BD	G	...oodsecurityatlas.org	A B C rice fields in the dry season (boro). At present, 1.24 million ha remain fallow during the monsoon. Deepwater rice is usually dry seeded in the months
295	1008980	BD	G	sos-arsenic.net	A B C 4819 ha, J &; K State - 886 ha, West Bengal - 1147 ha ) includes loss of production (forest, agriculture, pasture), loss of
296	3519449	BD	B	lifearoundme.com	A B C which happens with love. Nothing happens if there is no love. Ha ha ha ... I am getting mad........ INVISIBLE (plz j kono akjon meye amare bachao
297	3802530	BD	B	thewhatworks.org	A B C . Thank you very much indeed. Two years. Only two years. Ha ha ha (mutter mutter mutter) # So off I go with my broad smile
298	998944	BD	G	fao.org	A B C , inundated paddy fields and ponds, covering a total area of some 4.3 million ha . It also has a coastline of 480 km. In spite of these resources
299	995317	BD	G	...lm-opportunities.com	A B C aging. Jusuru Life BlendT synergistically supports both joint and skin through replenishing collagen, HA and chondroitin sulfate in highly bioavailable forms, and is the only liquid nutraceutical to
300	3518543	BD	B	forum4travel.com	A B C district remains in Vietnamese literature as a quaint and familiar description of this part of Ha Noi. Although many of the streets no longer have the products for which they
301	999122	BD	G	...oodsecurityatlas.org	A B C can be seen in the table below. Rice was cultivated on about 10.27 million ha including about 3.47 million ha of tidal wetlands (both saline and non saline)
302	985173	BD	G	mukto-mona.com	A B C and you will know Inshallah... very soon.... # Assalam alaikum, Ha ha ha ha ha, This article is a laughing material, Idiot, where is this
303	3520451	BD	B	quillforhire.com	A B C think of one idea to write for but then something crossed my desk (ha ha !) so I'll save the family blog for Friday and today do another
304	994114	BD	G	banglapedia.org	A B C 1996-97 the forestland in the country had declined from 2.40 million ha to 2.15 million ha , and timber production declined by about 40 percent. The decline is caused by
305	978326	BD	G	alalodulal.org	A B C a few other visitors said when they visited him, even after his operation. HA ekai tar visitorsder pani tani daoa then company daoa tuktak korse.. she was nowhere
306	998943	BD	G	fao.org	A B C the average size of existing farms is 15 ha, but farms well over 200 ha also exist. The ponds are exceedingly large compared to those common in Thailand,
307	998950	BD	G	fao.org	A B C total area. In 1994, the total cultivated area amounted to 7 743 000 ha , of which 392 000 ha under permanent crops. Of the area cultivated under
308	998950	BD	G	fao.org	A B C are the most important annual crops, with rice alone representing more than 10 million ha . Other annual crops are pulses, oilseeds, jute and sugar cane. The
309	3515324	BD	B	waterclubs.net	A B C by 40 percent, net irrigation water requirements by 40-50 percent, and 100-200 million ha of additional land may be needed, largely in Asia, sub-Saharan Africa and Latin
310	978326	BD	G	alalodulal.org	A B C think that you're completely one sided. # That's the whole point. HA had the balls to do what he wanted. You don't! You just
311	989563	BD	G	thenewnationbd.com	A B C , permission is granted by the regional offices of MoEF. All projects above 40 ha are cleared by the Centre. In the past 30 years, only nine per
312	3800787	BD	B	bdbcs.blogspot.com	A B C " parks ", the largest of which is 40 ha and the smallest 20 ha : 1200 ha of " linear parks " or major green belts which run across
313	998944	BD	G	fao.org	A B C Bangladesh is no different. Advantageously, it has 146,890 ha of ponds, 5,488 ha of oxbow lakes and 140,000 ha of brackishwater areas, where aquaculture can be undertaken
314	3521408	BD	B	textilebulletin.com	A B C centers. # The current textile and garment industrial total area of 510 hectares ( ha ) is based in two regions: in the north, in Pho Noi B
315	992443	BD	G	banglacricket.com	A B C want Chappell, Ganguly, Lokhhon, Raina... all in a single team. Ha ha ha ha ha..... # " Winning isn't everything, but the will
316	981213	BD	G	...hedesh.wordpress.com	A B C of biscuits and noodles -- quite the gourmet. I bet they miss my sauces ha ha ha ha. # There's a nasty smell coming from the corner,
317	978326	BD	G	alalodulal.org	A B C this matter. specially her bold expressiveness with grammatical accuracy mesmerized me even more than HA 's genius did to shaon thanks again, Mehek. okay, now i had better
318	1011613	BD	G	thedailystar.net	A B C envelope! They took a brief from us and turned it into a full-length suit ha ha ha ha! " # Alas, the joke is not that some politician
319	1803571	BD	G	vagabondreal.com	A B C forest of the subcontinent, the' Chakaria Sundarbans' had an area of 18,200 ha which was dramatically reduced to 5446 and the rest of the area are used for
320	989563	BD	G	thenewnationbd.com	A B C " Project proponents can easily break up their projects so that they fall under 100 ha , " says Bhushan. This recommendation will destroy the premise of FCA, which
321	998949	BD	G	fao.org	A B C Project. # In 1993, the total area of wetlands was 3 140 000 ha , of which 1 545 000 ha were cultivated and 1 383 000 ha were
322	992443	BD	G	banglacricket.com	A B C Ganguly, Lokhhon, Raina... all in a single team. Ha ha ha ha ha..... # " Winning isn't everything, but the will to win is
323	1008980	BD	G	sos-arsenic.net	A B C depletion of soil nutrients, formation of toxic compounds in soil and about 1.74 million ha land is deficient in essential nutrients (sulphur, zinc). This has caused
324	1011613	BD	G	thedailystar.net	A B C They took a brief from us and turned it into a full-length suit ha ha ha ha! " # Alas, the joke is not that some politician whispered this
325	1802670	BD	G	sos-arsenic.net	A B C the closed water bodies inclusive of haors, baors and beels are respectively of 40,47,000 ha and 3,51,000 ha totaling 43,98,000 ha that comprise 30 percent of the total surface area
326	3515449	BD	B	women.telecentre.org	A B C , 37, Thailand # Before her work as a telecentre operator at the Prathat Ha Dung telecentre in the north of Thailand, Kanlaya was a single mother working as
327	979981	BD	G	blogron.com	A B C . And I got so many annoying request to give them a master card. Ha ha ha ha... like I am the seller of payoneer. # Odesk is
328	3518542	BD	B	forum4travel.com	A B C of Tonkin near the border with China, and 170 kilometres east of Hanoi. Ha Long Bay - means " Bay of the Descending Dragon " in the Vietnamese language
329	3521408	BD	B	textilebulletin.com	A B C the north, in Pho Noi B comprising 121 ha and Bao Minh comprising 165 ha ; and in the south, in Binh An comprising 76 ha and VINATEX Tan
330	3514105	BD	B	sms.ourbdspace.com	A B C expectations. So can I assume my selection? # Interviewer: he he he ha ha ha. Thanks for your interest in our organization. In fact I was
331	3522148	BD	B	weeklyblitz.net	A B C people aren't flying anymore to escape the pat downs at the airports. Ha ha . That was a big joke to the privileged sitting in the audience who likely
332	998949	BD	G	fao.org	A B C in 1991. # Currently, the irrigation potential is estimated at 7 550 000 ha , of which about 3 751 045 ha had been brought under irrigation by 1995
333	985949	BD	G	newbanglamovie.info	A B C dugga. koyela: kiha, ha, ha, ha, ha , ha.... It is insulting, but curamta (Laughter). Curamta!
334	3515614	BD	B	ahbtravels.com	A B C you??? have you ever gone there before!!! ha... ha ... just made a fun with you man.. yes its a nice work by
335	3801394	BD	B	...orum.traveldrama.com	A B C away from your home # Add: D8 Giang Vo, Ba Dinh District, Ha Noi, Vietnam # Tel: (84-4) 845 2270; Fax: (
336	1011613	BD	G	thedailystar.net	A B C ! They took a brief from us and turned it into a full-length suit ha ha ha ha! " # Alas, the joke is not that some politician whispered
337	1001264	BD	G	jefffanfic.20m.com	A B C skittles?? Matt asked giving him a sarcastic smile. # ?? Ha ha , very funny black velvet.? He said with a smirk bigger than Matt?
338	979981	BD	G	blogron.com	A B C I got so many annoying request to give them a master card. Ha ha ha ha... like I am the seller of payoneer. # Odesk is a big
339	992401	BD	G	banglacricket.com	A B C their mouths carrying tools of torture within their hands. # " Lah He Lah Ha Ilallah! " Ahmad begins to call out. # The Imam smiles, tears
340	1013380	BD	G	travelersworldbd.com	A B C very beautiful. Many of the islands contain bizarre cave formations and grottoes. Near Ha Long Bay is Catba Island, a designated National Park and a rich repository of
341	3803527	BD	B	gamersworldbd.com	A B C 35KB download speed and upload speed. but this line has no voice chating... ha ha. a voice chating need only 1.35KB download and upload 1.35KB upload. but u
342	3518543	BD	B	forum4travel.com	A B C of the trades for which the streets are named ba muoi sau Pho Phuong or Ha Noi 36 districts. This phrase often causes much confusion for most people since,
343	998949	BD	G	fao.org	A B C the total cultivated area amounted to 7 743 000 ha, of which 392 000 ha under permanent crops. Of the area cultivated under annual crops, about 19 percent
344	1015275	BD	G	youthwavebd.com	A B C world. The last word heard on earth was a soft sound,' Ha ha ' uttered by aliens. # 8. Google Maps finally plots the whole world
345	979764	BD	G	bicn.com	A B C surrounding floodplain land and each platform would occupy around 2.6 ha for households and 0.65 ha for public land. Therefore, each village platform would require roughly 189,000 m 3
346	3511087	BD	B	hasin.me	A B C think smarty will be dead where you have written a book for it! # Ha how brilliant, all the big support for Matt Zandstra's " Objects, Patterns
347	998943	BD	G	fao.org	A B C 25,000 ha of improved extensive farming of Bagda shrimp (1000 kg/ha) and 500 ha of semi-intensive farming (3000 kg/ha) and 10,000 ha of Galda farming (1000
348	998924	BD	G	fao.org	A B C Animal Health welcomed more than 20 participants to EAHMI's second Tripartite Review Meeting in Ha Noi on 25 February 2012, including project staff and national representatives from Cambodia,
349	3514058	BD	B	site.uehelp.com	A B C Attitude Heart Logo, " these woodlouse sun, want to catch me? Ha ha , dream! " He clapped the bosom of the gun, the waist Germany
350	3511891	BD	B	...waskans.blogspot.com	A B C from 1957 to 1985 Noakhali coastline has been accreted by a land area of 52,000 ha . Besides accretion it also has faces severe erosions as well in some places specially
351	989563	BD	G	thenewnationbd.com	A B C At present, the state decides on clearance for forestland diversion of one to five ha ; for projects on five to 40 ha, permission is granted by the regional
352	3803731	BD	B	lifearoundme.com	A B C the way and before I start writing I was walking in the rain. Ha ha ha... so poetic!
353	999122	BD	G	...oodsecurityatlas.org	A B C mild winter. The total rainfed food grain cropped area in 1994-95 was 10.6 million ha , about 76 percent of the total cropped area. # The rainfed rice crop
354	990836	BD	G	...ne.redheartbooks.com	A B C , all the while KNOWING THEY CA N'T ESCAPE ME. # Ha ha ha ha ha! # Looks like we're on even playing field now, freeloaders.
355	996754	BD	G	conceptimport.com	A B C , not his own, but it is only temporary. # Ha ha ha ha the fate of the city of St. ri, moncler, as if funny and
356	999122	BD	G	...oodsecurityatlas.org	A B C , generally called deepwater rice. # In Bangladesh, deepwater rice occupied 2.09 million ha (21 percent of the total rice area) in the late 1960s. The
357	1010410	BD	G	thedailystar.net	A B C One unique feature of the tea industry is that the entire land mass (115,000 ha excluding Panchagarh) granted for production of tea is government land. It is also
358	1803252	BD	G	thedailystar.net	A B C have been lost. # In the Sundarbans some 4-5 percent (20 -25 000 ha ) of forest area has been severely damaged and nearly 15 percent (60 000
359	978326	BD	G	alalodulal.org	A B C people come abroad but don't seem to bring their life style with them. HA 's children of first marriage didn't keep in contact, will has a child
360	981426	BD	G	...ocs.telcobridges.com	A B C here. CDR entry loss due to switchover # In some situations (during HA switchover for example), some CDR entries may be lost. # The following
361	1800007	BD	G	banglapedia.org	A B C variety has been introduced from Holland and has yield potential of 20-25 m tons per ha . (b) Diament - another Holland variety with oval to oblong, pale
362	998945	BD	G	fao.org	A B C in each thana, on an average, 327 ha of closed area and 8798 ha of open water. The average population in each thana is about 20,000 persons.
363	978326	BD	G	alalodulal.org	A B C them. This is right. But if they did not Keep any touch with HA when he was alive, why suddenly they would become so caring about his wishes
364	3518543	BD	B	forum4travel.com	A B C ##3518543 # Hanoi Most Vietnamese and Westerners are familiar with the phrase Ha Noi ba muoi sau Pho Phuong or Ha Noi 36 districts. This phrase often
365	979898	BD	G	blog.globalmojo.com	A B C next step, what then? Become the CEO of this giant movie chain? Ha ! At a start-up, your opportunities are boundless. I came to GlobalMojo with
366	999122	BD	G	...oodsecurityatlas.org	A B C to July) are grown under the rainfed ecosystem. Of the total 13.8 million ha of cultivable land in the country (UNDP/FAO, 1988), 10.27 million ha
367	998949	BD	G	fao.org	A B C This envisaged the development of 58 flood protection and drainage projects covering about 5.8 million ha of land. Three types of polders were envisaged: gravity drainage, tidal sluice
368	998943	BD	G	fao.org	A B C # 1982-83 # 1984-85 # 1988-89 # 1993-94 # Ha # % of total # Ha # % of total # Ha # % of total # Cox's Bazar &;
369	998950	BD	G	fao.org	A B C financed by the World Bank. These projects typically cover areas of 10 000-30 000 ha and involve flood control and drainage with limited irrigation development; # small-scale projects such
370	1007197	BD	G	powergroupbd.com	A B C music, travelling. Last of all, I am not a simple guy. Ha ha ha ha......... # I am also an artist of Tagore song
371	1008980	BD	G	sos-arsenic.net	A B C Himalayan region (Utter Pradesh - 4819 ha, J &; K State - 886 ha , West Bengal - 1147 ha) includes loss of production (forest, agriculture
372	994460	BD	G	barcik.org.bd	A B C that applying pesticides in the agro lands has resulted in the degradation of 1.9 bil ha of land, Abuse of fertilizers large dead zones, groundwater pollution and loss of
373	978660	BD	G	bangla-sydney.com	A B C ki ekebarey chole ashso deshey: # Me: Na sir, berate ashsi # HA : Ekebarey asho nai keno? # Nothing was more important to him. He
374	3519449	BD	B	lifearoundme.com	A B C reaction which happens with love. Nothing happens if there is no love. Ha ha ha... I am getting mad. I am thinking lot about this matter for
375	979781	BD	G	billkonigsberg.com	A B C there are definitely other possibilities. # Q. Is Bobby based on you? A. Ha ! If you met me, you'd see I don't quite have a
376	3507546	BD	B	anushayspoint.com	A B C see improvements? # Yes, I do... after eight years of Bush! Ha , but seriously yes, Obama has done a lot already in terms of US
377	1802204	BD	G	newstoday.com.bd	A B C more than 4.0 m. ha. in 2010-11. An addition of about 3.0 m. ha . was bought under irrigation over last 30 years. This is the largest area
378	998950	BD	G	fao.org	A B C Project. # In 1993, the total area of wetlands was 3 140 000 ha , of which 1 545 000 ha were cultivated and 1 383 000 ha were
379	1008980	BD	G	sos-arsenic.net	A B C The environmental impact due to mining in the Himalayan region (Utter Pradesh - 4819 ha , J &; K State - 886 ha, West Bengal - 1147 ha)
380	998949	BD	G	fao.org	A B C 355 000 ha. Small irrigation schemes covered a total area of 3 396 045 ha (Figure 5). # In 1992, the average cost of irrigation development
381	1008729	BD	G	shinemat.com	A B C reasons to rank your blog position higher. It will never cheat with you. Ha Ha Ha. # Consider conjoin your blog pages # Internet marketers publish a lot
382	1803571	BD	G	vagabondreal.com	A B C . In the semi-intensive culture type, ponds are usually a few ha to 50 ha in size and are normally tidally fed. Smaller ponds at higher elevations are sometimes
383	998619	BD	G	espncricinfo.com	A B C Test matches (2000-2012) and drawn only 6 matches out of 75... ha ha ha... n in this modern era with all the facilities and coaching stuff,
384	978326	BD	G	alalodulal.org	A B C cause she cares! yes, true relatives or friends care. (certainly, HA 's later two boys would be sorry, luckily they aren't old enough to
385	3520260	BD	B	pg-du.com	A B C the coastal area. One of them, known as Chokoria Sundarbans (about 7,000 ha ) has been completely denuded due to human interference. # Change in climate will
386	998950	BD	G	fao.org	A B C double and triple cropping, the total area of crops amounted to about 13.5 million ha , giving an average intensity of 154 percent. Subsistence farming practices characterize agriculture in
387	3520880	BD	B	shinemat.com	A B C at night around 12am to 02 am. Boring time, isn't it? Ha Ha Ha. # Always keep in mind, don't panic. Stick with
388	979766	BD	G	bicn.com	A B C sites in needed. # 3. During the period 19 to 20, afforest ha per year with swamp forest tree species. # Comments: Time frame and area
389	983290	BD	G	hasibul.info	A B C of the temple. But he didn't miss this fall also... ha ha ha ... # Anyway, after taking a shower we started for the town and at
390	1802670	BD	G	sos-arsenic.net	A B C some 18 x 10 6 ha of land as compared with 6 x 10 6 ha in the early 1950s # A large-scale irrigation system does simplify habitat resulting in an
391	3804193	BD	B	tanathos.org	A B C Failover clustering is a high-availability ( HA ) feature that can help ensure that an organization's critical applications and services,
392	1803252	BD	G	thedailystar.net	A B C The cultivated land damaged in the area is around 96,617 ha (out of 542,006 ha cultivated in the area); the loss in the production is of around 482,144
393	989563	BD	G	thenewnationbd.com	A B C for forestland diversion of one to five ha; for projects on five to 40 ha , permission is granted by the regional offices of MoEF. All projects above 40
394	978316	BD	G	akakipub.hs-bd.com	A B C are mulberry shopping bags. Your handbag of which grew to become any design record ha ... # The actual Mbt shoes not simply difficult task challenging to arrive at muscle
395	978612	BD	G	avatarstandard.com	A B C harm, the King and share those concerns it. You is not ah ha ha ha. " Into the children, this war, but very dangerous, can
396	3522280	BD	B	...rldtourist-place.com	A B C also enjoy year round, especially in spring when the vegetation looks in the 20 ha of a complex with pools softly, none surpasses the subway, so that families
397	998933	BD	G	fao.org	A B C million ha), Indonesia (88 million ha) and India (68 million ha ) ", commented He Changchui, FAO's chief in the region. #
398	998949	BD	G	fao.org	A B C irrigation covered by large irrigation schemes (major irrigation) was estimated at 355 000 ha . Small irrigation schemes covered a total area of 3 396 045 ha (Figure
399	979981	BD	G	blogron.com	A B C got so many annoying request to give them a master card. Ha ha ha ha ... like I am the seller of payoneer. # Odesk is a big online
400	998944	BD	G	fao.org	A B C , it has 146,890 ha of ponds, 5,488 ha of oxbow lakes and 140,000 ha of brackishwater areas, where aquaculture can be undertaken. There are also large number
401	1011613	BD	G	thedailystar.net	A B C took a brief from us and turned it into a full-length suit ha ha ha ha ! " # Alas, the joke is not that some politician whispered this whiz
402	985173	BD	G	mukto-mona.com	A B C you will know Inshallah... very soon.... # Assalam alaikum, Ha ha ha ha ha, This article is a laughing material, Idiot, where is this earth
403	992395	BD	G	banglacricket.com	A B C soon as possible. # Imteaz # August 2, 2009, 01:49 AM # Ha ha. Plan about what? # Someone in this thread has told to come
404	994317	BD	G	banglapedia.org	A B C rubber plantation in the country and the new programme included the creation of another 5,048 ha of rubber estate. These rubber plantations were managed by the state-owned bangladesh forest industries
405	998950	BD	G	fao.org	A B C 0.9 ha in 1983. Nearly 24 percent of farm households own less than 0.2 ha and another 46 percent own up to 1.0 ha. # In 1996, the
406	998943	BD	G	fao.org	A B C those common in Thailand, Indonesia, Taiwan, etc., where ponds over 5 ha are rare. # Although the big farmers deserve appreciation for developing a new export-oriented
407	992716	BD	G	bangladesh.com	A B C so I decided to put one just for the heck of it hee hee # Ha ha ha ha....... Nice!!!!! Umm?.. I don
408	978326	BD	G	alalodulal.org	A B C whom actually the death matters. are you out of your mind? what about HA 's mother? you want to say shaon was sadder than HA's mother?
409	979247	BD	G	bdislam.com	A B C avoid common mistakes: - One dot underneath is always? Jeem? -? Ha ? is always without dot. - One dot on top is always? Khaw
410	3803157	BD	B	cyberhostbd.com	A B C Australia. " # Others say the laws have boosted their business. # Sandra Ha of Zico Import Pty Ltd, a small family business, said demand for cigarette
411	3802895	BD	B	banglaview24.com	A B C It was established in 1983 over a reserved forest (RF) area of 11,610 ha covering 10 forest blocks in three Forest Ranges (Whykong, Silkhali and Teknaf)
412	978612	BD	G	avatarstandard.com	A B C , the King and share those concerns it. You is not ah ha ha ha . " Into the children, this war, but very dangerous, can not
413	3803527	BD	B	gamersworldbd.com	A B C download and upload 1.35KB upload. but u can not do in this pacakge. ha ha ha ha.... bcoz that package up and down is 0 to upto KB and download
414	3506838	BD	B	...rseys.wefoundsky.com	A B C r, keep in mind that. you will be presented just experienced trainers to ha , called should your Coyotes would Mens Seahawks Limited Jerseys be in phoenix arizona next
415	984810	BD	G	list.priyo.com	A B C width of half a meter of a sunroof, the sunroof glass, even keep ha up the heat! Just now someone in here! Li looked at the skylight
416	992751	BD	G	bangladesh.com	A B C to the arrangement done be Ibn Mas'ud, and end with the Suras starting with Ha Mim, e.g. Ha Mim (the Smoke). and " About what they
417	3520880	BD	B	shinemat.com	A B C night around 12am to 02 am. Boring time, isn't it? Ha Ha Ha. # Always keep in mind, don't panic. Stick with this
418	1001265	BD	G	jekyll.20m.com	A B C in that shining mirror. No wonder you don't want to know me. Ha ! I am too much like yourselves, too much like that which you do
419	978326	BD	G	alalodulal.org	A B C they would become so caring about his wishes after his death. Someone said why HA did not call. He was in death bed, unable to talk for nearly
420	978326	BD	G	alalodulal.org	A B C be sorry, luckily they aren't old enough to understand the loss.) HA 's mother didn't even go to the burial ceremony in nuhashpolli. why? the
421	1001445	BD	G	jute.org	A B C Nearly 18-21 kg extra jute fibre may be obtained by the application of 1 kg ha -1 of S in S-deficient soils as worked out in India. It has been
422	998950	BD	G	fao.org	A B C irrigation covered by large irrigation schemes (major irrigation) was estimated at 355 000 ha . Small irrigation schemes covered a total area of 3 396 045 ha (Figure
423	3802019	BD	B	notesbd.blogspot.com	A B C we tend to lose sight of when we begin to think. And what I ha e just been touching on is perhaps the most radical of the ways in which
424	1802670	BD	G	sos-arsenic.net	A B C bodies inclusive of haors, baors and beels are respectively of 40,47,000 ha and 3,51,000 ha totaling 43,98,000 ha that comprise 30 percent of the total surface area of Bangladesh.
425	998942	BD	G	fao.org	A B C natural environment and the degradation of coastal and marine resources. # About 3.36 million ha of inundatable floodplain have been protected through the construction of 7,024 m. of hydraulic embankments
426	1000893	BD	G	ishafi.com	A B C extra times. You have to sacrifice many things to Be successful. # Ha Ha ...!! Now don't get scare with my Big comments. Cause I
427	3803356	BD	B	ebangladesh.com	A B C me to make a short witness about Lt Gen Iqbal Karim Bhuyan, whom I ha # Mohamed # July 21, 2012 at 4:12 pm # Assalamu alaykom I'm
428	998950	BD	G	fao.org	A B C and hilly areas. # The total cultivable area is estimated at 8 774 000 ha , which is about 61 percent of the total area. In 1994, the
429	1803571	BD	G	vagabondreal.com	A B C 35 post-larvae/m2 are stocked in smaller ponds, with sizes ranging from 0.4 -- 5.0 ha . They are supplied mostly with pelleted feeds but they also partly subsist on natural
430	985173	BD	G	mukto-mona.com	A B C will know Inshallah... very soon.... # Assalam alaikum, Ha ha ha ha ha , This article is a laughing material, Idiot, where is this earth before
431	978326	BD	G	alalodulal.org	A B C you can't be mad at someone who's not there anymore can you.. HA nijer koekta boie likse je she onek obhimani.. maybe the same goes for his
432	989047	BD	G	...i.ciifad.cornell.edu	A B C Shuichi Sato (Nippon Koei, Indonesia) recently reported that 24 farmers cultivating 42 ha of hybrid rice with SRI methods in Bali in the 2006 season had an average
433	998851	BD	G	fao.org	A B C the world total area equipped for irrigation is expected to expand by about 20 million ha or 6 percent between 2005/07 and 2050. This constitutes a slow-down compared to what
434	985949	BD	G	newbanglamovie.info	A B C kayaneje' dugga, dugga. koyela: kiha, ha, ha , ha, ha, ha.... It is insulting, but curamta (Laughter
435	995957	BD	G	btcn-bd.com	A B C A virus (hemagglutinin HA, neuraminidase NA proteins). There are 16 known HA subtypes and 9 known NA subtypes of influenza A. Each combination represents different subtype.
436	978326	BD	G	alalodulal.org	A B C much older man who has three daughters and a son. # when shaon married HA did her mother told to her it is wrong..... don't do this.Or she
437	980522	BD	G	codeforces.com	A B C to stop on the decimal numbers only. As there are quite many numbers, ha can't do it all by himself. Vasya asked you to write a program
438	3521408	BD	B	textilebulletin.com	A B C based in two regions: in the north, in Pho Noi B comprising 121 ha and Bao Minh comprising 165 ha; and in the south, in Binh An
439	3519449	BD	B	lifearoundme.com	A B C chain reaction which happens with love. Nothing happens if there is no love. Ha ha ha... I am getting mad........ INVISIBLE (plz j kono akjon meye
441	989563	BD	G	thenewnationbd.com	(1) A B C exercise. Of the total blocks, 53 per cent (about 0.35 million ha ) were earmarked as " go " area. But currently, according to CSE
442	998943	BD	G	fao.org	A B C culture area in 1993 through DOF field officers and arrived at a figure of 125,235 ha (see Table 2). # Table 2: Districtwise brackishwater aquaculture areas #
443	985173	BD	G	mukto-mona.com	A B C lol... and you will know Inshallah... very soon.... # Assalam alaikum, Ha ha ha ha ha, This article is a laughing material, Idiot, where
444	3520879	BD	B	shinemat.com	A B C # So, what are the tips? Hey, Hold on! Ha ha ha ... Well, here we go... # 1. Try to impress first time
445	985949	BD	G	newbanglamovie.info	A B C : kiha, ha, ha, ha, ha, ha .... It is insulting, but curamta (Laughter). Curamta! News:
446	3510858	BD	B	...obalvoicesonline.org	A B C get accustomed to it. However, I am still a easily motivated blogger ( ha ), so I am going to start a new blog project called " Blue
447	3515614	BD	B	ahbtravels.com	A B C looks like you??? have you ever gone there before!!! ha ... ha... just made a fun with you man.. yes its a nice
448	980171	BD	G	buddhim.20m.com	A B C case in point concerns the iconography of the sublime " Fourfold Manifestation " (catur-vy ha ) caityas with their four standing Buddha and/or Boddhisattvas, one of whom is identical
449	989563	BD	G	thenewnationbd.com	A B C diversion up to 50 ha should be given by the state and those between 50 ha to 100 ha by the MoEF's regional offices. This implies that only projects
450	3802165	BD	B	...ashedin.blogspot.com	A B C ... unknowingly... following the age long tradition that this damned race holds. # ha ha I don't think that men have the honor of being sexy.. although
451	998619	BD	G	espncricinfo.com	A B C matches (2000-2012) and drawn only 6 matches out of 75... ha ha ha ... n in this modern era with all the facilities and coaching stuff, gym
452	1001445	BD	G	jute.org	A B C P, S and Zn were worked out as 24 kg P 2 O 5 ha -1, 8.5 ppm SO 4 -S and 0.5 ppm Zn, respectively. Nitrogen
453	990900	BD	G	waterclubs.net	A B C 10 million MT in 1971 to over 32 million MT today. Over 5.1 million ha of the land are irrigated, which is over 4 times more than in 1990
454	1009017	BD	G	sos-arsenic.net	A B C the Himalayan region (Utter Pradesh - 4819 ha, J &; K state 886 ha , West Bengal 11471 ha) includes loss of production (forest, agriculture,
455	1015259	BD	G	yourtravelvideos.com	A B C but they were complaining about being cold. # We had great day at Xel Ha (shell ha). We were there when they opened and left when they
456	1013380	BD	G	travelersworldbd.com	A B C ; Mui Ne (noted for its large sand dunes); and the magnificent Ha Long Bay, where some 3000 islands, covered in lush vegetation and dotted with
457	998949	BD	G	fao.org	A B C double and triple cropping, the total area of crops amounted to about 13.5 million ha , giving an average intensity of 154 percent. Subsistence farming practices characterize agriculture in
458	1007197	BD	G	powergroupbd.com	A B C travelling. Last of all, I am not a simple guy. Ha ha ha ha......... # I am also an artist of Tagore song. I
459	3507047	BD	B	aisjournal.com	A B C a freelance blog writer and get a job as soon as possible. # Ha ha , thanks! I guess you've already noticed that this here is just a
460	1012281	BD	G	thedailystar.net	A B C of light. # Monsters down the street, So there we'll meet, Ha !! They can't intimidate me at all. I have a heart attack
461	3802660	BD	B	wifibd.wordpress.com	A B C very costly to many investors. This sectioii explores the impact that world market integration ha on the cost of capital in developing countries. # Many emerging markets arc segmented
462	1012251	BD	G	thedailystar.net	A B C , ami tumake shukh debo! " Or in other words, " Ha, ha , prety girl come to me, and I will make you happy! "
463	998943	BD	G	fao.org	A B C farming, 1-5 ha unit should be suitable. The size should not exceed 10 ha . # - Utilization of a much greater proportion of the land located in areas
464	1008980	BD	G	sos-arsenic.net	A B C about 40,835 ha and it is expected in the year 2005 about 110,048 to 135,030 ha land will be occupied by shrimp farming. Only the rich and influential persons from
465	1013380	BD	G	travelersworldbd.com	A B C lake also contains the wreckage of a crashed American B52 bomber. # Elsewhere: Ha Long Bay - Hoang Lien Mountain - Sapa # About 160km (100 miles)
466	978326	BD	G	alalodulal.org	A B C here. like Klanto Pothik said, you are being a little ignorant to what HA 's daughter must have felt upon learning that their father was having an affair with
467	978326	BD	G	alalodulal.org	A B C and half or less than half of HA's age and it was obvious that HA might pass away before her so the loss is her own responsibility. If she
468	3519449	BD	B	lifearoundme.com	A B C reaction which happens with love. Nothing happens if there is no love. Ha ha ha... I am getting mad........ INVISIBLE (plz j kono akjon meye amare
469	994277	BD	G	banglapedia.org	A B C Plain Tughra, Tughra with detached Kaf and Ya, Tughra with detached letters like ha , Ya hung on the high vertical shafts, the swan variety of Tughra,
470	991554	BD	G	akimunrahman.com	A B C other departments, they never stopped. And what did they have to say? Ha , ha! I can recall every word they said. # Our Rakib is
471	3518543	BD	B	forum4travel.com	A B C of the trades for which the streets are named ba muoi sau Pho Phuong or Ha Noi 36 districts. This phrase often causes much confusion for most people since,
472	991513	BD	G	aippnet.org	A B C Ancestral Domain Title (CADT) peddled by the latter. The CADT encompasses 52,000 ha of the Matigsalog tribe in San Fernando. Among the extractive companies now operating in
473	998943	BD	G	fao.org	A B C ponds in Bangladesh. In 1984-85, the brackishwater farming area was estimated at 70,331 ha (Aquatic Farms Ltd, Hawaii USA, engaged by the Asian Development Bank)
474	978326	BD	G	alalodulal.org	A B C of my question. And all of you are angry at Shaon because she married HA . Just FYI, HA marred Shaon two years after his marriage with Gultekin Khan
475	1015259	BD	G	yourtravelvideos.com	A B C complaining about being cold. # We had great day at Xel Ha (shell ha ). We were there when they opened and left when they closed. This
476	979765	BD	G	bicn.com	A B C it. Productivity of the remaining reeds has also decreased to an estimated 2 MT ha -1. SPPM took 22000 ha of land from the Revenue Department for reed cultivation
477	985949	BD	G	newbanglamovie.info	A B C means our kayaneje' dugga, dugga. koyela: kiha, ha , ha, ha, ha, ha.... It is insulting, but curamta
478	998650	BD	G	espncricinfo.com	A B C FastTrackBully on (July 27 2012, 04:04 AM GMT) # Mohammed Azim ha ha BD can win WC!! they can't even win the Asia cup or
479	3804144	BD	B	sitesalary.com	A B C somebody so have no the speak to him, XuanYuanYe anger extremely instead smiles " ha ha, good, see to marry to me that you still be a lot
480	978326	BD	G	alalodulal.org	A B C not use all your stubbornness to fulfill HA's last wishes? 4. If HA indeed tell Shaon to bury him in Nuhash Polli, did she do anything wrong
481	992395	BD	G	banglacricket.com	A B C AM # Whatever the plan comes to my mind is old.:) # Ha ha . Plan about what? # WarWolf # July 30, 2009, 03:25 PM
482	978326	BD	G	alalodulal.org	A B C her right now for what happened back then, which is why nobody is blaming HA . because we are talking about recent events. and in his daughters' defense
483	992443	BD	G	banglacricket.com	A B C , Lokhhon, Raina... all in a single team. Ha ha ha ha ha ..... # May be we can host India in Bangali mati before WC. He
484	3509120	BD	B	borobazaar.com	A B C in harmony. " Why, you should...... " People use flabbergasted. " Ha ha ha...... " Young face upwards laugh wildly, plasma such as a jade
485	3516853	BD	B	bokolom.com	A B C they ate until they were so full, they were practically floating. # " Ha ha! Ha ha! " their laughs echoed. # " Well look who
486	998951	BD	G	fao.org	A B C , 34 percent with homesteads only, 12 percent marginal farmers having 0.2 to 0.4 ha of land, and 14 percent are small farmers having 0.4 to 0.8 ha of
487	978326	BD	G	alalodulal.org	A B C this kind of loss because she was young and half or less than half of HA 's age and it was obvious that HA might pass away before her so the
488	3510274	BD	B	...hhomebd.blogspot.com	A B C said, with a kind of servile heartiness;' it's so natural. Ha ! Danger -- agitation.' He vanished. I went on to the river-side
489	1015263	BD	G	yourtravelvideos.com	A B C fish are there! We love snorkeling and are getting better at it (ha ha ), but the water was chilly. We recommend a " skin shirt &;
490	978326	BD	G	alalodulal.org	A B C answer the following questions, 1. What is Shaon's gain by by forcing HA burial at Nuhash Polli? 2. Who else would know HA's last wishes
491	997467	BD	G	...magicjournal.20m.com	A B C rubella or mumps viral proteins. Thus the MMR antibody in autistic sera detected measles HA protein, which is unique to the measles subunit of the vaccine. Furthermore,
492	3517363	BD	B	denimhelp.com	A B C , Target selling these hip Huggies, and the box labels them Little Movers. Ha ! Joke on you, babies. Jeans that tight are extremely hindering when trying
493	3518542	BD	B	forum4travel.com	A B C well as stalactites and stalagmites. Cat Ba Island Cat Ba Island is situated in Ha Long Bay, 50 km to the east of Hai Phong City, in Northern
494	1015275	BD	G	youthwavebd.com	A B C the world. The last word heard on earth was a soft sound,' Ha ha' uttered by aliens. # 8. Google Maps finally plots the whole
495	3513325	BD	B	...nwaterconvention.org	A B C Within the first year of the project's implementation, pokhars supplied water to 130 ha in the district, increased the yield on this land by 65,000 kg. Badri
496	998944	BD	G	fao.org	A B C which is an environmentally sound farming system, holds high potential for over 8 million ha of rice farms in the country. Research undertaken in recent years has shown the
497	1009100	BD	G	sparklesprod.com	A B C in no time at all. i need to get my shit together. # ha , its funny cause i used to think doing what you love is all that
498	1007197	BD	G	powergroupbd.com	A B C . Last of all, I am not a simple guy. Ha ha ha ha ......... # I am also an artist of Tagore song. I am
499	3803534	BD	B	gamersworldbd.com	A B C " Dragon Advance Technology, Banani Super Market, Contact: 8822139, 01711-183990? ha .... so you people know about Dragon Advance Technology. I've been buying games
500	1803569	BD	G	vagabondreal.com	A B C area and salt in Chsakoria area. Prawn (Galda) culture in about 30,000 ha in about 60,000 ponds and paddy fields is being practiced mainly in Bagerhat, Khulna
