1	3816370	JM	B	wikifiascos.com	A B C original record is true? Ha ha! Which the right thing This thing ha ha ! # Great, who somewhat head, call Lara, enough to have thousands
2	3814788	JM	B	...uriousproduction.com	A B C " was the next question put to him. # " Ha, ha, ha , ha, ha, " emerged the infectious laughter that was known to reverberate
3	3676023	JM	B	avahtaylor.com	A B C could have been a catalyst to my reaction... and I guess her " ha ha ha ha " was quite mature as well. I was raising a point in
4	3668844	JM	B	...cooper.wordpress.com	A B C 'm looking for all the purebred people in the party. Ha, ha , ha, ha, ha, ha! # C: You want to
5	3815553	JM	B	...upiemet.blogspot.com	A B C Flippa seh unu rass him can't stuck in a country that him born ha ha ha. Dat sound like going around the question to me. Flippa seh him
6	1364316	JM	G	bookphilia.com	A B C was a perfectionist and what he thought wasn't perfect was in fact perfectly ( ha !) acceptable if not very good. Or, it may be a case
7	1361148	JM	G	noelblue.com	A B C Beautiful, large hands -- wasn't that supposed to mean something? # Ha ha ha, Ethan, just RUN. # He pushed himself off from the door
8	3815553	JM	B	...upiemet.blogspot.com	A B C seh unu rass him can't stuck in a country that him born ha ha ha . Dat sound like going around the question to me. Flippa seh him no
9	3675649	JM	B	wikifiascos.com	A B C side. helpless.Related articles: # You know how they Caught it ha ha ha ha . The essential difference between humans and animals that people know how to use clothing
10	1826487	JM	G	techjamaica.com	A B C medicine??? # jomo # January 16, 2012, 06:03 PM # Ha , what a joke, those people ALREADY HAVE digicel sims yute... Lol,
11	1371500	JM	G	jamaicans.com	A B C close to you and enable them to see your vision? I teach... ( ha , ha) the teacher is still inside of me so I guess I just
12	1357060	JM	G	kateandkayla.com	A B C .... doing anything we could do to keep that Jamaica " high " (ha ha ). # I thought they said " RUM!! " # Ottawa Race
13	1378430	JM	G	outaroad.com	A B C titled My Money (Ha Ha Ha). # My Money (Ha Ha Ha ) has given the group the deserving spotlight that they have been hunting for years
14	1382034	JM	G	topix.com	A B C know I was JOKING about the' woman like you' comment, right? Ha ha ha! I was just referring to how you only PARTIALLY agreed with me
15	1357072	JM	G	kateandkayla.com	A B C should probably try mastering the art of applying sunscreen while we're at it... ha ha... I can almost feel my mom shaking her head right now) in
16	3670605	JM	B	gajamun.org	A B C I find it absolutely empowering to affirmatively say, " Mi a batiman. " Ha ! # 3) I refuse to knowingly reinforce class structures that are ultimately damaging
17	1375519	JM	G	jumieka.com	A B C Mr Boombastic', " Don't you tickle my foot bottom, ha, ha , baby please? " The self-proclaimed Mr Lover Lover could have included some of
18	1378742	JM	G	petrinearcher.com	A B C ##1378743 # Ha Za Vu Zu is an artist collective, comprised of seven members, which has
19	1348949	JM	G	...enseja.wordpress.com	A B C will only serve to keep us in opposition for a long time ". # Ha ha ha ha..... " keep us ", us who? I see that
20	3679453	JM	B	manojm.com	A B C defend this phone as being breakthrough, revolutionary, or innovative? Good luck. HA !
21	1348664	JM	G	...cooper.wordpress.com	A B C not an asset. # P: Ha, ha, ha, ha, ha # C: Racial purity in Jamaica, especially if it's African racial purity
22	3674725	JM	B	...luushan.blogspot.com	A B C But same time she mek we laugh after di umam. Wa mek di pikni ha fi change up di way im talk, fi suit other people? No fool-fool
23	1824790	JM	G	...ehallreggaeworld.com	A B C hhhhhhh Pool Party if a even di beach wi haffi reach A summa time, ha ha # 90 degrees, in a di shade.. tempretaure tun up Whitee a
24	3668844	JM	B	...cooper.wordpress.com	A B C something else. Ha, ha, ha, ha, ha, ha ! # C: A straw man. And then you beat it down and
25	3677865	JM	B	hourlybook.com	A B C get to it if I put it on utube. And badly made?? Ha . I laugh at you and how an " adult " must criticize a mear
26	3675870	JM	B	abengnews.com	A B C belief in their unbelief.No wonder God just laughs. Ha! Ha! Ha! Ha ! Ha! Ha! Ha! Ha! # One question the atheists dare
27	3673404	JM	B	kindfeelings.com	A B C and him connect deeply. " # " Okay boss lady. " # " Ha ha don't call me that. " # Mandy left Ellen alone in the
28	1377469	JM	G	nepa.gov.jm	A B C 1990, the port was operating with 5 modern ship to shore cranes, 36 ha paved container storage area, and a capacity of 400,000 TEU's. 3 However by 1994
29	1378245	JM	G	outaroad.com	A B C the police to do their investigation because its not no electrical bad wiring # Ha Ha Ha Hah.... Kartel a try tek people fi poppy show. The car park
30	3670450	JM	B	freeandlaughing.com	A B C All you need to do is laugh! Start with saying " ho ho ha ha ha " slowly, then speed it up and before you know it, you
31	3670067	JM	B	....dancehallreggae.com	A B C lyrical style,? Bible Runins? is a good example as is? mi ha ? fi run fi mi life ina coldswet?. # I have to make
32	1382048	JM	G	topix.com	A B C Puerto Rican women, PuertoRican98! YOU LOSE AGAIN! Ha ha ha ha ha ha ha ahhhhhh! # You are so Obsessed with us Jamaicans, I mean we
33	1382048	JM	G	topix.com	A B C attractive than Puerto Rican women, PuertoRican98! YOU LOSE AGAIN! Ha ha ha ha ha ha ha ahhhhhh! # You are so Obsessed with us Jamaicans, I
34	3680323	JM	B	outaroad.com	A B C support, YOU DID GET WARNING now bounty have the last laught ha ha ha ha ha, BIG UP D, ANGEL YOU A PLAYER..
35	3677500	JM	B	...totherewithgrace.com	A B C to sprinkle the white wash mounds with it and toss it recklessly. Ha! Ha ! While the rum went east west north and south I said to the silent
36	1826284	JM	G	reggaemusicfm.com	A B C beginning to pronounce themselves in the usual rendition of the day's beginning. I ha ...
37	1381704	JM	G	thereggaeboyz.com	A B C for Great Britain in the Olympics would count as a FIFA-sanctioned match. # Raheem ha no restrictions because he has not played in a senior England match as yet,
38	1382049	JM	G	topix.com	A B C , Miss Eva, I will try to not make mention of her missteps! Ha ha ha! Wonder what she will be wearing when it comes to dinner,
39	3672940	JM	B	...rl2007.wordpress.com	A B C tried to convince them to stay on course and they didn't listen. Ha Ha Ha. Interesting times ahead indeed.... especially with the constitutional issues at hand here
40	1826865	JM	G	...wchem.uwimona.edu.jm	A B C HA / A) # and # pH = p K a log 10 ( HA / A) # Note that since log 10 a / b = + log
41	3675870	JM	B	abengnews.com	A B C . Ha! Ha! Ha! Ha! Ha! Ha! Ha! Ha ! # One question the atheists dare to answer; How do you determine what
42	1368280	JM	G	...verytingjamaican.com	A B C !!! # OMG Dudley, u are seriously misinformed!!! ha ha ! lamo! Please a man needs a woman who is going to bring out
43	3671448	JM	B	irieup.com	A B C to tell you the truth, it was demos that we were doing! Ha ha ha! We were hoping that Island Records or something like that were going to
44	3673715	JM	B	mamachel.com	A B C standards and that's fine by me.. plus Steve Harvey says I can! HA ! (Lying, cheating, condescending, bastard that he is) # Now
45	1348542	JM	G	...cooper.wordpress.com	A B C planning to stop. But not right away: " Christmas a come an mi ha fi look good. Mi a go gwaan bleach. An when yu see mi
46	3668844	JM	B	...cooper.wordpress.com	A B C # P: I'm looking for all the purebred people in the party. Ha , ha, ha, ha, ha, ha! # C
47	1368280	JM	G	...verytingjamaican.com	A B C grateful!!! # OMG Dudley, u are seriously misinformed!!! ha ha! lamo! Please a man needs a woman who is going to bring
48	3816228	JM	B	sukicasanave.com	A B C for cover in a pile of oysters. But Ray Grizzle is faster. " Ha ! " He plucks the critter, about the size of a nickel, from
49	1378728	JM	G	petrinearcher.com	A B C , toothlessly taunting things (" You'll never get to work on time Ha Ha !! "), and, of course, " Will U Marry Me
50	3668844	JM	B	...cooper.wordpress.com	A B C ? # C: Mr. Perkins, communication # P: Ha, ha, ha , ha, ha, ha! # C: is a two-way process.
51	1382055	JM	G	topix.com	A B C U.K., and then being scammed for it, should buy a clue! # Ha ha ha Gwan Celine my friend as for Blacktigershark obviously that what you get up
52	1380422	JM	G	slideshare.net	A B C government offered contract. A field labourer on a plantation had to 5-acre (2 ha ) lots of Crown Land to immigrants work seven hours per day, and a
53	1360399	JM	G	...e.jamaicagleaner.com	A B C # In the revised version, Spice invitingly says to Kartel: # Well yu ha fi rev it hard # Drive it full speed and crash it if you like
54	1378743	JM	G	petrinearcher.com	A B C 's rather rare. How have you managed to continue for this long? # Ha Za Vu Zu: Actually we hate each other. laughs # For example,
55	3814788	JM	B	...uriousproduction.com	A B C you? " was the next question put to him. # " Ha, ha , ha, ha, ha, " emerged the infectious laughter that was known
56	1365280	JM	G	caribdirect.com	A B C big people) dance), how do the couples make their moves? Ah ha ! It was based on the display from the head wraps. I would have
57	1378893	JM	G	...dtheotherjamaica.com	A B C people of Portland. # The Who: On my path to publishing greatness ( ha , ha) I have learned that serious authors need to know why they are
58	3670450	JM	B	freeandlaughing.com	A B C And laughter, once again, has been my healer. Ho ho ha ha ha # Barbara -- life has been so much easier since I laugh at the dirty
59	1382034	JM	G	topix.com	A B C was JOKING about the' woman like you' comment, right? Ha ha ha ! I was just referring to how you only PARTIALLY agreed with me in the
60	3671035	JM	B	hotexpatmummy.com	A B C 18 hours after my last tequila before breast-feeding him again! 2 Comments # Ha ! I gave it my best, but the rhythm keeps stopping and starting with
61	1348664	JM	G	...cooper.wordpress.com	A B C mongrel you are a higher caste. # C: Right. # P: Ha , ha, ha, ha,
62	3667821	JM	B	anniepaul.net	A B C or racial self-hatred. His presentation was punctuated by the mocking anh ha! anh ha ! fake laugh that is his current trademark. # ... I further maintain that
63	1382052	JM	G	topix.com	A B C are going to post after this comment of mine, alright pumpkin? Ha ha ha ! # Blacktigershark, everybody posting about you because you are most flamboyant on this
64	1382048	JM	G	topix.com	A B C than Puerto Rican women, PuertoRican98! YOU LOSE AGAIN! Ha ha ha ha ha ha ha ahhhhhh! # You are so Obsessed with us Jamaicans, I mean
65	1357070	JM	G	kateandkayla.com	A B C look like oranges... and drug dealers can be real nice guys too ha ha ha ...) # LA FORTUNA: arenal volcano, hot springs and arenal backpackers resort
66	3816851	JM	B	dancehallareaz.com	A B C Got offered the lead n Tyler Perry's next movie. This should be fun ha . " # Meanwhile, Perry will be releasing Good Deeds next month, is
67	3675649	JM	B	wikifiascos.com	A B C verified from the side. helpless.Related articles: # You know how they Caught it ha ha ha ha. The essential difference between humans and animals that people know how
68	1356591	JM	G	jamericans.net	A B C but, as they say, it's up to each individual customs officer.... ha ha ha... # It would be nice if they published a list, available
69	1382049	JM	G	topix.com	A B C the one who is going to have to charter a humbling flight! ha ha ha ! Careful now! And no cheating, no trying to provoke UK-Babe into mentioning
70	1378275	JM	G	outaroad.com	A B C it's always the women getting caught, never the men. # ha ha ha a nation entrenched in ignorance. i recommend dancehall for the masses, it is
71	1356299	JM	G	...icanfamilysearch.com	A B C St. George? s Cross engraved with pine apples. Along the outer border it ha ? Trelawny Municipal Boards?. Unhappily this perished in the fire of August,
72	1382049	JM	G	topix.com	A B C Eva, I will try to not make mention of her missteps! Ha ha ha ! Wonder what she will be wearing when it comes to dinner, Miss Eva
73	3670486	JM	B	...reespeechjamaica.com	A B C officials use our laws to block public information BEFORE it is even published. # Ha ! So I guess Jamaica is a bit more advanced on the censorship track.
74	3680323	JM	B	outaroad.com	A B C to pay child support, YOU DID GET WARNING now bounty have the last laught ha ha ha ha ha, BIG UP D, ANGEL YOU A PLAYER..
75	1348046	JM	G	caribbean.scielo.org	A B C The potential short-term advantages of the coating are well documented (1). The HA surface reduces the necessity for surgical precision during the preparation of the bone bed as
76	1356605	JM	G	jamericans.net	A B C # wendy 2/2/2012, 7:19 pm # this is such an awesome road trip! ha , noticed a' meyard' there also, must be a chain lol #
77	1378743	JM	G	petrinearcher.com	A B C EW: So it was an obligation, then, not a choice. # Ha Za Vu Zu: It chose us, maybe. laughs # EW: What
78	1347677	JM	G	blogs.jamaicans.com	A B C know...' cause women are just like men. She can't know. Ha ! ha! " # Similarly, WOMEN, who ARE endowed with hyper-senses and
79	3668844	JM	B	...cooper.wordpress.com	A B C arguing about? # C: Mr. Perkins, communication # P: Ha, ha , ha, ha, ha, ha! # C: is a two-way
80	3668844	JM	B	...cooper.wordpress.com	A B C true. There are mongrels that are damn good dogs. OK? Ha, ha , ha, ha, ha, ha! As anybody who keeps dogs will
81	3675870	JM	B	abengnews.com	A B C humans? Send me a picture! Ha! Ha! Ha! Ha! Ha ! # When a purely scientific discussion degenerates into racial stereotyping as does Anthony's
82	1349839	JM	G	....dancehallreggae.com	A B C soundsytem dat mek it to world clash and alll di otha ras tournies.. ha ha ha, some bwoy not even rooted in this culture ting, dem jus assume
83	1354518	JM	G	jamaica-gleaner.com	A B C # oh, a, ha # Me buil' it pon rocky ground, ha , ha # De breeze can' blow it down, ha, ha #
84	3672940	JM	B	...rl2007.wordpress.com	A B C to convince them to stay on course and they didn't listen. Ha Ha Ha . Interesting times ahead indeed.... especially with the constitutional issues at hand here now
85	3814778	JM	B	freeandlaughing.com	A B C you for sharing this. I have visited TO (my initials, ha ha ha ) several times many, many years ago and enjoyed each of my visits,
86	1357315	JM	G	latineos.com	A B C question which is as follows: TIPPA: What is dancehall? DJ: Ha Ha . Ok, what is dancehall? TIPPA: Dancehall is Fashion, Music and
87	1351981	JM	G	jahworks.org	A B C with more homophobic lyrics to hit the market than that. # WW: laughs Ha ! Well, " Keep Forgetting " is directed towards haters. I use fassy
88	3670450	JM	B	freeandlaughing.com	A B C and fight with my children it should be about something serious? Ho ho ha ha ha...... In the one hour of laughing, my body unwound and my heart
89	3667821	JM	B	anniepaul.net	A B C with low self-esteem or racial self-hatred. His presentation was punctuated by the mocking anh ha ! anh ha! fake laugh that is his current trademark. # ... I
90	3668828	JM	B	...cooper.wordpress.com	A B C fix up Naggo Head bus park tu. Mi kyaan believe it! Mi did ha fi meet Scheed Cole. Im a di mastermind weh plan out how fi fix
91	1379645	JM	G	reggaeville.com	A B C stop when Jahshua said on the mic, give it up for Stable Antero. Ha Ha that was funny, everyone laughed. # We took a set break and
92	1363403	JM	G	afflictedyard.com	A B C HE could spare any change?! And then the SANDALS security shot him? Ha ! Ha! Ha! I love this place.'' # Hell,
93	1360860	JM	G	negril.com	A B C n't even smoke.. hahahah) # beccajeanca # 04-07-2012, 05:24 PM # Ha ha ha you guys are great! LOL Joe! # beccajeanca # 05-03-2012,
94	3682515	JM	B	yardback.com	A B C CDs. Some songs I don't even remember I've done them, ha ha . I've got artists I've done songs with like late Sugar Minott,
95	1360863	JM	G	negril.com	A B C hand looks pretty wrapped around that Red Stripe!!!!: cool: HA HA HA HA! You are so right! It's all about how pretty
96	3815492	JM	B	jamaicaelections.com	A B C of electing a JLP government, Bruce?????? Ha Ha Ha .... next week! # It's not all about Bruce, just like it
97	1348550	JM	G	...cooper.wordpress.com	A B C asked me how did we get from the symbolic domain # P: Ha ha ha ha ha # C: to the literal, and I'm explaining how we
98	1379078	JM	G	rada.gov.jm	A B C ) hectare at a cost of $350,000. The average yield is 9,500 kg / ha and the average cost of production is $37.00 / kg. # Market Potential Demand
99	1350261	JM	G	...cismove.blogspot.com	A B C a good start. Thank you so much, so helpful you are. # Ha ! The credit card machine not working! Thx for the tips, I'm
100	3668460	JM	B	blogs.jamaicans.com	A B C with a private beach or maybe a condo with amazing sea views... HA HA HA ! I wish! While we don't live in a shack up in the
101	1368467	JM	G	finitesite.com	A B C # ou # s ou l # aj # l igh t # c # ha ts # ? # Cz ech # ? # d uty # ch # lo
102	3816371	JM	B	wikifiascos.com	A B C the final result is even finished two points. Zi-Ming Wang replied. # Ha ha , Im one know why you say are unfair, the feelings that you have
103	1361063	JM	G	nickieleaks.com	A B C and move them into my position, it's vacant and she said ha, ha . She didn't take me on. # Our Prime Minister the Honourable Kamla
104	3669568	JM	B	...takeout.blogspot.com	A B C not love it was some one who think he could own a woman he crazy ha ha ha. 46 minutes ago Like # Owen Bailey yow mi feel it fi
105	1348550	JM	G	...cooper.wordpress.com	A B C we can move from that point. We both agree # P: Ha ha ha ha ha # C: that mongrel literally means a certain kind of dog.
106	1360860	JM	G	negril.com	A B C even smoke.. hahahah) # beccajeanca # 04-07-2012, 05:24 PM # Ha ha ha you guys are great! LOL Joe! # beccajeanca # 05-03-2012, 04:39
107	1369547	JM	G	hi5jamaica.com	A B C weren't fungating the drugs. La informacin online ceftin purchase door2denver.com aqu no se ha occurence inaccessible la intencin de dyspnea greetings los metales posibles, instrucciones, precauciones,
108	3675870	JM	B	abengnews.com	A B C state of evoluting into humans? Send me a picture! Ha! Ha! Ha ! Ha! Ha! # When a purely scientific discussion degenerates into racial stereotyping
109	1382052	JM	G	topix.com	A B C have green, blue or hazel eyes, correct Nj-uk babe??? Ha ha ha ha ha... Well, that troll entity gets me laughing all the time
110	1372835	JM	G	jamaicaobserver.com	A B C just found a new agent, lost a dear friend and am working on Ha Ha Hackney, " explains Randall in-between sips of coffee and bites of the brownie.
111	1370715	JM	G	...otballfederation.com	A B C has played in the financial sector and the well known caring posture that the company ha for its customers. # I would like to use this forum to Thank JMMB
112	3668460	JM	B	blogs.jamaicans.com	A B C villa with a private beach or maybe a condo with amazing sea views... HA HA HA! I wish! While we don't live in a shack up in
113	1356357	JM	G	...rl2007.wordpress.com	A B C not nice..... the woman even lip-synched and the record scratched on her.... ha ha ha! Any views? # Now where have you all heard that before?
114	1360863	JM	G	negril.com	A B C around the Red Stripe! I knew the women could relate to this question! HA HA HA. # OK, Mis Blue had me all excited and now Deanna
115	3816154	JM	B	...haggyla.blogspot.com	A B C should call names sometines so we can be aware of gossip mongers.. ha, ha ,.... # I don't know Tobi personally, but I would accept her
116	3816154	JM	B	...haggyla.blogspot.com	A B C .. you should call names sometines so we can be aware of gossip mongers.. ha , ha,.... # I don't know Tobi personally, but I would
117	3680194	JM	B	outaroad.com	A B C get hands on, cause i'm sure Beenie or Kartel would move to her.ha ha , him probably soon jump of a cliff, like some gal clown.
118	3671452	JM	B	irieup.com	A B C and him say,' Nah man, yunno, everybody a suffer!' Ha ha ha! # So I thought, here, I figure, I will
119	1382049	JM	G	topix.com	A B C Miss Eva, I will try to not make mention of her missteps! Ha ha ha! Wonder what she will be wearing when it comes to dinner, Miss
120	1348046	JM	G	caribbean.scielo.org	A B C discussed disadvantages (2, 3, 8). This negative characteristic of the HA coating, however, has not been proven conclusively (3, 9, 10
121	3672682	JM	B	jamaicaelections.com	A B C not even opened much less expressed and opinion are you going to keep up the ha -- rass-mant? # ... and why is this fool still calling I Face2Face.
122	1357075	JM	G	kateandkayla.com	A B C in Jamaica # Being two females travelling alone in Jamaica, once in awhile ( ha ha ha) we attract some male attention.... we are very friendly and talk
123	3676023	JM	B	avahtaylor.com	A B C , could have been a catalyst to my reaction... and I guess her " ha ha ha ha " was quite mature as well. I was raising a point
124	1378743	JM	G	petrinearcher.com	A B C flags, banners, mutated disco balls, assorted ephemera -- in my view, Ha Za Vu Zu's particular specialty is performances that play on the thin boundary between
125	1356652	JM	G	jamericans.net	A B C . # yup kinda like hearing white foreigners speak it no? lol' # Ha . One of my favorite posts on Jamaica was on some travel board a few
126	3670450	JM	B	freeandlaughing.com	A B C love. And laughter, once again, has been my healer. Ho ho ha ha ha # Barbara -- life has been so much easier since I laugh at
127	1347737	JM	G	blogs.jamaicans.com	A B C are unstable. # Hastings is upset and nervously laughing " anh ha, anh ha " because he is quite undone by the thought that people so clearly anchored to
128	1374417	JM	G	jamlink.com	A B C markets, and to add insult to injury, quotas have to be given. Ha ! King sugar no longer wears a crown, neither in England nor in Jamaica
129	1348664	JM	G	...cooper.wordpress.com	A B C ha, ha, ha, ha, ha ! # C: If you are a mongrel you are high class. #
130	1348664	JM	G	...cooper.wordpress.com	A B C In certain contexts, purity is not an asset. # P: Ha, ha , ha, ha, ha # C: Racial purity in Jamaica, especially
131	1347677	JM	G	blogs.jamaicans.com	A B C ' cause women are just like men. She can't know. Ha! ha ! " # Similarly, WOMEN, who ARE endowed with hyper-senses and keen intuition
132	1351151	JM	G	hilaryfan.com	A B C he at now a grade two reading level. think im just making it up ha you wish http: **35;2605;TOOLONG... # Everybody does weed, Taylor Hoover does it
133	1360933	JM	G	negrilnotes.com	A B C . # oHi Vinny, what did you say? Petrona asked. # oha Ha , um, oh nothing. Just muttering, how are you today? I
134	3814788	JM	B	...uriousproduction.com	A B C girl from you? " was the next question put to him. # " Ha , ha, ha, ha, ha, " emerged the infectious laughter that
135	1365398	JM	G	caribexams.org	A B C in de class ". Newsflash: " wha' dey get, ain' ha ' nuttin' tuh do wid you ". # De results man!!
136	3678692	JM	B	jamaicans.com	A B C close to you and enable them to see your vision? I teach... ( ha , ha) the teacher is still inside of me so I guess I just
137	1356678	JM	G	jamericans.net	A B C one daughter gives me skin moisterizer on my birthday, it's called ha ha ha " hope in a jar "... When she asks me before my birthday what
138	3670450	JM	B	freeandlaughing.com	A B C . And laughter, once again, has been my healer. Ho ho ha ha ha # Barbara -- life has been so much easier since I laugh at the
139	3675870	JM	B	abengnews.com	A B C in a state of evoluting into humans? Send me a picture! Ha! Ha ! Ha! Ha! Ha! # When a purely scientific discussion degenerates into
140	1371640	JM	G	jamaicans.com	A B C in front Thelma's back door with white powdery substance sprinkled all over. " Ha bad mine them bad mine an' grudge-full " suggested Icilda, and with that
141	3669568	JM	B	...takeout.blogspot.com	A B C love it was some one who think he could own a woman he crazy ha ha ha. 46 minutes ago Like # Owen Bailey yow mi feel it fi di
142	3670450	JM	B	freeandlaughing.com	A B C story, laughing, I realized how ridiculous the whole scene was. Ho ho ha ha ha...... I had spent almost 24 hours angry, frustrated, upset over
143	3668844	JM	B	...cooper.wordpress.com	A B C for all the purebred people in the party. Ha, ha, ha , ha, ha, ha! # C: You want to make what
144	3667821	JM	B	anniepaul.net	A B C meantime enjoy some photos from the landmark Kartel lecture at UWI. anh ha! anh ha ! # Thanks to Varun for these pics! For one thing, we get
145	1348664	JM	G	...cooper.wordpress.com	A B C how did we get from the symbolic domain # P: Ha ha ha ha ha # C: to the literal, and I'm explaining how we got to
146	3668844	JM	B	...cooper.wordpress.com	A B C Thwaites to ahm ha, ha, ha, ha , ha, I don't finish yet ahm, help me out nuh,
147	3676023	JM	B	avahtaylor.com	A B C next article: How to get my old boyfriend who left me back!! Ha Ha! # Lony # Ocean I think you're missing the point of this
148	1348550	JM	G	...cooper.wordpress.com	A B C You asked me how did we get from the symbolic domain # P: Ha ha ha ha ha # C: to the literal, and I'm explaining how
149	3671452	JM	B	irieup.com	A B C him say,' Nah man, yunno, everybody a suffer!' Ha ha ha! # So I thought, here, I figure, I will start
150	1351427	JM	G	in.blouinartinfo.com	A B C she wrote that she learnt how babies are " really " made from Meenakshi. Ha ha.) # But I grew up in a very nurturing family environment where
151	3679043	JM	B	jamcl.com	A B C ##3679043 Blak Jak - " Bobbin' My Head " lyrics # Ah ha .. That's why I be in the back of the club You know what
152	1364297	JM	G	bookphilia.com	A B C odd conclusion. But I will, I will! 7 comments: # Ha ! Ruby In the Smoke was the first Pullman novel I read, and I
153	1348664	JM	G	...cooper.wordpress.com	A B C Right. # P: Ha, ha , ha, ha, ha, ha! # C: If you are
154	1379645	JM	G	reggaeville.com	A B C when Jahshua said on the mic, give it up for Stable Antero. Ha Ha that was funny, everyone laughed. # We took a set break and reasoned
155	1369242	JM	G	goodyear.com.jm	A B C 0.40468564 hectare # 1 international nautical mile # = 1.852 kilometer # 1 hectare ( ha ) # = 2.4710538 acres = 100 meter x 100 meter = 10,000 m2 #
156	1826865	JM	G	...wchem.uwimona.edu.jm	A B C so: # log 10 H + = log 10 K a log 10 ( HA / A) # and # pH = p K a log 10 (HA
157	1382049	JM	G	topix.com	A B C She'll have you eating humble pie the rest of your natural life! Ha ha ha! #
158	3670446	JM	B	freeandlaughing.com	A B C of our struggle to put things into some type of order to make meaning. Ha ha -- little do we realise that the Universe is already in order, divinely
159	3675870	JM	B	abengnews.com	A B C that they have no belief in their unbelief.No wonder God just laughs. Ha! Ha ! Ha! Ha! Ha! Ha! Ha! Ha! # One
160	1381244	JM	G	techjamaica.com	A B C call it the 9820 # pezz # April 12, 2011, 11:32 PM # HA ! and u blackberry ppl cuss us apple boys about apple adding basic features to
161	1347737	JM	G	blogs.jamaicans.com	A B C that racial boundaries are unstable. # Hastings is upset and nervously laughing " anh ha , anh ha " because he is quite undone by the thought that people so
162	1356678	JM	G	jamericans.net	A B C . My one daughter gives me skin moisterizer on my birthday, it's called ha ha ha " hope in a jar "... When she asks me before my
163	3814788	JM	B	...uriousproduction.com	A B C question put to him. # " Ha, ha, ha, ha, ha , " emerged the infectious laughter that was known to reverberate across the length and
164	1348550	JM	G	...cooper.wordpress.com	A B C Mr Perkins keep quiet and let me finish nuh! # P: Ha, ha , ha, ha, ha! # Michael Manley # C: You ask
165	3670450	JM	B	freeandlaughing.com	A B C drawn between me and my children over.... dirty dishes? Ho ho ha ha ha ........ What craziness is that? Surely if I am going to argue and fight
166	1356302	JM	G	...icanfamilysearch.com	A B C not far from you here. William, why do you not chance it? Ha , ha, said William,? all that have in this world is my
167	3676023	JM	B	avahtaylor.com	A B C been a catalyst to my reaction... and I guess her " ha ha ha ha " was quite mature as well. I was raising a point in support of
168	1356672	JM	G	jamericans.net	A B C a dog's life # Tanya 9/25/2012, 9:21 pm # name Shabba Thor Seymor ha ha this is easier than naming my own dog (who is Tango by the
169	3675649	JM	B	wikifiascos.com	A B C from the side. helpless.Related articles: # You know how they Caught it ha ha ha ha. The essential difference between humans and animals that people know how to
170	3814788	JM	B	...uriousproduction.com	A B C me. Me can do it you know... ha, ha, ha, ha , ha. " Meta # IT was during the early part of 1993
171	1384409	JM	G	...amaicantourguide.com	A B C we could get lobster and shrimp patties and Red Stripes, breakfast of champions! HA ! # Even just take the time to look at his website **29;10482;TOOLONG it's
172	3673707	JM	B	mamachel.com	A B C because another woman looks hot and you want to add her to your brood, ha ha ha. # I don't think this is something that I can do
173	1382049	JM	G	topix.com	A B C you're the one who is going to have to charter a humbling flight! ha ha ha! Careful now! And no cheating, no trying to provoke UK-Babe
174	3673350	JM	B	kateandkayla.com	A B C morning, until just after midnight (I can't actually tell you how early ha ha, the earliest I've ever made it on a bus was 9:30am...
175	1348550	JM	G	...cooper.wordpress.com	A B C C: Mr Perkins keep quiet and let me finish nuh! # P: Ha , ha, ha, ha, ha! # Michael Manley # C:
176	1348550	JM	G	...cooper.wordpress.com	A B C ha, ha, ha, ha, ha ! # C: racial purity. Alright. # P: Hold on little
177	1363270	JM	G	abengnews.com	A B C " Clarice, yu want a beer? " Cherry asked. # " Yu ha rum? " Clarice replied. " Fa, I haffi drink sinting trang.
178	3814788	JM	B	...uriousproduction.com	A B C the next question put to him. # " Ha, ha, ha, ha , ha, " emerged the infectious laughter that was known to reverberate across the
179	1350344	JM	G	gajamun.org	A B C spotted with his pants below his waist, he would be bashed. Today, ha ! If your pants don't fall to your ankles, you don't have
180	3682515	JM	B	yardback.com	A B C and CDs. Some songs I don't even remember I've done them, ha ha. I've got artists I've done songs with like late Sugar Minott
181	1348664	JM	G	...cooper.wordpress.com	A B C You asked me how did we get from the symbolic domain # P: Ha ha ha ha ha # C: to the literal, and I'm explaining how
182	1382034	JM	G	topix.com	A B C I was JOKING about the' woman like you' comment, right? Ha ha ha! I was just referring to how you only PARTIALLY agreed with me in
183	1348550	JM	G	...cooper.wordpress.com	A B C ha, ha, ha , ha, ha! # C: racial purity. Alright. # P
184	1382052	JM	G	topix.com	A B C could have green, blue or hazel eyes, correct Nj-uk babe??? Ha ha ha ha ha... Well, that troll entity gets me laughing all the
185	1372900	JM	G	jamaicaobserver.com	A B C or in many cases 7-7 get a HELPER (MATEY too if needed ha ha ha ) make sure the helper is God damn ugly and be out your door b4
186	1357070	JM	G	kateandkayla.com	A B C limes can look like oranges... and drug dealers can be real nice guys too ha ha ha...) # LA FORTUNA: arenal volcano, hot springs and arenal
187	1369547	JM	G	hi5jamaica.com	A B C levels. Antes de esta medicina, dgale a dilate mdico metabolismo undertaken gluconeogenesis vez ha thruout enfermedad del hgado o algn radiograph de hyperreninemia del corazn. In startups relaxing
188	1348664	JM	G	...cooper.wordpress.com	A B C , ha, ha, ha, ha , ha! # C: If you are a mongrel you are high class
189	1348664	JM	G	...cooper.wordpress.com	A B C # P: Ha, ha, ha , ha, ha, ha! # C: If you are a mongrel
190	1357070	JM	G	kateandkayla.com	A B C can look like oranges... and drug dealers can be real nice guys too ha ha ha...) # LA FORTUNA: arenal volcano, hot springs and arenal backpackers
191	3668460	JM	B	blogs.jamaicans.com	A B C luxurious villa with a private beach or maybe a condo with amazing sea views... HA HA HA! I wish! While we don't live in a shack up
192	1348550	JM	G	...cooper.wordpress.com	A B C keep quiet and let me finish nuh! # P: Ha, ha, ha , ha, ha! # Michael Manley # C: You ask me how
193	1348664	JM	G	...cooper.wordpress.com	A B C ha, ha, ha, ha , ha! # C: racial purity. Alright. # P: Hold
194	3676023	JM	B	avahtaylor.com	A B C article: How to get my old boyfriend who left me back!! Ha Ha ! # Lony # Ocean I think you're missing the point of this entire
195	1348664	JM	G	...cooper.wordpress.com	A B C asked me how did we get from the symbolic domain # P: Ha ha ha ha ha # C: to the literal, and I'm explaining how we
196	1381883	JM	G	...ngsjamaicanslove.com	A B C by. # +0 # ... written by tambudzai, June 05, 2011 # Ha she got off light, they have grown way more conspicuous and extremely explicit,
197	3668844	JM	B	...cooper.wordpress.com	A B C is not true. There are mongrels that are damn good dogs. OK? Ha , ha, ha, ha, ha, ha! As anybody who keeps
198	1346882	JM	G	216.119.88.230	A B C Tappa had Hue and wouldnt call him. Venga have alex-Oxide and wont start him ha wont start Walcott either he continue with Podolsky, Giroud while Tappa thinks he has
199	1363403	JM	G	afflictedyard.com	A B C change?! And then the SANDALS security shot him? Ha! Ha! Ha ! I love this place.'' # Hell, if it weren't
200	1377658	JM	G	noquartergiven.net	A B C aren't period) - photographs may still be useful. Our art staff ( ha !... that means me, Christine) may sketch from them, or we
201	1374745	JM	G	jis.gov.jm	A B C Robert Bailey (now a married duo). The quality of local gospel music ha improved since its start in the late 1960s or early 1970s. It has become
202	1380123	JM	G	saigonecho.com	A B C , 2011, Lawyers Nguyen Van Dai, Le Thi Cong Nhan and Cu Huy Ha Vu were sentenced respectively to five, four and seven years in prison for the
203	1380411	JM	G	slideshare.net	A B C government offered contract. A field labourer on a plantation had to 5-acre (2 ha ) lots of Crown Land to immigrants work seven hours per day, and a
204	1351688	JM	G	irieup.com	A B C " and he said, " What the hell are you doing in Japan? Ha ha ha! " # " But I say, it's just another country
205	3816371	JM	B	wikifiascos.com	A B C as the final result is even finished two points. Zi-Ming Wang replied. # Ha ha, Im one know why you say are unfair, the feelings that you
206	3680100	JM	B	outaroad.com	A B C exist. am not just a b$tch sweetie, am a b$tch B! TCHER HA HA HA # Yardflex has the most UGLYEST girls on that site and also men
207	1347696	JM	G	blogs.jamaicans.com	A B C with a private beach or maybe a condo with amazing sea views... HA HA HA ! I wish! While we don't live in a shack up in the
208	1351510	JM	G	insidejourneys.com	A B C drops at the Grand Gala.. I said my rain rain go away chant' ha ha a friend of mine said that No entry was permitted without a ticket so
209	1369816	JM	G	icac.org.jm	A B C Immediately following the closing session of the conference, participants were taken to the Balam Ha Resort for a Jungle tour, dancing &; tubing. The 2005 Conference was a
210	1356564	JM	G	jamericans.net	A B C garzan was but before i did she introduced me to her BF.' # Ha Ha, glad to know she is OK. # Hey Wendy, nice to
211	1369228	JM	G	golocaljamaica.com	A B C going to put it away or put it one side. # " Every hoe ha dem stick a bush. " The meaning of all that is " to each
212	1365398	JM	G	caribexams.org	A B C . So, in the OP words " wha' dey get, ain' ha ' nuttin' tuh do wid you ". # Can anyone please tell me
213	1371319	JM	G	jamaicans.com	A B C ) takes the stand at the London Olympics 2012. With that being said, ha , I would love to see a Jamaican break the world record. Now,
214	1826865	JM	G	...wchem.uwimona.edu.jm	A B C K (K = equilibrium constant). Dissociation of Acids in Water # HA = H + + A # K a = H + A / HA #
215	1368384	JM	G	facebook.com	A B C about Jamaica 4 hours ago Edited 2 Wendell Stewart Ha! Ha!! Ha !!! 4 hours ago Ricardo Sinclair wendel you can laugh you are
216	1348550	JM	G	...cooper.wordpress.com	A B C how did we get from the symbolic domain # P: Ha ha ha ha ha # C: to the literal, and I'm explaining how we got to
217	1356261	JM	G	jamaicanechoes.com	A B C if one of its previous owners was attempting to shape it into another coin? Ha ! The things change, the more they remain the same. # This
218	1824990	JM	G	golocaljamaica.com	A B C , so pound became poun'; shilling became shillin'; half penny was ha ' penny; farthing was fardin'; three pence was chuppance(Tropense); and sixpence
219	1378430	JM	G	outaroad.com	A B C single titled My Money (Ha Ha Ha). # My Money (Ha Ha Ha) has given the group the deserving spotlight that they have been hunting for
220	1348550	JM	G	...cooper.wordpress.com	A B C In certain contexts, purity is not an asset. # P: Ha, ha , ha, ha, ha # C: Racial purity in Jamaica, especially
221	3670450	JM	B	freeandlaughing.com	A B C almost 24 hours angry, frustrated, upset over..... dirty dishes? Ho ho ha ha ha...... My home was a warzone, with battle lines solidly drawn between
222	1348046	JM	G	caribbean.scielo.org	A B C Longer monitoring of the implants is necessary. # The effect of the hydroxyapatite ( HA ) coating of dental implants is controversial. The potential short-term advantages of the coating
223	1371640	JM	G	jamaicans.com	A B C The atmosphere is ripe with the aroma of roast breadfruit and red herring. " Ha mus Miss Hilda cooking dat-deh, " Thelma soliloquized as she inhales the scent and
224	3818420	JM	B	travelblog.org	A B C keep myself awake. Pause. Just let that sink in for a while. Ha . We finish the meeting and wait for our ride to pick us up,
225	1348550	JM	G	...cooper.wordpress.com	A B C ha, ha , ha, ha, ha! # C: racial purity. Alright.
226	1382049	JM	G	topix.com	A B C Miss Eva, I will try to not make mention of her missteps! Ha ha ha! Wonder what she will be wearing when it comes to dinner, Miss
227	3668844	JM	B	...cooper.wordpress.com	A B C , it shoulda be something else. Ha, ha, ha, ha , ha, ha! # C: A straw man. And then you
229	1347152	JM	G	anniepaul.net	(1) A B C low self-esteem or racial self-hatred. His presentation was punctuated by the mocking anh ha ! anh ha! fake laugh that is his current trademark. # ... I
230	3668844	JM	B	...cooper.wordpress.com	A B C hold on little bit. When people use words like that mawga dog an dog ha too much master go to bed without, is people they calling dogs? #
231	1360863	JM	G	negril.com	A B C Red Stripe! I knew the women could relate to this question! HA HA HA . # OK, Mis Blue had me all excited and now Deanna has me
232	1354518	JM	G	jamaica-gleaner.com	A B C down, ha, ha # It buil' pon rocky ground, ha, ha . " # FOOD PREPARATION # Women also prepared food for the builders and juiced
233	3816370	JM	B	wikifiascos.com	A B C ? You really practice to the first layer of the original record is true? Ha ha! Which the right thing This thing ha ha! # Great, who
234	1356357	JM	G	...rl2007.wordpress.com	A B C was not nice..... the woman even lip-synched and the record scratched on her.... ha ha ha! Any views? # Now where have you all heard that before
235	3668828	JM	B	...cooper.wordpress.com	A B C he got into computers and had quite a shock:' A bare reading yu ha fi do pon dis?' It's all about reading? # Suddenly,
236	1348550	JM	G	...cooper.wordpress.com	A B C , for example, are coming out of white racist notions of # P: Ha ,
237	3680100	JM	B	outaroad.com	A B C am not just a b$tch sweetie, am a b$tch B! TCHER HA HA HA # Yardflex has the most UGLYEST girls on that site and also men. It
238	3815492	JM	B	jamaicaelections.com	A B C error of electing a JLP government, Bruce?????? Ha Ha Ha.... next week! # It's not all about Bruce, just like
239	1360503	JM	G	moneymax101.com	A B C ##1360504 Ha ! Now That's Funny! Barbados To Be The Cultural Capital of the Caribbean
240	3814392	JM	B	...ingentertainment.com	A B C # Chino, who hails as the song of Reggae legend, Freddie McGregor and ha a three year old daughter from a previous relationship, expressed his joy regarding the
241	3673350	JM	B	kateandkayla.com	A B C , until just after midnight (I can't actually tell you how early ha ha , the earliest I've ever made it on a bus was 9:30am... but
242	1347696	JM	G	blogs.jamaicans.com	A B C luxurious villa with a private beach or maybe a condo with amazing sea views... HA HA HA! I wish! While we don't live in a shack up
243	1380256	JM	G	sharksrugby.org	A B C u need to grow up>>> Romie the msg above is for u!!! ha ha ha>>>FYI soulja Boy is ssssssooooooo year b last! Roy big up urself!
244	1382055	JM	G	topix.com	A B C and then being scammed for it, should buy a clue! # Ha ha ha Gwan Celine my friend as for Blacktigershark obviously that what you get up to while
245	1372900	JM	G	jamaicaobserver.com	A B C 9-5 or in many cases 7-7 get a HELPER (MATEY too if needed ha ha ha) make sure the helper is God damn ugly and be out your door
246	1357065	JM	G	kateandkayla.com	A B C villa with a private beach or maybe a condo with amazing sea views... HA HA HA! I wish! While we don't live in a shack up in
247	3675870	JM	B	abengnews.com	A B C over a hundred years and not one has been found. No wonder God laughs Ha ! Ha! Ha! Ha! Ha! Ha! # Is it true
248	1370797	JM	G	jamaicamyway.com	A B C KAYLA: Ugh, why do there have to be immigration rules?! ( ha ha... I get it, I get it) but I just want to
249	1382048	JM	G	topix.com	A B C are more attractive than Puerto Rican women, PuertoRican98! YOU LOSE AGAIN! Ha ha ha ha ha ha ha ahhhhhh! # You are so Obsessed with us Jamaicans
250	3670320	JM	B	....dancehallreggae.com	A B C both tommy lee and popcaan careers are dangling by a thread right now. # Ha tommy lee career dangling by thread w.t.f is that why he just got 2 singles
251	1360981	JM	G	...llerja.wordpress.com	A B C ) was pushing for a clause prohibiting discrimination on the grounds of sexual orientation. Ha ! They would have had a better chance promoting non-discrimination on the basis of being
252	1368384	JM	G	facebook.com	A B C , then they will think about Jamaica 4 hours ago Edited 2 Wendell Stewart Ha ! Ha!! Ha!!! 4 hours ago Ricardo Sinclair wendel
253	1371640	JM	G	jamaicans.com	A B C to Thelma, never did he once even sent an empty postcard yet now' ha cum tek up residency.' (She can't stand him). "
254	3675649	JM	B	wikifiascos.com	A B C the side. helpless.Related articles: # You know how they Caught it ha ha ha ha. The essential difference between humans and animals that people know how to use
255	1348664	JM	G	...cooper.wordpress.com	A B C contexts, purity is not an asset. # P: Ha, ha, ha , ha, ha # C: Racial purity in Jamaica, especially if it
256	1380256	JM	G	sharksrugby.org	A B C i was informed that it was not u but MR. MONTEITH>>> MY ARCHED ENEMY>>>>ha ha ha>>> but seriously u need to grow up>>> Romie the msg above is for u
257	3668844	JM	B	...cooper.wordpress.com	A B C That's not the word im shoulda use, it shoulda be something else. Ha , ha, ha, ha, ha, ha! # C
258	1372559	JM	G	jamaicaobserver.com	A B C turning or what... but i thought i heard a shuffle ha ha ha ha ha ha ha ha haaaaa ha ha!!! # DT.Audley Shaw should testify too
259	1380256	JM	G	sharksrugby.org	A B C need to grow up>>> Romie the msg above is for u!!! ha ha ha>>>FYI soulja Boy is ssssssooooooo year b last! Roy big up urself! #
260	1351515	JM	G	insidejourneys.com	A B C must not only look good, but it must also taste good. " HA PP Y 50th BIR T HD AY JAM AI C A! #
261	3671452	JM	B	irieup.com	A B C say,' Nah man, yunno, everybody a suffer!' Ha ha ha ! # So I thought, here, I figure, I will start doing
262	1378430	JM	G	outaroad.com	A B C the spotlight with their one-month-old fast rising hit single titled My Money (Ha Ha Ha ). # My Money (Ha Ha Ha) has given the group the
263	3671448	JM	B	irieup.com	A B C tell you the truth, it was demos that we were doing! Ha ha ha ! We were hoping that Island Records or something like that were going to hear
264	1378245	JM	G	outaroad.com	A B C low the police to do their investigation because its not no electrical bad wiring # Ha Ha Ha Hah.... Kartel a try tek people fi poppy show. The car
265	1348664	JM	G	...cooper.wordpress.com	A B C we can move from that point. We both agree # P: Ha ha ha ha ha # C: that mongrel literally means a certain kind of dog.
266	1375519	JM	G	jumieka.com	A B C in' Mr Boombastic', " Don't you tickle my foot bottom, ha , ha, baby please? " The self-proclaimed Mr Lover Lover could have included
267	3816370	JM	B	wikifiascos.com	A B C the original record is true? Ha ha! Which the right thing This thing ha ha! # Great, who somewhat head, call Lara, enough to have
268	1348550	JM	G	...cooper.wordpress.com	A B C me finish nuh! # P: Ha, ha, ha, ha, ha ! # Michael Manley # C: You ask me how do we go from
269	3670450	JM	B	freeandlaughing.com	A B C fight with my children it should be about something serious? Ho ho ha ha ha ...... In the one hour of laughing, my body unwound and my heart took
270	1369198	JM	G	golocaljamaica.com	A B C ? Don? t you have a key?? (Ha! Ha! Ha ! Snort) # But people, there is nothing like your Mama? s
271	1357315	JM	G	latineos.com	A B C important question which is as follows: TIPPA: What is dancehall? DJ: Ha Ha. Ok, what is dancehall? TIPPA: Dancehall is Fashion, Music
272	1369547	JM	G	hi5jamaica.com	A B C is longer dieing. Hable joyous tollerate mdico order yaz www.forexlane.com el doppler preventivo masticarla ha scarlatiniform expuesto a pharma (o muestresela del pollo) o sarampin. Because honest
273	3682714	JM	B	yardflex.com	A B C advertisers) is that you'd listen. It's absolutely undeniable that LA Lewis ha sa very UNIQUE personality. I have a test for you.' Uncensored'
274	3814788	JM	B	...uriousproduction.com	A B C You a laugh after me. Me can do it you know... ha, ha , ha, ha, ha. " Meta # IT was during the
275	1373459	JM	G	jamaicaobserver.com	A B C the crooked jamaica politicians, who were selling fishing rights to others.. no penalty ha .. # Elli Deedo 6/2/2011 - 2:49 PM # Were we making money from Lobsters
276	1379361	JM	G	reggaeboyzsc.com	A B C Tappa had Hue and wouldnt call him. Venga have alex-Oxide and wont start him ha wont start Walcott either he continue with Podolsky, Giroud while Tappa thinks he has
277	3670450	JM	B	freeandlaughing.com	A B C solidly drawn between me and my children over.... dirty dishes? Ho ho ha ha ha........ What craziness is that? Surely if I am going to argue and
278	1371582	JM	G	jamaicans.com	A B C . Y'u know what, a going to pack him up ship him straight back ha country send to him mooma. I don't know why the hell she leave
279	3814788	JM	B	...uriousproduction.com	A B C that? You a laugh after me. Me can do it you know... ha , ha, ha, ha, ha. " Meta # IT was
280	3680323	JM	B	outaroad.com	A B C , YOU DID GET WARNING now bounty have the last laught ha ha ha ha ha , BIG UP D, ANGEL YOU A PLAYER..
281	3680189	JM	B	outaroad.com	A B C don't kiss har cause if unu a hater unu heart weak # ha ha ha ! Kartel love take pictures doh! A ediot thing him a keep up still
282	3679710	JM	B	...nameisbiancastar.com	A B C know about the rooms, but I do know the Ballroom is gorgeous. # Ha . Now this is " LUX " lol. Definitely never been in here but
283	3668968	JM	B	chatt-a-box.com	A B C the police could rely more on brain than baton or bullet. # Ha ha ha , what utter nonsense, Jamaicans had that. # As a boy growing up
284	1356593	JM	G	jamericans.net	A B C would have been all over you like a rash. Just sayin....' # HA ! I was thinking the same thing but I wasn't even born yet and
285	1348664	JM	G	...cooper.wordpress.com	A B C ha, ha, ha, ha, ha! # C: racial purity.
286	3675870	JM	B	abengnews.com	A B C they are in a state of evoluting into humans? Send me a picture! Ha ! Ha! Ha! Ha! Ha! # When a purely scientific discussion
287	1362440	JM	G	susumba.com	A B C I use tools beyond my physical body to communicate. Across the years my voice ha ls been expressed mostly by through the written word via a computer and now in
288	1372835	JM	G	jamaicaobserver.com	A B C 've just found a new agent, lost a dear friend and am working on Ha Ha Hackney, " explains Randall in-between sips of coffee and bites of the brownie
289	1382656	JM	G	...l-villas-jamaica.com	A B C and had to keep going to the kitchen to get the time. (ha ha !!) # Our Response: Dear Melanie Very many thanks for your feedback
290	3673400	JM	B	kindfeelings.com	A B C Russell had already made his escape and drove off in Ellen's car. # HA ! HE TOOK THE CAR! GREAT TOUCH!!! # Everything had gone
291	1825539	JM	G	jamaicaobserver.com	A B C stood at the centre of the arena staring intently at the scoreboard, her folded ha Afro-American teen cops 2nd gymnastics gold # US gymnast Gabrielle Douglas performs on the
292	3675870	JM	B	abengnews.com	A B C questions proves that they have no belief in their unbelief.No wonder God just laughs. Ha ! Ha! Ha! Ha! Ha! Ha! Ha! Ha!
293	3668968	JM	B	chatt-a-box.com	A B C , so the police could rely more on brain than baton or bullet. # Ha ha ha, what utter nonsense, Jamaicans had that. # As a boy
294	1372559	JM	G	jamaicaobserver.com	A B C what... but i thought i heard a shuffle ha ha ha ha ha ha ha ha haaaaa ha ha!!! # DT.Audley Shaw should testify too... When
295	1362442	JM	G	susumba.com	A B C all the knowledge he had gained from bars and dancehalls. # Of course journalism ha s also been described as the first draft of history, and the evening's
296	3680156	JM	B	outaroad.com	A B C just as sensible as Bounty. Unoo so fool unoo no see how one nuh ha nutting fi do wid the other. Just like an idiot Bounty come snatch defeat
297	3670596	JM	B	gajamun.org	A B C the feacal matter on penis issue. But what if the condom bursts? ah ha !!!! # My gay friends/associates are actually nice people to bond and
298	3668844	JM	B	...cooper.wordpress.com	A B C shoulda use, it shoulda be something else. Ha, ha, ha , ha, ha, ha! # C: A straw man. And
299	3669331	JM	B	...enseja.wordpress.com	A B C help in that regard. I am so disappointed in your tame response. # Ha ha Jay, You saying the statistics on crime above is wrong? Just stating
300	3676684	JM	B	childmobilephone.com	A B C my child scared that his phone's gon na punch him in the face? Ha , not likely! But that type of attitude towards cyber bully attacks is what
301	1382048	JM	G	topix.com	A B C Rican women, PuertoRican98! YOU LOSE AGAIN! Ha ha ha ha ha ha ha ahhhhhh! # You are so Obsessed with us Jamaicans, I mean we are
302	3670450	JM	B	freeandlaughing.com	A B C you need to do is laugh! Start with saying " ho ho ha ha ha " slowly, then speed it up and before you know it, you are
303	3814778	JM	B	freeandlaughing.com	A B C Thank you for sharing this. I have visited TO (my initials, ha ha ha) several times many, many years ago and enjoyed each of my visits
304	1357060	JM	G	kateandkayla.com	A B C Jamaica.... doing anything we could do to keep that Jamaica " high " ( ha ha). # I thought they said " RUM!! " # Ottawa
305	1356669	JM	G	jamericans.net	A B C if I can't remember, you sure can't, Piney, ha, ha .) Over the years I've met Rhonda, St. Louis Sally, Cindyrella
306	1348664	JM	G	...cooper.wordpress.com	A B C ha, ha, ha, ha, ha ! # C: racial purity. Alright. # P: Hold on little
307	1348664	JM	G	...cooper.wordpress.com	A B C me finish nuh! # P: Ha, ha, ha, ha, ha ! # Michael Manley # C: You ask me how do we go from
308	1348664	JM	G	...cooper.wordpress.com	A B C C: Mr Perkins keep quiet and let me finish nuh! # P: Ha , ha, ha, ha, ha! # Michael Manley # C:
309	1356564	JM	G	jamericans.net	A B C wendy 7/15/2011, 9:38 pm # I think you got dumped! # HA HA HA HA,,,, # Re: Boardies from the past # Angel 7/15/2011
310	1373551	JM	G	jamaicaobserver.com	A B C or it's just a regular Jamaican SAMFIE? What a lah lah. Ha ha haaaaaaaaa. This government is certainly amusing. # Kwame T 11/21/2012 - 3:27 PM
311	3672936	JM	B	...rl2007.wordpress.com	A B C that the removal of a measly $5000 fee is going to make children smarter? Ha ! They better think again!! Actions Information 19 responses #
312	3677982	JM	B	interamerica.org	A B C was not able to move around freely. # According to Pastor O'Brian Forbes Morris ha ddifficulty walking. # More students receive hot lunches in Priory, St. Ann,
313	3682110	JM	B	thewickedesttime.com	A B C , " VP Records called us about doing some promotion of the song My Money HA HA and that's how we found out it had been sold to a record
314	1348664	JM	G	...cooper.wordpress.com	A B C : You asked me how did we get from the symbolic domain # P: Ha ha ha ha ha # C: to the literal, and I'm explaining
315	1378743	JM	G	petrinearcher.com	A B C of simple! # EW: But you're also rehearsing for months! # Ha Za Vu Zu: Yeah! laughs # At rehearsals everyone goes, anyone can
316	1380123	JM	G	saigonecho.com	A B C Van Ly and Lawyers Nguyen Van Dai, Le Thi Cong Nhan and Cu Huy Ha Vu were charged with the crime of propaganda against the state pursuant to Article 88
317	1348664	JM	G	...cooper.wordpress.com	A B C move from that point. We both agree # P: Ha ha ha ha ha # C: that mongrel literally means a certain kind of dog. # P
318	1361063	JM	G	nickieleaks.com	A B C somebody out and move them into my position, it's vacant and she said ha , ha. She didn't take me on. # Our Prime Minister the
319	1356593	JM	G	jamericans.net	A B C # venusdemilos wrote: # ' I never used to wear one!' # Ha - I didn't either Venus - Greece was soooo nice back in the day
320	1378743	JM	G	petrinearcher.com	A B C simple example of the power of so many people in a public place. # Ha Za Vu Zu: It's simple, yes, but also risky. When
321	1369547	JM	G	hi5jamaica.com	A B C underwear, and muscles may promulgate avoid this problem. La informacin aqu no se ha patience exceptional la intencin de brand heartbeats los soccer posibles, instrucciones, precauciones,
322	3671373	JM	B	iriediva.com	A B C month. Good thing I read this article because it reminded me of it -- ha ! # Re apple cider vinegar KSamuda, I'm not sure what Stephanie did
323	1351688	JM	G	irieup.com	A B C he said, " What the hell are you doing in Japan? Ha ha ha ! " # " But I say, it's just another country! "
324	1382052	JM	G	topix.com	A B C ask her what you want about what Nj-uk babe likes, yo! Ha ha ha ... just KNEW you would try to hit back with mixing Nj-uk babe in your
325	3680607	JM	B	patricemchugh.com	A B C would love to say that (William and Kate) drink nothing but Tanqueray -- ha ! -- but I know it's in their repertoire. " # With that
326	1357072	JM	G	kateandkayla.com	A B C probably try mastering the art of applying sunscreen while we're at it... ha ha ... I can almost feel my mom shaking her head right now) in the
327	1348046	JM	G	caribbean.scielo.org	A B C the HA-coated implants has been the subject of some criticism. The instability of the HA in a biological environment and troublesome management of infection of the porous surface of the
328	3675649	JM	B	wikifiascos.com	A B C Not pollute the environment Damage to the environment Damn she is such answer my sentence Ha ha ha you do so that others can not burn the grass Earth we account
329	3680189	JM	B	outaroad.com	A B C but don't kiss har cause if unu a hater unu heart weak # ha ha ha! Kartel love take pictures doh! A ediot thing him a keep up
330	3816566	JM	B	bookphilia.com	A B C A-Team! He's young! He's pretending to be a romantic hero! Ha ! Hannibal! " The rest of the movie is forgettable. # Ditto on
331	3675649	JM	B	wikifiascos.com	A B C the environment Damage to the environment Damn she is such answer my sentence Ha ha ha you do so that others can not burn the grass Earth we account for how
332	1348664	JM	G	...cooper.wordpress.com	A B C ha, ha, ha , ha, ha! # C: racial purity. Alright. # P
333	3670576	JM	B	...uriousproduction.com	A B C , a military official said yesterday. It's widely known the late Libyan leader ha
334	3815553	JM	B	...upiemet.blogspot.com	A B C ... Flippa seh unu rass him can't stuck in a country that him born ha ha ha. Dat sound like going around the question to me. Flippa seh
335	1372559	JM	G	jamaicaobserver.com	A B C i thought i heard a shuffle ha ha ha ha ha ha ha ha haaaaa ha ha!!! # DT.Audley Shaw should testify too... When he does hope
336	1356607	JM	G	jamericans.net	A B C ##1356607 # ok Beachbum33 lets get the facts straight 1. you say that mike ha had problems with the windsor/essex county humaine society about his animals. if you had
337	3680194	JM	B	outaroad.com	A B C what happened to Angel! After Angel left Killa, she took her place, ha ha, what did she think would happen. She was prettier than Angel or
338	3667821	JM	B	anniepaul.net	A B C # In the meantime enjoy some photos from the landmark Kartel lecture at UWI. anh ha ! anh ha! # Thanks to Varun for these pics! For one thing
339	1360857	JM	G	negril.com	A B C john crows. # Kritter # 03-05-2012, 11:44 AM # Ha, ha, ha , Monk... you must have been running really slow to have the john crow
340	3670450	JM	B	freeandlaughing.com	A B C lines solidly drawn between me and my children over.... dirty dishes? Ho ho ha ha ha........ What craziness is that? Surely if I am going to argue
341	3817607	JM	B	...y-island-jamaica.com	A B C the blogger before you. What delusional box are you living in! Decent people ha ! One has to wonder where you got your definition of the word decent.
342	1368254	JM	G	...verytingjamaican.com	A B C BACK!!) Hold the blunt to your mouth &; make-out with it. HA !! Lick it UP &; DOWN the middle or (if you like the
343	1382049	JM	G	topix.com	A B C Eva, I will try to not make mention of her missteps! Ha ha ha ! Wonder what she will be wearing when it comes to dinner, Miss Eva
344	1356574	JM	G	jamericans.net	A B C coupe of days power went out Our room was pitch black.!!!! Ha who was the first to dig out the lights. # Re: has Anyone
345	1348550	JM	G	...cooper.wordpress.com	A B C contexts, purity is not an asset. # P: Ha, ha, ha , ha, ha # C: Racial purity in Jamaica, especially if it
346	1377812	JM	G	...eanstylemagazine.com	A B C 's sense of style. # What's the last thing you splurged on? Ha ... bloggers don't splurge! LOL! Last splurge would have to be a
347	1378743	JM	G	petrinearcher.com	A B C is what we create for people. I think this line is so thin in Ha Za Vu Zu. It looks so simple what we are doing. # EW
348	1358163	JM	G	....jamaicaobserver.com	A B C killed me with one of her potions. " # ' He smelled my hoo ha each evening when I came home' # Tamara Wallis, hairdresser 30: #
349	1357194	JM	G	kindfeelings.com	A B C to taunt the other guard. # " I messed up your party guys. Ha ha. You will have to pay for this. " # " You think
350	1348550	JM	G	...cooper.wordpress.com	A B C , so we can move from that point. We both agree # P: Ha ha ha ha ha # C: that mongrel literally means a certain kind of
351	1347152	JM	G	anniepaul.net	A B C # In the meantime enjoy some photos from the landmark Kartel lecture at UWI. anh ha ! anh ha
352	3668844	JM	B	...cooper.wordpress.com	A B C word im shoulda use, it shoulda be something else. Ha, ha , ha, ha, ha, ha! # C: A straw man
353	3668844	JM	B	...cooper.wordpress.com	A B C , communication # P: Ha, ha, ha, ha, ha, ha ! # C: is a two-way process. # P: Yes ma'am.
354	1378743	JM	G	petrinearcher.com	A B C : How do you think of the barrier between yourselves and the audience? # Ha Za Vu Zu: People always look at us and say, " I want
355	1356675	JM	G	jamericans.net	A B C on, till it starts again. I pretend I'm on the race - ha , I would last about 30 seconds, can't even run, much less
356	1361694	JM	G	reggaeeurope.com	A B C . El creador de " No woman no cry ", Vicent Ford, ha muerto FRANCE said to be biggest reggae country outside of Jamaica # Jamaican engineer
357	3675870	JM	B	abengnews.com	A B C hundred years and not one has been found. No wonder God laughs Ha! Ha ! Ha! Ha! Ha! Ha! # Is it true that I
358	1382052	JM	G	topix.com	A B C comments you are going to post after this comment of mine, alright pumpkin? Ha ha ha! # Blacktigershark, everybody posting about you because you are most flamboyant
359	3673404	JM	B	kindfeelings.com	A B C him connect deeply. " # " Okay boss lady. " # " Ha ha don't call me that. " # Mandy left Ellen alone in the living
360	1378275	JM	G	outaroad.com	A B C is that it's always the women getting caught, never the men. # ha ha ha a nation entrenched in ignorance. i recommend dancehall for the masses,
361	1378893	JM	G	...dtheotherjamaica.com	A B C Portland. # The Who: On my path to publishing greatness (ha, ha ) I have learned that serious authors need to know why they are writing a
362	3670450	JM	B	freeandlaughing.com	A B C , laughing, I realized how ridiculous the whole scene was. Ho ho ha ha ha...... I had spent almost 24 hours angry, frustrated, upset over.....
363	3675870	JM	B	abengnews.com	A B C evoluting into humans? Send me a picture! Ha! Ha! Ha! Ha ! Ha! # When a purely scientific discussion degenerates into racial stereotyping as does
364	3670450	JM	B	freeandlaughing.com	A B C argue and fight with my children it should be about something serious? Ho ho ha ha ha...... In the one hour of laughing, my body unwound and my
365	3671452	JM	B	irieup.com	A B C # Yeah man, father of dancehall and King of Lovers rock too! Ha ha ha ha! Cos in England, people know me as Lovers rock. In
366	3815492	JM	B	jamaicaelections.com	A B C the error of electing a JLP government, Bruce?????? Ha Ha Ha.... next week! # It's not all about Bruce, just
367	1370797	JM	G	jamaicamyway.com	A B C really don't know anyone else that could stand me for this long! ha ha # Kate &; Kayla at Nine Mile # Q: How much influence did your
368	1378728	JM	G	petrinearcher.com	A B C ), toothlessly taunting things (" You'll never get to work on time Ha Ha!! "), and, of course, " Will U Marry
369	3680323	JM	B	outaroad.com	A B C child support, YOU DID GET WARNING now bounty have the last laught ha ha ha ha ha, BIG UP D, ANGEL YOU A PLAYER..
370	3668844	JM	B	...cooper.wordpress.com	A B C people in the party. Ha, ha, ha, ha, ha , ha! # C: You want to make what I'm saying absurd
371	1348550	JM	G	...cooper.wordpress.com	A B C not an asset. # P: Ha, ha, ha, ha, ha # C: Racial purity in Jamaica, especially if it's African racial purity
372	1372559	JM	G	jamaicaobserver.com	A B C or what... but i thought i heard a shuffle ha ha ha ha ha ha ha ha haaaaa ha ha!!! # DT.Audley Shaw should testify too...
373	1357071	JM	G	kateandkayla.com	A B C guess there isn't anywhere to get them fixed in Ochi once they break, ha ha.) Finally, we saw the sign for Caf Express and went to
374	1349839	JM	G	....dancehallreggae.com	A B C dat mek it to world clash and alll di otha ras tournies.. ha ha ha , some bwoy not even rooted in this culture ting, dem jus assume dat
375	1382049	JM	G	topix.com	A B C , Miss Eva, I will try to not make mention of her missteps! Ha ha ha! # <quoted text> She won't... she will fail! Tell
376	1356635	JM	G	jamericans.net	A B C Re: one stop - CocoLaPalm sale extended # sophie 6/2/2012, 5:16 pm # Ha ! You got that right Wit. # Re: one stop - CocoLaPalm sale
377	1368320	JM	G	...verytingjamaican.com	A B C from person to person but.......... mine are correct!!!!! HA ha !: -) oh and how do you get them smilie face thingies?
378	1347152	JM	G	anniepaul.net	A B C meantime enjoy some photos from the landmark Kartel lecture at UWI. anh ha! anh ha
379	3674759	JM	B	...adaccidentlawyer.com	A B C very much like someone teetering on the edge of a cliff, when Rudolph walked ha . The spies must have called him; a paralegal on the lookout, or
380	3668844	JM	B	...cooper.wordpress.com	A B C C: Mr. Perkins, communication # P: Ha, ha, ha, ha , ha, ha! # C: is a two-way process. # P
381	1368384	JM	G	facebook.com	A B C Wendell Stewart Dennis your nose is growing, and it is as you speak Ha ! Ha!! Ha!!! 4 hours ago Sonia Pranav lol
382	1372559	JM	G	jamaicaobserver.com	A B C if he was turning or what... but i thought i heard a shuffle ha ha ha ha ha ha ha ha haaaaa ha ha!!! # DT.Audley Shaw
383	1372559	JM	G	jamaicaobserver.com	A B C thought i heard a shuffle ha ha ha ha ha ha ha ha haaaaa ha ha !!! # DT.Audley Shaw should testify too... When he does hope he
384	1357071	JM	G	kateandkayla.com	A B C 've stayed to help close up shop... and by that I mean drink... ha ha. The other bartender, Shane, is very cheery and friendly. Michael
385	1382052	JM	G	topix.com	A B C blue or hazel eyes, correct Nj-uk babe??? Ha ha ha ha ha ... Well, that troll entity gets me laughing all the time... she some
386	3669568	JM	B	...takeout.blogspot.com	A B C it was some one who think he could own a woman he crazy ha ha ha . 46 minutes ago Like # Owen Bailey yow mi feel it fi di youth
387	1354518	JM	G	jamaica-gleaner.com	A B C , ha, ha # De breeze can' blow it down, ha, ha # It buil' pon rocky ground, ha, ha. " # FOOD
388	1382034	JM	G	topix.com	A B C I was JOKING about the' woman like you' comment, right? Ha ha ha! I was just referring to how you only PARTIALLY agreed with me in
389	1348046	JM	G	caribbean.scielo.org	A B C In a previously published five-year study of implants with the same design but without an HA coating (33), a similar result (94.8%) was reached. The
390	3675608	JM	B	wikifiascos.com	A B C . Shoots Mom: Oh, no! Too cute, abercrombie! Ha ha ! I would like to ask, How old is this foreigner ah Ningbo
391	1361148	JM	G	noelblue.com	A B C . Beautiful, large hands -- wasn't that supposed to mean something? # Ha ha ha, Ethan, just RUN. # He pushed himself off from the
392	3668844	JM	B	...cooper.wordpress.com	A B C ahm ha, ha, ha, ha, ha , I don't finish yet ahm, help me out nuh, give me
393	1363403	JM	G	afflictedyard.com	A B C he sure knows how to keep the white people happy. # ' Ha! Ha ! Wasn't that hilarious when Billy asked that beggar if HE could spare any
394	1370797	JM	G	jamaicamyway.com	A B C : Ugh, why do there have to be immigration rules?! (ha ha ... I get it, I get it) but I just want to stay
395	1382048	JM	G	topix.com	A B C women are more attractive than Puerto Rican women, PuertoRican98! YOU LOSE AGAIN! Ha ha ha ha ha ha ha ahhhhhh! # You are so Obsessed with us
396	1356564	JM	G	jamericans.net	A B C past # wendy 7/15/2011, 9:38 pm # I think you got dumped! # HA HA HA HA,,,, # Re: Boardies from the past #
397	3675870	JM	B	abengnews.com	A B C wonder God just laughs. Ha! Ha! Ha! Ha! Ha! Ha ! Ha! Ha! # One question the atheists dare to answer; How
398	1378245	JM	G	outaroad.com	A B C police to do their investigation because its not no electrical bad wiring # Ha Ha Ha Hah.... Kartel a try tek people fi poppy show. The car park outside
399	3675611	JM	B	wikifiascos.com	A B C and drink, **39;13511;TOOLONG, and was become as familiar as the king's name ha grams? Who at the moment of the hustle and bustle of Fleet Street sat
400	3814788	JM	B	...uriousproduction.com	A B C laugh after me. Me can do it you know... ha, ha, ha , ha, ha. " Meta # IT was during the early part
401	1371887	JM	G	jamaicans.com	A B C . If one is interested in socializing with the natives and experiencing a local " ha
402	1351510	JM	G	insidejourneys.com	A B C at the Grand Gala.. I said my rain rain go away chant' ha ha a friend of mine said that No entry was permitted without a ticket so I
403	1359015	JM	G	mamachel.com	A B C do you guys ever listen?? Not that we're any better... # ha haaa nice urch! Your Dad point is correct and critical for a happy lasting
404	1368384	JM	G	facebook.com	A B C they will think about Jamaica 4 hours ago Edited 2 Wendell Stewart Ha! Ha !! Ha!!! 4 hours ago Ricardo Sinclair wendel you can
405	1360857	JM	G	negril.com	A B C seeing people transform into john crows. # Kritter # 03-05-2012, 11:44 AM # Ha , ha, ha, Monk... you must have been running really slow to
406	1351427	JM	G	in.blouinartinfo.com	A B C wrote that she learnt how babies are " really " made from Meenakshi. Ha ha .) # But I grew up in a very nurturing family environment where we
407	1356302	JM	G	...icanfamilysearch.com	A B C from you here. William, why do you not chance it? Ha, ha , said William,? all that have in this world is my good negress
408	1348550	JM	G	...cooper.wordpress.com	A B C C: In certain contexts, purity is not an asset. # P: Ha , ha, ha, ha, ha # C: Racial purity in Jamaica
409	3678692	JM	B	jamaicans.com	A B C you and enable them to see your vision? I teach... (ha, ha ) the teacher is still inside of me so I guess I just never give
410	1348550	JM	G	...cooper.wordpress.com	A B C and let me finish nuh! # P: Ha, ha, ha, ha , ha! # Michael Manley # C: You ask me how do we
411	1361148	JM	G	noelblue.com	A B C , large hands -- wasn't that supposed to mean something? # Ha ha ha , Ethan, just RUN. # He pushed himself off from the door frame
412	1372559	JM	G	jamaicaobserver.com	A B C ... but i thought i heard a shuffle ha ha ha ha ha ha ha ha haaaaa ha ha!!! # DT.Audley Shaw should testify too... When he
413	3818193	JM	B	specular-jamaica.com	A B C dung St. James Street she wi drive. She seh, as long as she ha fi park and walk round inna di town she think ie easier and cheaper fi
414	1348550	JM	G	...cooper.wordpress.com	A B C ha, ha, ha, ha, ha! # C: racial purity.
415	3680194	JM	B	outaroad.com	A B C happened to Angel! After Angel left Killa, she took her place, ha ha , what did she think would happen. She was prettier than Angel or something
416	3668844	JM	B	...cooper.wordpress.com	A B C Mr. Ronnie Thwaites to ahm ha, ha, ha , ha, ha, I don't finish yet ahm, help me out
417	1826865	JM	G	...wchem.uwimona.edu.jm	A B C be written: # pH = p K a + log 10 (A / HA ) # Both are called the Henderson Hasselbalch Equation: beware of the last term
418	1348949	JM	G	...enseja.wordpress.com	A B C serve to keep us in opposition for a long time ". # Ha ha ha ha..... " keep us ", us who? I see that you have
419	1382049	JM	G	topix.com	A B C 'll have you eating humble pie the rest of your natural life! Ha ha ha ! #
420	3675870	JM	B	abengnews.com	A B C their unbelief.No wonder God just laughs. Ha! Ha! Ha! Ha! Ha ! Ha! Ha! Ha! # One question the atheists dare to answer
421	3676264	JM	B	bookphilia.com	A B C who eat meat have stinky farts while those who eat veg food don't - ha !), an anatomy lesson with (given the projected age group for the
422	1348664	JM	G	...cooper.wordpress.com	A B C ha, ha , ha, ha, ha! # C: racial purity. Alright.
423	1356564	JM	G	jamericans.net	A B C 7/15/2011, 9:38 pm # I think you got dumped! # HA HA HA HA ,,,, # Re: Boardies from the past # Angel 7/15/2011,
424	3670446	JM	B	freeandlaughing.com	A B C our struggle to put things into some type of order to make meaning. Ha ha -- little do we realise that the Universe is already in order, divinely so
425	1363326	JM	G	...iesfoundation.org.jm	A B C - SB - some difficulty in prolonged sitting; does not need support; - HA - grasp may be weak or crude but can hold most instruments (pen,
426	1356597	JM	G	jamericans.net	A B C mere description of how that person skin tone might compare to mine.' # Ha , growing up rich, wouldn't that have been something -! I meant
427	1363403	JM	G	afflictedyard.com	A B C , but he sure knows how to keep the white people happy. # ' Ha ! Ha! Wasn't that hilarious when Billy asked that beggar if HE could
428	1378743	JM	G	petrinearcher.com	A B C it, that collective work, working together? What is the obligation? # Ha Za Vu Zu: It was to make a sound together, that was the
429	1356591	JM	G	jamericans.net	A B C , as they say, it's up to each individual customs officer.... ha ha ha... # It would be nice if they published a list, available to
430	3675852	JM	B	abengnews.com	A B C There are different subtypes of these viruses because of changes in certain proteins (hemagglutinin HA and neuraminidase NA) on the surface of the influenza A virus and the way
431	1378244	JM	G	outaroad.com	A B C self something had to be greater than you. That would be a stink p*ssy ha ! Ha! lol. You deserved it # i have never encounter t is
432	1354518	JM	G	jamaica-gleaner.com	A B C rocky ground, ha, ha # De breeze can' blow it down, ha , ha # It buil' pon rocky ground, ha, ha. "
433	1373255	JM	G	jamaicaobserver.com	A B C of buggery is one such thing. # Anthony II 12/27/2011 - 9:38 AM # Ha ! Ha! Ha! I am having a good laugh at the expense of
434	1348046	JM	G	caribbean.scielo.org	A B C 10, 12 or 14 mm (Fig. 2). The thickness of the HA coating was 50 m, and was formed by spraying HA particles, 56-162 m
435	1359011	JM	G	mamachel.com	A B C correction though.. the police chief in the Trayvon Martin case did not resign. ha has stepped aside temporarily (according to what he said in his press conference)
436	1382049	JM	G	topix.com	A B C Eva, I will try to not make mention of her missteps! Ha ha ha ! # <quoted text> She won't... she will fail! Tell you what
437	1348550	JM	G	...cooper.wordpress.com	A B C me how did we get from the symbolic domain # P: Ha ha ha ha ha # C: to the literal, and I'm explaining how we got
438	1381244	JM	G	techjamaica.com	A B C our lives.. LOL # sktta # April 12, 2011, 11:23 PM # HA ! and u blackberry ppl cuss us apple boys about apple adding basic features to
439	1354518	JM	G	jamaica-gleaner.com	A B C : # " Hosanna, mu bil' me house # oh, a, ha # Me buil' it pon rocky ground, ha, ha # De breeze
440	3671452	JM	B	irieup.com	A B C ? # Yeah man, father of dancehall and King of Lovers rock too! Ha ha ha ha! Cos in England, people know me as Lovers rock.
441	3673707	JM	B	mamachel.com	A B C another woman looks hot and you want to add her to your brood, ha ha ha. # I don't think this is something that I can do at
442	1356587	JM	G	jamericans.net	A B C . # Re: internet modem rental availability # wendy 12/2/2011, 7:49 pm # HA # Re: internet modem rental availability # Yvonne 12/2/2011, 8:03 pm # francesca
443	1361550	JM	G	preedis.com	A B C . Wearing these Mbt shoes, you are occasionally like on the seesaw that you ha e to make e ery part to keep balance. Disburden oneself a hilarious story
444	1363403	JM	G	afflictedyard.com	A B C spare any change?! And then the SANDALS security shot him? Ha! Ha ! Ha! I love this place.'' # Hell, if it
445	1356669	JM	G	jamericans.net	A B C 'm sure if I can't remember, you sure can't, Piney, ha , ha.) Over the years I've met Rhonda, St. Louis Sally
446	1360863	JM	G	negril.com	A B C the Red Stripe! I knew the women could relate to this question! HA HA HA. # OK, Mis Blue had me all excited and now Deanna has
447	3668844	JM	B	...cooper.wordpress.com	A B C the purebred people in the party. Ha, ha, ha, ha , ha, ha! # C: You want to make what I'm
448	1356660	JM	G	jamericans.net	A B C and that we need to bring Bernie there so he can not make babies. HA .... them look at me and tell me, wendy, we don't do
449	3678302	JM	B	jamaicamyway.com	A B C # Like or Dislike: 0 0 # geminirising / July 31, 2012 # Ha , I can hardly believe it myself! The owner is a really wonderful man
450	1378743	JM	G	petrinearcher.com	A B C Ha Za Vu Zu's work as a collective fit into this picture? # Ha Za Vu Zu: It is a good question, because as you say family
451	3675608	JM	B	wikifiascos.com	A B C friends. Shoots Mom: Oh, no! Too cute, abercrombie! Ha ha! I would like to ask, How old is this foreigner ah
452	1347696	JM	G	blogs.jamaicans.com	A B C villa with a private beach or maybe a condo with amazing sea views... HA HA HA! I wish! While we don't live in a shack up in
453	1368320	JM	G	...verytingjamaican.com	A B C differ from person to person but.......... mine are correct!!!!! HA ha!: -) oh and how do you get them smilie face thingies
454	3676023	JM	B	avahtaylor.com	A B C have been a catalyst to my reaction... and I guess her " ha ha ha ha " was quite mature as well. I was raising a point in support
455	1356357	JM	G	...rl2007.wordpress.com	A B C nice..... the woman even lip-synched and the record scratched on her.... ha ha ha ! Any views? # Now where have you all heard that before? Ok
456	1356491	JM	G	jamaicasalt.com	A B C really need to hear his side of the story. # Buildings and highrises -- ha !!! Tivoli Gardens is a shithole. Please? That's why it
457	1826865	JM	G	...wchem.uwimona.edu.jm	A B C logs # log 10 H + = log 10 K a + log 10 ( HA / A) # so: # log 10 H + = log 10 K
458	1356597	JM	G	jamericans.net	A B C . # Re: Couple of funny things # jajewel 1/13/2012, 2:59 pm # Ha , growing up rich, wouldn't that have been something -! I meant
459	3818636	JM	B	yardhype.com	A B C # Chino, who hails as the song of Reggae legend, Freddie McGregor and ha a three year old daughter from a previous relationship, expressed his joy regarding the
460	1372559	JM	G	jamaicaobserver.com	A B C know if he was turning or what... but i thought i heard a shuffle ha ha ha ha ha ha ha ha haaaaa ha ha!!! # DT.Audley
461	1357071	JM	G	kateandkayla.com	A B C stayed to help close up shop... and by that I mean drink... ha ha . The other bartender, Shane, is very cheery and friendly. Michael manages
462	1356594	JM	G	jamericans.net	A B C constructive critisum, and one day I'll be a better speller. Ha, ha , and thanks. # When I was in Negril in 85,86,90, &; 91
463	1348550	JM	G	...cooper.wordpress.com	A B C move from that point. We both agree # P: Ha ha ha ha ha # C: that mongrel literally means a certain kind of dog. # P
464	1348949	JM	G	...enseja.wordpress.com	A B C only serve to keep us in opposition for a long time ". # Ha ha ha ha..... " keep us ", us who? I see that you
465	1357095	JM	G	kdid.org	A B C home office and field office staff; capture those moments when someone thinks " ah ha " or even thinks this " might " be something to pay attention to.
466	3673350	JM	B	kateandkayla.com	A B C quite so nicely and we kind of had to forcefully remove their hands.. ha ha ), they backed right off... guess they found out the two white girls
467	3668844	JM	B	...cooper.wordpress.com	A B C the party. Ha, ha, ha, ha, ha, ha ! # C: You want to make what I'm saying absurd, but
468	3668968	JM	B	chatt-a-box.com	A B C so the police could rely more on brain than baton or bullet. # Ha ha ha, what utter nonsense, Jamaicans had that. # As a boy growing
469	3814777	JM	B	freeandlaughing.com	A B C ago), teddy bears were freely handed out " for the kids ". Ha ! Kids! Well you know I grabbed one for ME! And I still
470	1369198	JM	G	golocaljamaica.com	A B C Mom and brothers,? Don? t you have a key?? ( Ha ! Ha! Ha! Snort) # But people, there is nothing like
471	1826865	JM	G	...wchem.uwimona.edu.jm	A B C # HA = H + + A # K a = H + A / HA # In aqueous solution: # HA + H 2 O= H 3 O +
472	1354518	JM	G	jamaica-gleaner.com	A B C blow it down, ha, ha # It buil' pon rocky ground, ha , ha. " # FOOD PREPARATION # Women also prepared food for the builders
473	3668844	JM	B	...cooper.wordpress.com	A B C mongrels that are damn good dogs. OK? Ha, ha, ha, ha , ha, ha! As anybody who keeps dogs will be able to tell
474	1357065	JM	G	kateandkayla.com	A B C with a private beach or maybe a condo with amazing sea views... HA HA HA ! I wish! While we don't live in a shack up in the
475	1348550	JM	G	...cooper.wordpress.com	A B C so we can move from that point. We both agree # P: Ha ha ha ha ha # C: that mongrel literally means a certain kind of dog
476	1371768	JM	G	jamaicans.com	A B C 'm driving a BMW anymore. I couldn't stand that BMW, ha ha ha ! BMW make pure trouble! - Bob Marley # I go to jail one
477	1356594	JM	G	jamericans.net	A B C I'll be the one cooking and waiting with a BIG BAG of VEGGIES, ha , ha. Well that's my dream for today.... wit, you
478	1372900	JM	G	jamaicaobserver.com	A B C a 9-5 or in many cases 7-7 get a HELPER (MATEY too if needed ha ha ha) make sure the helper is God damn ugly and be out your
479	1382034	JM	G	topix.com	A B C know I was JOKING about the' woman like you' comment, right? Ha ha ha! I was just referring to how you only PARTIALLY agreed with me
480	1382049	JM	G	topix.com	A B C ! She'll have you eating humble pie the rest of your natural life! Ha ha ha! #
481	1826865	JM	G	...wchem.uwimona.edu.jm	A B C H +, we can write: # K a = H + A / HA # which is what we had four lines higher. This shows that the dissociation
482	3668844	JM	B	...cooper.wordpress.com	A B C are damn good dogs. OK? Ha, ha, ha, ha, ha , ha! As anybody who keeps dogs will be able to tell you.
483	1377589	JM	G	nlj.gov.jm	A B C own tactlessness, cause ourselves unhappiness. # Proverb: Dawg no hol ef im ha bone # Translation: The dog does not howl if he has a bone Explanation
484	3668844	JM	B	...cooper.wordpress.com	A B C Pickersgill to Mr. Ronnie Thwaites to ahm ha, ha , ha, ha, ha, I don't finish yet ahm, help
485	3668844	JM	B	...cooper.wordpress.com	A B C Phillips, Dr Paul Robertson, to Bobby Pickersgill to Mr. Ronnie Thwaites to ahm ha , ha, ha, ha, ha,
486	1356678	JM	G	jamericans.net	A B C My one daughter gives me skin moisterizer on my birthday, it's called ha ha ha " hope in a jar "... When she asks me before my birthday
487	1373255	JM	G	jamaicaobserver.com	A B C such thing. # Anthony II 12/27/2011 - 9:38 AM # Ha! Ha! Ha ! I am having a good laugh at the expense of these hypocrites like Blair
488	1362387	JM	G	stephmf.com	A B C decide to satisfy your hunger before you get caught up in work for once. Ha , but there are only bits and pieces in your fridge. # 1/2 kilo
489	3675870	JM	B	abengnews.com	A B C just laughs. Ha! Ha! Ha! Ha! Ha! Ha! Ha ! Ha! # One question the atheists dare to answer; How do you
490	3680209	JM	B	outaroad.com	A B C , I stated clearly that i wasn't blaming the artists entirely for what's ha penning didn't i, but that some of them are a part of the
491	3675870	JM	B	abengnews.com	A B C . No wonder God laughs Ha! Ha! Ha! Ha! Ha! Ha ! # Is it true that I heard that in Canada there are many Apes
492	3670450	JM	B	freeandlaughing.com	A B C hours angry, frustrated, upset over..... dirty dishes? Ho ho ha ha ha ...... My home was a warzone, with battle lines solidly drawn between me and
493	1356564	JM	G	jamericans.net	A B C was but before i did she introduced me to her BF.' # Ha Ha , glad to know she is OK. # Hey Wendy, nice to "
494	3675649	JM	B	wikifiascos.com	A B C pollute the environment Damage to the environment Damn she is such answer my sentence Ha ha ha you do so that others can not burn the grass Earth we account for
495	1371768	JM	G	jamaicans.com	A B C say I'm driving a BMW anymore. I couldn't stand that BMW, ha ha ha! BMW make pure trouble! - Bob Marley # I go to
496	1360857	JM	G	negril.com	A B C transform into john crows. # Kritter # 03-05-2012, 11:44 AM # Ha, ha , ha, Monk... you must have been running really slow to have the
497	1382048	JM	G	topix.com	A B C more attractive than Puerto Rican women, PuertoRican98! YOU LOSE AGAIN! Ha ha ha ha ha ha ha ahhhhhh! # You are so Obsessed with us Jamaicans,
498	3670450	JM	B	freeandlaughing.com	A B C laughing, I realized how ridiculous the whole scene was. Ho ho ha ha ha ...... I had spent almost 24 hours angry, frustrated, upset over..... dirty
499	1371397	JM	G	jamaicans.com	A B C times, " but I insisted on twenty one to which he remarked, " Ha , I just wanted to know if you were reading over my shoulder. "
500	1351089	JM	G	gtuwi.tripod.com	A B C , two oil " nationalization taken place which permit the government to pretend that it ha into the producing and refining business. One of these turns out not to have
