1	1179199	ZA	G	gamkaecoestate.co.za	A B C the mountains and ends in the middle of the Gamka River. # 14/58 6,6652 ha This property begins at the Huisrivier, stretches right over the mountains and ends in
2	1179199	ZA	G	gamkaecoestate.co.za	A B C mountain against the mountain slope 200 meters from the Gamka River. # 14/51 19,1807 ha This property begins in the middle of the Gamka River, stretches right over the
3	3842753	ZA	B	2oceansvibe.com	A B C here... I can sell you a few thousand if you like.... WHA HA HA HA. # http: **34;10848;TOOLONG Frik Groenewald # And this is brought to you
4	3591757	ZA	B	indiedoesit.co.za	A B C a lot of funding which we need to work on... any sponsors? Ha ha . # Indiedoesit: The new music video is shot in a very dark pub
5	1183692	ZA	G	justcurious.co.za	A B C do nt get this, cause you will all be wearing new clothes. akere ha re so di bone! >iwontbethere< #JustCuriuos # Thabure on Wed, 28th Nov 2012
6	1179976	ZA	G	...yhoundtraining.co.za	A B C you can cooperate fortunately! Mentioned Tata Reed and Yang Yi shook arms. Ah ha , Reed, Basic, you should not be concerned, later on when there
7	1169994	ZA	G	ryanpeterwrites.com	A B C even should His Will, but rather HE should be our focus. # Ha ha , now I get it. MH is Matthew, Merry Helper is a different
8	1166598	ZA	G	jackibruniquel.com	A B C I don't really get to do much of that anymore (sob sob! ha ha) So when Nicci called me to enquire whether i would come up to
9	1192950	ZA	G	sowetanlive.co.za	A B C when the police asked his name, he called himself Mbhebheni Masende, ha ha ha . Report Abuse # Jun 6, 2011 Pabi # sex is great,
10	1190780	ZA	G	saflii.org	A B C In response to questions that he was illegally transporting the children he reiterated that he ha d only done it on a temporary basis. He eventually conceded that what he
11	1194679	ZA	G	tertia.org	A B C be too lighthearted, but I was thinking of a cartoon (not funny, ha , ha, just not a picture) woman with thought bubbles containing petri dishes
12	1175989	ZA	G	cop17-cmp7durban.com	A B C . To date 583 community members have propagated 106 661 trees, planted onto 101 ha of land. 23 fulltime and 9 part-time jobs have been created and temporary work
13	1859300	ZA	G	bigbrotherafrica.com	A B C undercover haters will be exposed one by one. # ha ha ha ha ha ha ha With a little poking from Keitta, their yansh just opem fiam! They
14	1195736	ZA	G	thoughtleader.co.za	A B C , with many ways to take' em. # Insurgency in South Africa? Ha ! Yes. It has a long and much-respected history. Always the insurgents have
15	1184002	ZA	G	kickoff.com	A B C Bi-Polar..... stop talking to yourself and contradicting yourself in the process.................... # Ha hahaha Khosi relax Am fine u can even ask your tradional doctor Laaste khosi and
16	1163742	ZA	G	blogs.uct.ac.za	A B C in their own right Posted by " JoshBosch " 25 Feb 2008, 22:16 # ha ha ha this is so funny. I love your blog Tanja, I hope
17	1163279	ZA	G	blog.getaway.co.za	A B C the border police informed me that I was " ilegally " in the country. Ha ! I was fined %0 dollars and sent on my way -- I assume it
18	3600285	ZA	B	...ichaelconradwood.com	A B C , you have to figure out how you're responsible for attracting these calamities -- ha ha:) Buy the Books Interesting Links Praise &; Reviews #
19	1187280	ZA	G	netafim.co.za	A B C plant propagation is by seed. The plant density varies between 100,000 to 160,000 plants/ ha under high density and between 14,000 to 37,000 plants/ ha under low density population.
20	3844594	ZA	B	spirituality.org.za	A B C . But you'll have to buy my next book to read about that! Ha ha! # So, here's the point that I was getting to when
21	3590051	ZA	B	...onallyspeaking.co.za	A B C noted on MSNBC this year, Romney has this weird habit of going, " Ha Ha Ha, " in response to questions he does not want to answer.
22	1862198	ZA	G	justcurious.co.za	A B C " # Mathaz on Tue, 2nd Oct 2012 11:11 am # Ha ha ha ha people who do nt mustarbate not liking themselves much. # I actually do
23	1176381	ZA	G	cyc-net.org	A B C she had four children, Richard and Dickie, Anna and Mina, but that Ha * penny was no child of hers, and she knew him only as a
24	3592413	ZA	B	...skisses.blogspot.com	A B C I don't wear them all together. That would be crazy! Ha, ha . This was another one of my Birthday gift voucher purchases. I will probably
25	1169771	ZA	G	...antmom.wordpress.com	A B C practical joke and he was going to turn around and come back saying " ha ha that was funny!!! " (er, not so much.....)
26	3842299	ZA	B	shadesofgold.co.za	A B C it's also going to do a lot of damage -- to my credit record ha # The question on everyone's mind had to be, what were the price
27	1859300	ZA	G	bigbrotherafrica.com	A B C the house. All the undercover haters will be exposed one by one. # ha ha ha ha ha ha ha With a little poking from Keitta, their yansh
28	1864185	ZA	G	tvsa.co.za	A B C get # I love the way gita is trying to encourage Lilian poor woman Ha ha # I really do nt like Tristan (that is his name i hope)
29	3597422	ZA	B	cooksister.com	A B C children's favorite rides of all time. # In the interest of scientific research HA HA HA! Love it! And I love small world surprises like your story
30	1179199	ZA	G	gamkaecoestate.co.za	A B C mountain against the mountain slope 200 meters from the Gamka River. # 14/75 15,0035 ha This property begins on the banks of the Gamka River en stretches over the mountain
31	3595020	ZA	B	swanyart.com	A B C ! He's breaking coconuts nuts now!! He's nuts!! Ha ha ! " " What a load of fucking shit. " The noise of the
32	1187280	ZA	G	netafim.co.za	A B C the seasonal crop water requirements for cotton were estimated to be 350 to 900 mm/ ha under range of climatic conditions and varying length of growing season (150 -- 210
33	1178183	ZA	G	espncricinfo.com	A B C Posted by love4thegame on (April 10 2012, 06:14 AM GMT) # ha ha ,,, its quite natural from Philander... as he was not picked by
34	1183926	ZA	G	kalaharired.net	A B C The available land on the farm consists of 2070 ha which is used by 15 ha / LSU. It also provides for the wildlife on the farm. This means
35	3590051	ZA	B	...onallyspeaking.co.za	A B C erected in the path towards full self-development by racist white people. # Brett ha ha ha in other words the apartheid government was bettter for black people than the current
36	1192566	ZA	G	soccerladuma.co.za	A B C . he just said that he does not like Bucs players lol. Ha ha ha ha.... for crying out loud we on the national duty but
37	1192566	ZA	G	soccerladuma.co.za	A B C .. he just said that he does not like Bucs players lol. Ha ha ha ha.... for crying out loud we on the national duty
38	1188956	ZA	G	politicsweb.co.za	A B C on November 13 2012, 06:33 Find this comment inappropriate? Report it # Ha ha ha LOL # by Jannie on November 13 2012, 06:36 Find this comment inappropriate
39	3593048	ZA	B	...ontoast.blogspot.com	A B C of France is a hedonistic explosion of smells, sights and flavours. # hah ha you're not the only one, I come from humid Durban and was in
40	1192950	ZA	G	sowetanlive.co.za	A B C do the same, bese ngithi dog style ngimphulula intshebe,,, ha ha ha ha Report Abuse SWEATERDANSUGAR TDK # KUKU . Wa e rata man.
41	3591394	ZA	B	gsport.co.za	A B C same time reality hit me: What am I going to wear?! Ha ha # November 20th did not start off normal at all... Firstly I'd like
42	3841528	ZA	B	...berries.blogspot.com	A B C class - # (that's my mom in the middle, not a kid ha ) # Some of my favourite individual snaps - # (i didn't have
43	3595674	ZA	B	vanessahaywood.com	A B C humour to me -- I lost it somewhere on the Hottentots Holland mountain... Ha ha ! # Gantouw Pass... it hurts! # My mojo some how found me
44	1196073	ZA	G	topix.com	A B C ##1196075 # Ha a as much as I believe this
45	1195066	ZA	G	themovies.co.za	A B C ) in 2079. It's a hilarious scene with some serious punch (Ha ha !), that not only introduces us to Snow's never-ending stream of snarky
46	1183682	ZA	G	justcurious.co.za	A B C also married a colored. Haike mna i did what my family, married at HA ... lol.. yhoo my hubbys fam wasnt happy about our decision at all.
47	1197548	ZA	G	wildlands.co.za	A B C arrive in August 2012, will allow for the improved patrolling of almost 150 000 ha of game reserve in the Zululand region with rhino populations. This is going to
48	3589871	ZA	B	cherieroedirksen.com	A B C called' 15 Famous Quotes on Creativity' -- well worth a read. # Ha ha... I wish that for myself too, Leonora. Sometimes Alice doesn't
49	3595673	ZA	B	vanessahaywood.com	A B C more is how the narrator is going to read " those scenes ".... Ha ha ha
50	1192091	ZA	G	shamwari.com	A B C been bred and/or re-introduced into Shamwari, now a Game Reserve stretching over 25 000 ha , consisting of 6 separate lodges, employing over 325 local staff and most importantly
51	3604151	ZA	B	wryrepublic.co.za	A B C (this theme is explored in Syal's second novel Life Isn't All Ha Ha Hee Hee), and this seems to have passed, though I disagree with
52	3603120	ZA	B	the123blog.com	A B C ... it's because you allow them to go door-to-door and ask for it! HA ! # Hmmm... I've never thought about using food as decoration. That
53	3603432	ZA	B	thoughtleader.co.za	A B C or missing altogether. The land fees are in the range of USD 4.8- 7.1/ ha in Sudan, USD 6-12/ha in Mali, and USD 6.5-10 /ha in Ethiopia while
54	1859300	ZA	G	bigbrotherafrica.com	A B C haters will be exposed one by one. # ha ha ha ha ha ha ha With a little poking from Keitta, their yansh just opem fiam! They never
55	3599992	ZA	B	mahala.co.za	A B C themselves forever. " Where on earth did you hear that!? # ha ha , mahala so full so shit. BRANDING MAHALA -- PUMA, ADIDAS, RED
56	1178540	ZA	G	fao.org	A B C production. The vegetation is an arid savanna, with a carrying capacity of 30-40 ha per LSU. # 2.2 Major soil types The soils of South Africa have been
57	1190909	ZA	G	saflii.org	A B C van der Nest submitted that exclusion clauses are a feature of modern contract law and ha ve found support even within the context of our constitutional jurisprudence. See in particular
58	3601080	ZA	B	nonocele.co.za	A B C am sure one day I will tie the knot... I will BBM you ha ha ha # Nono: You have a daughter... are you enjoying being a Dad
59	3601080	ZA	B	nonocele.co.za	A B C , Ncumisa Ntabeni out for movies from time to time and that was her idea ha ha ha # I also make time to meet my buddies like Mzoxolo Maki,
60	3603164	ZA	B	thebounce.co.za	A B C not quite like going on the pull at Caprice on a Sunday # JPD: Ha ha, ya right, you scored as much in your day in Camps Bay
61	1175078	ZA	G	censorbugbear.org	A B C for tea: one minute Tea: tea: one minute 14 minutes O ha ha , crabs, In the early 80 century, Kristen Stewart, Flashpoint, NO
62	1176276	ZA	G	ctme.co.za	A B C They struggled and sacrificed just so you and I could say " La' ilaa ha il-lal laa..... " # They left their mark, don't you? #
63	3844983	ZA	B	...rdingtoninazani.info	A B C etc.... tickets (naturally) and the team! Me (the reporter -- ha ha and) B (dedicated photographer).... # Outdoor partying has never been
64	1859410	ZA	G	career-magic.com	A B C gets thousands of electronically submitted resumes a day. Do they read each one? Ha ! Do they put them in a database? Maybe. Do electronically submitted resumes
65	3844060	ZA	B	mybigtopics.com	A B C : # Wine &; Chocolate Pairing Pa # Valentine's Day Mixers... Singles can ha # MARCH MADNESS 2010: Get Your Pa # This entry was posted on Monday
66	1183692	ZA	G	justcurious.co.za	A B C uyoze uwuphathe umphako ntombi # Smatsatsa on Wed, 28th Nov 2012 9:56 am # Ha Blindfold just like that?! # Ms.E uzobuya nayo this time, trust me
67	3604300	ZA	B	zanews.co.za	A B C my brain. Sorry, been up all night with the baby crying. Ha ha -- no, I can't afford a night nurse. # Anyway, so
68	3603164	ZA	B	thebounce.co.za	A B C player with the amount he' tonks' in the showers. # GS: Ha ha, so that's not a rumour then? # KP: Nah,
69	1863609	ZA	G	sowetanlive.co.za	A B C in the league. Be very carefull. **40;92478;TOOLONG... HA HA HA HA HA HA HA HA HA YEAH YOU'RE RIGHT DA BASTARD CA N'T READ DA RULES OF SOCCER
70	1863609	ZA	G	sowetanlive.co.za	A B C are number 2 in the league. Be very carefull. **40;92478;TOOLONG... HA HA HA HA HA HA HA HA HA YEAH YOU'RE RIGHT DA BASTARD CA N'T READ DA
71	1190866	ZA	G	saflii.org	A B C for eleven years; and that no real loss was sustained. On the other ha n d there is undoubted aggravation in the fact that appellant, as a guardian
72	1174653	ZA	G	capeaudioforum.com	A B C MY FRIEND!!! # Eamon Gleeson: Thanks for the info. Stef ha ha Cool Burzum Meme; D Richard; I hear what you're saying
73	3601080	ZA	B	nonocele.co.za	A B C stars such as Siphiwe Tshabalala, Itumeleng Khune and Reneilwe Letsholonyane? # Luthando: ha ha ha... it's wonderful in a true sense of the word. I
74	1178541	ZA	G	fao.org	A B C Africa, bush encroachment has rendered 1.1 million ha unusable, threatens 27 million additional ha and has reduced the carrying capacity of much of the rest of the region by
75	3590051	ZA	B	...onallyspeaking.co.za	A B C on MSNBC this year, Romney has this weird habit of going, " Ha Ha Ha, " in response to questions he does not want to answer. Milbank
76	3841522	ZA	B	iluvsa.blogspot.com	A B C the huge volume of applications, is playing havoc with the economy once again. HA 's response? Eight adjudicators to oversee the centralised' hub'. # Recently
77	3842760	ZA	B	2oceansvibe.com	A B C clear if he alleged to hide Pistorius' blades or not. " Ha ha ha ha! Well written Bearded Wiseman, you made my day! # Muzkat #
78	1862326	ZA	G	lazygamer.net	A B C in the stomach darryn i will never forgive you: p # DarrynBonthuys # Ha ha ! Nice meeting you man! # Valshen # I think more mention needs to
79	3841902	ZA	B	mygreenwincom.com	A B C be laughing in Polish; Russian (Sergey, how do you say Ha Ha Ha in Russian?); Portugese; Spanish; Dutch; English; Afrikaans;
80	1192065	ZA	G	sesotho.web.za	A B C - mme because - hobane but - empa either / or - kapa if - ha since - haesale until - ho fihlela whereas - athe
81	1175989	ZA	G	cop17-cmp7durban.com	A B C and security. EThekwini Municipality is well known nationally and internationally for the 74 000 ha Durban Metropolitan Open Space System (commonly known as D'MOSS) that has been designed
82	3841277	ZA	B	...od.rumtumtiggs.co.za	A B C are using something else, like your bare hands, good luck (mwa ha ha ). But seriously, it should be simple to adapt for other ice cream
83	1192065	ZA	G	sesotho.web.za	A B C These are men.) Ke tafole. (This is a table.) Ha se ngwana. (This is not a child.) Ha se buka.
84	1863597	ZA	G	sowetanlive.co.za	A B C defeated; after all he could refuse the nomination!!! **39;90506;TOOLONG ha ha ha ha.... Keep yourself motivated. Report Abuse # Dec 3, 2012 asaowe
85	3844707	ZA	B	the123blog.com	A B C 'm not schlepping to them. (Isn't that one of your words? HA !) # We stayed here for Thanksgiving last year, too. # So
86	1185195	ZA	G	mahala.co.za	A B C dubstep! and great last line, btw.. # Ha ha ha ha ha ha , your idea of an escape from mediocrity is Roger Waters era Pink Floyd?
87	3596537	ZA	B	austiebost.net	A B C part is 100% necessary because of the scratch-off technique (that I made up, ha ). I am NOT the world's best designer, but it was so
88	1169994	ZA	G	ryanpeterwrites.com	A B C neither even should His Will, but rather HE should be our focus. # Ha ha, now I get it. MH is Matthew, Merry Helper is a
89	1192091	ZA	G	shamwari.com	A B C parcels of land at very reasonable prices. His African dream soon extended to 7000 ha . # Being an avid reader, Adrian spent time researching CJ Skead? s
90	3600513	ZA	B	miningweekly.com	A B C " says Mojapelo. Bushveld Minerals' Mokopane tin project consists of a 13 422 ha licence, comprising five targets with known mineralisation, located about 40 km north-west of
91	3842014	ZA	B	...africa.wordpress.com	A B C land consolidation phase, expanding from the original 26,000 hectares in 1986 to nearly 143,600 ha by late 2010, it is the ideal destination for those seeking the brightest stars
92	3842760	ZA	B	2oceansvibe.com	A B C not clear if he alleged to hide Pistorius' blades or not. " Ha ha ha ha! Well written Bearded Wiseman, you made my day! # Muzkat
93	3595169	ZA	B	thatwordsite.com	A B C ". As you can imagine it was clearly the most thumbprinted page! # Ha ha! I love that. I was reminiscing on Twitter the other day,
94	1196531	ZA	G	truthseekers.co.za	A B C blind sheep, straight into the DITCH? # In the Mighty Name of Yahshua Ha Mashiach, may TRUE ISREAL'S EYES BE OPENED and the souls that have been
95	1185195	ZA	G	mahala.co.za	A B C about influencing grime and dubstep! and great last line, btw.. # Ha ha ha ha ha ha, your idea of an escape from mediocrity is Roger Waters
96	3600818	ZA	B	mybabybox.co.za	A B C you just put her on your boob and we are A for away... # Ha ha ha, had such a giggle as I am all soppy eyes thinking this
97	1166298	ZA	G	homes.trovit.co.za	A B C jeffrey's bay. size made up of a single title, the is 149 ha in extent. it... of the prettiest pieces of real estate in the province
98	3602138	ZA	B	sadev.co.za	A B C advocate that as in the past the four figures be grouped together viz. 45 2361 ha ". Here, a space was left between the number and the symbol of
99	1193141	ZA	G	sowetanlive.co.za	A B C Gusheshe..... Report Abuse # Aug 15, 2012 Nzwere # shakashaka Okonkwo ha ha ha I see more yellow cards there. But the toohless one was clever because
100	3594074	ZA	B	...antmom.wordpress.com	A B C its not worth killing each other over, its not worth fighting about? ha ha Simone reluctantmom # I do love this idea, but... with my
101	3594083	ZA	B	...antmom.wordpress.com	A B C . I wish you luck so now you have to wish me luck too -- ha ! reluctantmom # Good luck -- I prefer something a bit more restrictive (
102	1162466	ZA	G	angryafrican.net	A B C one of those moments that I shouldn't really mention I think. # Ha ha ! I have only managed to read a few so far, but am definitely
103	1181400	ZA	G	...ian-ocean-island.com	A B C scrub, and being bordered by coves of white sand, this island is 280 ha in extend. The northern part of Ile aux Cerfs is the most tourist oriented
104	1189131	ZA	G	premierhotels.co.za	A B C malaria free environment and has 23 rooms for accommodation. Situated on more than 3500 ha of conservation land, this reserve is home to the elephant, lion, buffalo
105	1178326	ZA	G	everymuslim.co.za	A B C my declaration of faith, the Shahadah.: # (l?? il? ha ? ill l-L? h, Mu? ammadun ras? lu l-L? h
106	3601794	ZA	B	redsaid.net	A B C .) Unless you were so jealous that you truly saw green?!? Ha ha. (Yes, I'm still delusional.) # Aunty: I
107	1193141	ZA	G	sowetanlive.co.za	A B C leading in goals. Report Abuse # Aug 15, 2012 shakashaka # Okonkwo ha ha ha I see more yellow cards there. But the toohless one was clever
108	3841035	ZA	B	...onallyspeaking.co.za	A B C OZ actually say that Fass, he'd rather live under Malema than Zille? Ha ha ha. Wonderful. Such a country with so many opposing views, perceptions
109	3603935	ZA	B	whalecottage.com	A B C Bakery in The Square in Franschhoek at the end of November # * The Stall ha s opened as a Bar and Family Caf in the old Pippin Farm Stall,
110	3844764	ZA	B	thepundits.co.za	A B C winners (yeah, even without a history, we managed to do that... ha !)? # First things first though, our coaching stability. How many
111	3590051	ZA	B	...onallyspeaking.co.za	A B C for the Nats and who have got kids to feed. # Romney's ha ha ha. As Dana Milbank of The Washington Post noted on MSNBC this year,
112	1185302	ZA	G	marineaquariumsa.com	A B C struggle to get away... # Welcome to MASA and the Nano clan!! Ha ha.. I've also got a Boyu TL550 but you got ta give it
113	1192065	ZA	G	sesotho.web.za	A B C is ". The negative of this form is created by replacing the ke with ha se, look at these examples: # Ke mosadi. (This is a
114	1864179	ZA	G	tvsa.co.za	A B C , ke tla e tlatja, okare se kaone sepedi. Ha ha ha ha ha !!!!!!!! Lefatshe! # / # Reply from
115	1863597	ZA	G	sowetanlive.co.za	A B C Reuters JOIN THE DEBATE ON THIS ARTICLE ON THE NEWZIMBABWE.COM FORUMS newsdesknewzimbabwe.com PSG # Ha ha ha. Mr Motlanthe is a typical politician. # He contradicts himself when
116	3602243	ZA	B	sapropertynews.com	A B C West, Helderberg Manor Retirement Village is well positioned in Heritage Park, a 200 ha private security estate with 10 security villages. # Somerset West is popular with retired
117	1189246	ZA	G	property24.com	A B C ##1189247 # 4.28 Ha with 3 ha registered water rights next to river. Around 100 to 120 Lucerne
118	1860191	ZA	G	...africa.wordpress.com	A B C those questions. I think my favorite is Lisa's about getting voted off. ha ! (I think I'd be like the photographer holding up the group,
119	1859426	ZA	G	cheapstuff.co.za	A B C speed of 50 Kmh and no more service plans nor petrol usage and no more ha ... Read More 1976 KAWASAKI KZ 900 LTD (Polokwane) R 15,000 #
120	3601794	ZA	B	redsaid.net	A B C ) Unless you were so jealous that you truly saw green?!? Ha ha . (Yes, I'm still delusional.) # Aunty: I've
121	3589333	ZA	B	blogs.sport24.co.za	A B C next week for the media releasing the details of the " meeting ". # Ha Ha Baylion, you are just sour that the Lions aren't playing in Super
122	1863594	ZA	G	sowetanlive.co.za	A B C ##1863595 asaowe TupacAmaru DJ-Winner # ha ha ha ha.... talking like a defeated man. Look who is talking at last
123	1163190	ZA	G	...africageographic.com	A B C though. It's new and I didn't know how it works... ha ha , I pressed everything that looked right but missed the call. It was from
124	1188979	ZA	G	politicsweb.co.za	A B C Spoen on April 07 2009, 15:08 Find this comment inappropriate? Report it # ha ha ha ha you liar, thug corruption is your main drive to power,
125	1178183	ZA	G	espncricinfo.com	A B C # Posted by love4thegame on (April 10 2012, 06:14 AM GMT) # ha ha,,, its quite natural from Philander... as he was not picked
126	3600818	ZA	B	mybabybox.co.za	A B C just put her on your boob and we are A for away... # Ha ha ha, had such a giggle as I am all soppy eyes thinking this time
127	1179199	ZA	G	gamkaecoestate.co.za	A B C Gamka River and ends 100 meters further against a mountain slope. # 14/54 22,1028 ha This property begins in the middle of the Gamka River, stretches over the mountain
128	1169760	ZA	G	...antmom.wordpress.com	A B C prevent our children from being exposed to the unsavoury side of life. Ha, ha , ha, what we didn't factor in was our eldest's techno-brain who
129	1172156	ZA	G	africahunting.com	A B C play it cool, and tell my dad that I did this on purpose. Ha ! In retrospect, my shooting was really horrible in those days. Every once
130	3600285	ZA	B	...ichaelconradwood.com	A B C you have to figure out how you're responsible for attracting these calamities -- ha ha :) Buy the Books Interesting Links Praise &; Reviews # Have
131	3588477	ZA	B	...kbazaar.blogspot.com	A B C people to it. I completely agree with your experiences of rag-wearing wankers (ha ha ) and compassionate label lovers. If you read my previous posts on the subject
132	1173683	ZA	G	bdlive.co.za	A B C Nov 26 2012 09:49PM # Andrew B, " so well governed " Bwah ha ha ha. Didn't someone once say that the judiciary is the new clergy
133	3843851	ZA	B	mahala.co.za	A B C with JACK PARROW and you have an ugly fat wannabe drunk dude running around.. ha ha ha, yes he is a comedian maybe but not an artist!!
134	1181354	ZA	G	imod.co.za	A B C about him here (bet he'll be stoked about the backlink though, ha ha ). Now, John preaches all things SEO, he's an optimist and
135	3589563	ZA	B	...odsweatandbeards.com	A B C passed the same group of cyclists about three times. Thoughts of " Ha! Ha ! We have engines " crossed my mind but no. We weren't antagonising
136	1197505	ZA	G	wildcard.co.za	A B C Reid has been visiting the Kgalagadi Transfrontier Park for the past 25 years. She ha ... read more Take part in the Birding Big Day # Every year BirdLife
137	1193055	ZA	G	sowetanlive.co.za	A B C im not personal here Report Abuse # Nov 8, 2012 RobinX # HA HA HA HA HA HA. Isn't this what you promised when you took office
138	1190624	ZA	G	saflii.org	A B C into account in making its order. In respect of appeals arising from proceedings which ha d commenced before the Constitution came into operation but were only concluded thereafter, there
139	1179199	ZA	G	gamkaecoestate.co.za	A B C mountain against the mountain slope 200 meters from the Gamka River. # 14/46 17,7915 ha This property begins in the middle of the Gamka River, stretches right over the
140	1183686	ZA	G	justcurious.co.za	A B C Wed, 15th Aug 2012 9:06 am # Happy Birthday Nthoentle! # Ha ha ha Neria, I hope Nandisile got your point. I don't know why people
141	1179199	ZA	G	gamkaecoestate.co.za	A B C middle of the Gamka river and nestles against the mountain slope. # 14/18 2,8448 ha This property begins in the middle of the Gamka River and nestles against the mountain
142	3597422	ZA	B	cooksister.com	A B C favorite rides of all time. # In the interest of scientific research HA HA HA ! Love it! And I love small world surprises like your story and I
143	1183926	ZA	G	kalaharired.net	A B C # Just kept on field # The available land on the farm consists of 2070 ha which is used by 15 ha / LSU. It also provides for the wildlife
144	1174232	ZA	G	blueworld.co.za	A B C a kind and i bet you'll never have a dull moment.. ha ha ha mwah love you lots...
145	1193055	ZA	G	sowetanlive.co.za	A B C personal here Report Abuse # Nov 8, 2012 RobinX # HA HA HA HA HA HA. Isn't this what you promised when you took office? And
146	1194712	ZA	G	tertia.org	A B C milk. An egg on a good day with time to spare (ha ha ha !!!). Some kind of fruit, including frozen blueberries (which
147	1164806	ZA	G	...fdurban.blogspot.com	A B C shedding ", and now water supplies are subject to " slow downs ". Ha . They don't fool me. # Those words are just code for "
148	1183686	ZA	G	justcurious.co.za	A B C on Wed, 15th Aug 2012 9:06 am # Happy Birthday Nthoentle! # Ha ha ha Neria, I hope Nandisile got your point. I don't know why
149	1859300	ZA	G	bigbrotherafrica.com	A B C . All the undercover haters will be exposed one by one. # ha ha ha ha ha ha ha With a little poking from Keitta, their yansh just opem
150	1190142	ZA	G	sa-venues.com	A B C ha game sanctuary on its northern shore. From the Gariep dam some 200 000 ha of land is irrigated, by means of a tunnel of 83,8 km, delivering
151	1176381	ZA	G	cyc-net.org	A B C Ha # * penny * s papers; there it was plainly set down, Ha * penny was a waif, with no relatives at all. He had been
152	1864135	ZA	G	travelstart.com	A B C can you apply in CT or any other province? Would you say the CT HA is faster/more efficient than others? # is it possible for a third party to
153	3842343	ZA	B	showme.co.za	A B C St Lucia Wetland Park) in Zululand, KwaZulu-Natal. The reserve is 40 000 ha in extent and consists of a great diversity of habitats which combine to create a
154	3588185	ZA	B	alive2green.com	A B C greenhouse gases, especially CO2, into the atmosphere. Globally, around 13 million ha of forest were lost each year between 2000 and 2010. Deforestation and forest degradation
155	3592045	ZA	B	...toflife.blogspot.com	A B C a bit of time vegging in front of the TV. # Sibling rivalry - ha ha ha I'm sure there will be many more of that. Guess the
156	1172490	ZA	G	africansky.com	A B C crosses the Knysna Lagoon by Ferry to the Featherbed Nature Reserve. A unique 150 ha private Nature Reserve which encompasses the entire Western Head of Knysna with spectacular views across
157	1196610	ZA	G	tvsa.co.za	A B C have arrears on their sex life so they may as well!!! ha ha ha ll imao hay dead with loughter # if you have a topic to discuss
158	1196610	ZA	G	tvsa.co.za	A B C Monday, June 11, 2012 10:18 AM # miss u 2 manicure............. # ha ha ha ha got you guys now i know how to make you talk am
159	1171310	ZA	G	victoriafalls24.com	A B C suspend yourself upside down and hang onto my tail while I flash the camera! Ha ha! " # And then all the piglets decided to sit on top of
160	1861716	ZA	G	health24.com	A B C all the time # Posted by: Kay Date posted: 14/4/2009 OOh!! ha ha ha my LG too! it started when she was a new born she
161	3603046	ZA	B	teamhansgrohe.co.za	A B C myself out like that must've got some more laughs from anyone watching. Ha ha . No. Not really. I lost a drastic amount of time with this
162	3594444	ZA	B	samusicscene.co.za	A B C , which worked surprisingly well, considering it was just short of... screaming. Ha . The rest of the set was beautiful and had me rooted to the spot
163	1189247	ZA	G	property24.com	A B C a world class city. Situated in an area where you can subdivide into 1 ha plots and sectional title into 5000 sqm plots.
164	1165743	ZA	G	....financialmail.co.za	A B C increase Doorndraai's size from 7 000 ha to be part of the 22 000 ha conservation area and attract joint investments of more than R4bn in the next five years
165	1190132	ZA	G	sa-venues.com	A B C was initially... more information # The De Hoop Nature Reserve is approximately 34 000 ha in size and one of the largest natural areas managed by Cape Nature Conservation.
166	1162576	ZA	G	answerit.news24.com	A B C him was I, and it's not his first wife either.! Ha ha ha ha Bwahahahahaha, ROTFLMO, that got him, ho ho ho. Thanks
167	1177221	ZA	G	drakensberg.org.za	A B C the Drakensberg has many splendid falls of interest to the tourist. In the 8000 ha of the Royal Natal National Park is situated the Cannibal Cave, where tribal people
168	1174232	ZA	G	blueworld.co.za	A B C of a kind and i bet you'll never have a dull moment.. ha ha ha mwah love you lots...
169	1179199	ZA	G	gamkaecoestate.co.za	A B C mountain slope and ends on the banks of the Gamka River. # 14/11 1,8787 ha This property stretches from a mountain slope and ends on the banks of the Gamka
170	1164117	ZA	G	ccihk.com	A B C so you could run away from sin as far as you can get! Ha ha . # Your conscience: Every human being is born with a conscience. It
171	3593824	ZA	B	pinsoftstudios.com	A B C your theme's not worth the paper it's printed on (paper... ha ha ). If you have this point of view and believe a theme (not
172	1165991	ZA	G	gearburn.com	A B C very minor problems and expanded them into major issues # http: //twitter.com/gearburn gearburn # Ha Not in the slightest. I own the Blu Ray of Avengers, but sadly
173	1197042	ZA	G	viewoverberg.com	A B C Nature Reserve &; Marine Protected Area: De Hoop Nature Reserve is approximately 34 000 ha in size and one of the largest natural areas managed by Cape Nature Conservation.
174	1864179	ZA	G	tvsa.co.za	A B C by the way Isidingo doesn't even reach that. Sechaba? Growth? BLAH HA HA HA HA HA HA HA! HE IS STATIC AND A MORON! And
175	1194643	ZA	G	tegato.com	A B C on this Sagat statue. Get it? Because he only has one eye! Ha ! That's comedy gold right there folks! And it's a pretty damn
176	1193055	ZA	G	sowetanlive.co.za	A B C politicaly. im not personal here Report Abuse # Nov 8, 2012 RobinX # HA HA HA HA HA HA. Isn't this what you promised when you took
177	1190797	ZA	G	saflii.org	A B C Knoetse &; Sons **30;91111;TOOLONG... 1970 (3) SA 264 at 271, BOT HA JA said: - par pardplain **31;91143;TOOLONG... ltrchloch' 93rtlch **27;91176;TOOLONG Waar daar geen
178	1862818	ZA	G	ngf.co.za	A B C year -- even 300 cases per annum all depending on the yields from a 5,5 ha vineyard. # The vineyard is particularly steep and plays an important role in giving
179	3842775	ZA	B	5fm.co.za	A B C says, when the atmosphere is actually a harmonious, hear everyone from audio " ha ha " laughter can be informed. In the speech, guo chief would have
180	3593824	ZA	B	pinsoftstudios.com	A B C , your theme's not worth the paper it's printed on (paper... ha ha). If you have this point of view and believe a theme (
181	1190176	ZA	G	sa-venues.com	A B C the Hout Bay Valley is the environment in which the aviaries are spaced over 4 ha of land, framed by the back of Table Mountain, the Twelve Apostles,
182	1190798	ZA	G	saflii.org	A B C aggressive and violent conduct on the part of Chester remained unexplained. On the other ha nd, the defence version that plaintiff fell over backwards and landed near the left
183	1178541	ZA	G	fao.org	A B C savanna biome today (Grossman &; Gandar 1989). Of the approximately 43 million ha comprising the savanna biome in South Africa, bush encroachment has rendered 1.1 million ha
184	1168514	ZA	G	...ariblog.blogspot.com	A B C we will catch you all again soon. # Cheers, # Grant. # Ha ha, as usual I have missed out on another cracking week of game viewing
185	1190091	ZA	G	sa-lodges.com	A B C all the time as landowners continued to join and has since grown into a 40,000 ha private nature reserve. Ecozone and biodiversity of Balule # Balule is adjacent to
186	1195613	ZA	G	theseedsman.com	A B C for a long time. We recommend a maximum plant stand of 43m seeds per Ha . Looks amazing when packed with Pantheon and Marengo as a mixed pack. #
187	1163792	ZA	G	boboontherun.com	A B C for some last minute advice &; checking what I'd packed in your bag, ha ha!!! I think you were off to Thailand &; Greek Islands then
188	3591183	ZA	B	garycool.com	A B C on it. # Craig McKune # November 21, 2012 at 2:40 pm # Ha . Lovely stuff. Dig the list and the belligerent comments. I'd put
189	1184745	ZA	G	lazygamer.net	A B C the Xbox version is automatically rubbish because it comes on MORE THAN ONE DISC. Ha ! # Blu-Ray -- and, by association the PS3, is for champions.
190	3601080	ZA	B	nonocele.co.za	A B C n't go to sleep with bread. I insist people cook at home ha ha ha ... lastly, I spend more time in the bath more than anyone at home
191	1170808	ZA	G	...heprayeroftheday.com	A B C this we pray in the mighty and matchless name of Jesus The Christ, YAHUSHUA ha MASHIACH, The True and Wonderful Son of the Living and Most High God,
192	1198446	ZA	G	zoutnet.co.za	A B C art of dribbling and passing. # News: The Livhusha family of Tshifulanani Fhasi Ha bada, who were still celebrating the return of their mother who disappeared mysteriously last
193	3589333	ZA	B	blogs.sport24.co.za	A B C week for the media releasing the details of the " meeting ". # Ha Ha Baylion, you are just sour that the Lions aren't playing in Super Rugby
194	1191876	ZA	G	sealine.co.za	A B C that my mind was set on the shark points since the morning i woke up ha ha but we are targeting edibles far away in my minds world the rod pulls
195	1192950	ZA	G	sowetanlive.co.za	A B C llloooooooooolleest. Koloi after that e le jwang ke steam and to top it all ha re fetsa ke ha a sa itse skhindi se kae, we had to look
196	1184444	ZA	G	lazygamer.net	A B C alive in the interim? Better characters? Less of those horrid chase sequences? Ha ! As if! No, what Ubisoft has planned right now, is an
197	1864011	ZA	G	...aboutsouthafrica.com	A B C average year. " My wage expense in the same year is about R7000 per ha . A 100% wage increase means that I will have no net farm income and
198	1163342	ZA	G	blog.londolozi.com	A B C in pictures (although enjoyed the year in a half as well... ha, ha ), I can't wait to get back to Londolozi, I'll be
199	3601518	ZA	B	prconversations.com	A B C the near future -- so watch this space and join the party!! # Ha ! I wasn't actually thinking in terms of putting a stop to the exploration
200	3591757	ZA	B	indiedoesit.co.za	A B C takes a lot of funding which we need to work on... any sponsors? Ha ha. # Indiedoesit: The new music video is shot in a very dark
201	1166889	ZA	G	khayadlanga.com	A B C by the mere fact that I have decided to write about it. Ha ha ha ! Excuse me for laughing out of turn, I am a tad bit nervous
202	1863596	ZA	G	sowetanlive.co.za	A B C and her hate for Zuma. She is down to earth now.. ha ha ha ... # They will be alright. They are just allowing themselves to be controlled
203	1166889	ZA	G	khayadlanga.com	A B C know, everywhere is within walking distance if you have the right shoes, ha ha ha! Oh boy, there goes that nervous laugh again! # 5.
204	1864179	ZA	G	tvsa.co.za	A B C buti, ke tla e tlatja, okare se kaone sepedi. Ha ha ha ha ha!!!!!!!! Lefatshe! # / # Reply
205	1862199	ZA	G	justcurious.co.za	A B C # Wild Island on Fri, 2nd Nov 2012 11:56 am # NONY ... er ha ke most people my dear yes or no would be appropriate... we've had
206	3596538	ZA	B	austiebost.net	A B C , and now... you get to compare them all to my feeble attempt, ha ! For church every year, our little group does a progressive dinner, and
207	1176926	ZA	G	dietingdelilah.com	A B C can eat this time around, so all good if no appetitie. Ha ha ha . Tonight grilled steak, but first another litre. Have a good weekend everyone
208	3841628	ZA	B	khayadlanga.com	A B C tell by the mere fact that I have decided to write about it. Ha ha ha! Excuse me for laughing out of turn, I am a tad bit
209	1863904	ZA	G	thearrowsband.com	A B C inspired. So thank you for listening and thank you for reading. HA HA HA !
210	1181414	ZA	G	info.gov.za	A B C wetlands. # By 2011, about 115 000 wetlands, covering over four million ha and comprising close to 4% of the country's total surface area, had been
211	1197042	ZA	G	viewoverberg.com	A B C Adventures # Bontebok National Park: The B ontebok National Park is a 2 786 ha expanse of attractive heath country flanking the Breede River. The reserve is sanctuary to
212	1862198	ZA	G	justcurious.co.za	A B C . " # Mathaz on Tue, 2nd Oct 2012 11:11 am # Ha ha ha ha people who do nt mustarbate not liking themselves much. # I actually
213	1164179	ZA	G	cherieroedirksen.com	A B C writing' normal' songs with verses and middle eights and choruses... boring! Ha ha... now I know different! I love what you said about the re-birthing
214	3594225	ZA	B	...hy.myfotojournal.com	A B C I did it would still be thin and whispy just like his boys! ha ha ha
215	1174653	ZA	G	capeaudioforum.com	A B C require a heavy presence of the room or overheads in the mix. (ha ha guess what genre) The cymbals on the kit are as follows # 14 "
216	3840532	ZA	B	...lfinos.wordpress.com	A B C to sit down for 5 minutes and sleeping whenever and wherever possible. # Ha ha , Mark won't wake up for anything! And if my some miraculous chance
217	3591629	ZA	B	hurricanevanessa.com	A B C It happened to the pampered journos on the plane with the star. # Ha ha ha. (Insert mean-spirited snigger here.) # And... oh joy.
218	3844594	ZA	B	spirituality.org.za	A B C But you'll have to buy my next book to read about that! Ha ha ! # So, here's the point that I was getting to when I
219	1188956	ZA	G	politicsweb.co.za	A B C November 13 2012, 06:33 Find this comment inappropriate? Report it # Ha ha ha LOL # by Jannie on November 13 2012, 06:36 Find this comment inappropriate?
220	1864179	ZA	G	tvsa.co.za	A B C Isidingo doesn't even reach that. Sechaba? Growth? BLAH HA HA HA HA HA HA HA! HE IS STATIC AND A MORON! And if you think
221	3844985	ZA	B	...010-southafrica.info	A B C about it, you won't get KILLED and that's definitely a good thing ha ha
222	1198446	ZA	G	zoutnet.co.za	A B C . # She stayed with her brother, but the brother was away, visiting Ha Masia in the Louis Trichardt area, at the time of her death. #
223	3589333	ZA	B	blogs.sport24.co.za	A B C ? You will have to play the Kings to get back in Super Rugby. Ha ha kry vir julle! Chop! # peter pan, this is a blog
224	3590051	ZA	B	...onallyspeaking.co.za	A B C the Nats and who have got kids to feed. # Romney's ha ha ha . As Dana Milbank of The Washington Post noted on MSNBC this year, Romney
225	3842760	ZA	B	2oceansvibe.com	A B C 's not clear if he alleged to hide Pistorius' blades or not. " Ha ha ha ha! Well written Bearded Wiseman, you made my day! #
226	1170294	ZA	G	...ktiger.wordpress.com	A B C cleans my pool in West Palm Beach. Miss you fuckers!! # Ha ha ha. I would've typed in a reply earlier but I couldn't reach
227	1196615	ZA	G	tvsa.co.za	A B C ..... he is a very interesting character especially with Lerato by his side (ha ha ). Well I must say this soapie is very very interesting and unique....
228	3602400	ZA	B	sharechat.co.za	A B C other BRICS countries, who only allow us in so China can colonize us ha ha , or for stability you may choose to go Europe etc - although they to
229	1174428	ZA	G	bruceasmith.com	A B C know that red button I told you about? It's gone. Aha ha ha ! You're trapped here! There is no escape! Twirling down the jasmine
230	3590059	ZA	B	...onallyspeaking.co.za	A B C that voted for the opposition " seldom did anything tangible to overthrow apartheid ". Ha ! I would say Pierre, that you wrote this without thinking or perhaps you
231	1192566	ZA	G	soccerladuma.co.za	A B C ... he just said that he does not like Bucs players lol. Ha ha ha ha.... for crying out loud we on the national
232	1190142	ZA	G	sa-venues.com	A B C of the 36 487 ha Gariep Dam on the Orange River and an 11 237 ha game sanctuary on its northern shore. From the Gariep dam some 200 000 ha
233	3601747	ZA	B	...omridiculousness.com	A B C most people. Part of that was knowing it might take a few months ( ha , a few months!) and part was that it would be a heck
234	3841035	ZA	B	...onallyspeaking.co.za	A B C actually say that Fass, he'd rather live under Malema than Zille? Ha ha ha. Wonderful. Such a country with so many opposing views, perceptions and
235	1863595	ZA	G	sowetanlive.co.za	A B C ##1863595 asaowe TupacAmaru DJ-Winner # ha ha ha ha.... talking like a defeated man. Look who is talking at last...
236	1163506	ZA	G	blogs.24.com	A B C and talking to the lizards and my dogs............ fuck em all. # Ha ha :) you sound like Darksyde! We live with what we have hey...
237	3595674	ZA	B	vanessahaywood.com	A B C of humour to me -- I lost it somewhere on the Hottentots Holland mountain... Ha ha! # Gantouw Pass... it hurts! # My mojo some how found
238	3591394	ZA	B	gsport.co.za	A B C important to a woman you know, anyone that tells you otherwise is lying ha ha . # The organisers from the awards did not disappoint, attention to detail was
239	1864011	ZA	G	...aboutsouthafrica.com	A B C that he had the capacity to realize a net farm income of about R7000 per ha in an average year. " My wage expense in the same year is about
240	1859300	ZA	G	bigbrotherafrica.com	A B C the undercover haters will be exposed one by one. # ha ha ha ha ha ha ha With a little poking from Keitta, their yansh just opem fiam!
241	3841588	ZA	B	jonkeevy.com	A B C can't think freely under pressure. That stroke of insight, that' Ah ha !' moment, needs space to happen. The gap between the first musing
242	1184860	ZA	G	lessor.co.za	A B C all, abusing the property, causing a disturbance/nuinsance, running a brothel (ha ha ) or involved in illegal activities on the property, I can clearly understand.
243	1196610	ZA	G	tvsa.co.za	A B C June 11, 2012 10:18 AM # miss u 2 manicure............. # ha ha ha ha got you guys now i know how to make you talk am not reading
244	1862129	ZA	G	itsadate.co.za	A B C she know we will make sure she has a spin around the pole herself! Ha ha! I will definitely keep your details for the next lucky girl in the
245	1177717	ZA	G	el33tonline.com	A B C posted 8 days ago # Definitely sonic # HookX87 # posted 7 days ago # Ha ! It could very well be Dr. Eggman.. Think about it, he is
246	1196617	ZA	G	tvsa.co.za	A B C I think Gita is a great person much like myself!!!! Ha ha ha She is slick, sly, hot, rich, powerful, manipulative.
247	3843930	ZA	B	mikestopforth.com	A B C adults sprints to the top of the complex and drops a sack with security -- ha ha. # Each letter contains a rhyme or poem celebrating a member of the
248	1173683	ZA	G	bdlive.co.za	A B C 2012 09:49PM # Andrew B, " so well governed " Bwah ha ha ha . Didn't someone once say that the judiciary is the new clergy?
249	1179199	ZA	G	gamkaecoestate.co.za	A B C on the other side of the Gamka River on a hill. # 14/19 19,6732 ha This property begins 100 meters from the Huisrivier, stretches right over the mountains and
250	1174012	ZA	G	...gbrotherinafrica.com	A B C anger and bitterness to spoil your case with ur fans to tink I was heartbroken ha ! # HOs... always win, if i was Talia i would use him
251	1184490	ZA	G	lazygamer.net	A B C believe that gaming was improving my concentration ability, or my hand eye coordination. HA ! In your face GRAN!
252	3603482	ZA	B	tokenlifestyle.co.za	A B C you can save on homegrown herbs, lettuce or tomatoes. Allo stesso tempo, ha cominciato premium brand del settore moda a livello mondiale di arruolare sette, Francia Yves
253	3601080	ZA	B	nonocele.co.za	A B C sure one day I will tie the knot... I will BBM you ha ha ha # Nono: You have a daughter... are you enjoying being a Dad?
254	1174962	ZA	G	cathellisen.com	A B C write the first draft of your manuscript? # Ha ! You're so cute. I'm like... not even half
255	1179258	ZA	G	geasphere.co.za	A B C only burn lets say 20 hectares every year and then this carrying capacity of 100 ha . is all focused on 20 hectares because that's where the game goes to
256	3589903	ZA	B	christembassy.org	A B C for me. These are words of power and I thank the Holy Spirit Who ha been inspiring me to make changes with certain situations of my life. I live
257	3602138	ZA	B	sadev.co.za	A B C has been decided to abandon the writing of areas, such as 45 236 1 ha with a space after the 3rd decimal figure and to advocate that as in the
258	3592413	ZA	B	...skisses.blogspot.com	A B C at least I don't wear them all together. That would be crazy! Ha , ha. This was another one of my Birthday gift voucher purchases. I
259	1179991	ZA	G	green-travel.info	A B C , WHL Group # Thousands of limestone karsts and islands draw tons of visitors to Ha Long Bay in Vietnam. But mangroves and seagrass beds have been cleared out to
260	3843356	ZA	B	expatforum.com	A B C requirements/conditions between the permit and the visa. We have even taken two trips to HA while on holidays in RSA and can't get a straight answer! Thanks so
261	1162783	ZA	G	atsmath.com	A B C always pick this airline to travel with. # Scott (aka Hive Alive - ha ha haaa!) made it back to Vancouver and had himself medicated, and
262	1195600	ZA	G	therli.com	A B C , but was rejected because my IQ was in double figures. JvS: Ah ha ! You have a point, but at least our knuckles didn't drag along
263	3592024	ZA	B	journeyofiron.co.za	A B C drinks on Camp's Bay rather than a hike up Table Mountain. ha ha ha . The hike up to the top of Platteklip Gorge had a few running moments
264	1172490	ZA	G	africansky.com	A B C Victoria and Alfred Waterfront brings guests to Robben Island. This infamous Island only 574 Ha in extent, measuring 3, 5 by 2 km, has played an important
265	1184678	ZA	G	lazygamer.net	A B C : ( # Erwin Kempff # GOEIE GENADE 35GB install... jislaaik # CaptainNemo42 # Ha , imagine that size install for a 10 hour Single Player campaign. It takes
266	1174376	ZA	G	brazenprincess.com	A B C feed than I did to them -- what kind of hosting is that? # Ha !! # I also am pretty mad at Dave Lamb right now, with
267	1863899	ZA	G	the123blog.com	A B C # And I love the fact that you're getting in " courage-shape ". HA ! and totally understand about being gun shy. it's so scary to be
268	1863609	ZA	G	sowetanlive.co.za	A B C 2 in the league. Be very carefull. **40;92478;TOOLONG... HA HA HA HA HA HA HA HA HA YEAH YOU'RE RIGHT DA BASTARD CA N'T READ DA RULES OF
269	3601080	ZA	B	nonocele.co.za	A B C as Siphiwe Tshabalala, Itumeleng Khune and Reneilwe Letsholonyane? # Luthando: ha ha ha ... it's wonderful in a true sense of the word. I knew most
270	3845053	ZA	B	...company.blogspot.com	A B C our neighbour has gone all out next door - the competition is on - ha ha ! I thought I would get these reindeer lights. You can't see them
271	1864135	ZA	G	travelstart.com	A B C for a new passport and I understand this firstly requires a letter of confirmation from HA via the NPR (National Population Registrar), then a new ID and finally
272	1183697	ZA	G	justcurious.co.za	A B C the babies. So this girl's first born is about six, ngwana teng ha ba stout the mom threatens to flush her. # Ba re this flushes her
273	1198283	ZA	G	yourparenting.co.za	A B C but we couldn't have been more excited. On Friday (good friday, ha ha) i woke up bleeding. I knew what had happened but was just
274	3841902	ZA	B	mygreenwincom.com	A B C we'll be laughing in Polish; Russian (Sergey, how do you say Ha Ha Ha in Russian?); Portugese; Spanish; Dutch; English;
275	1187280	ZA	G	netafim.co.za	A B C between 100,000 to 160,000 plants/ ha under high density and between 14,000 to 37,000 plants/ ha under low density population. # For high yields, the seasonal crop water requirements
276	1862129	ZA	G	itsadate.co.za	A B C know we will make sure she has a spin around the pole herself! Ha ha ! I will definitely keep your details for the next lucky girl in the family
277	1190706	ZA	G	saflii.org	A B C he shared rented accommodation with the plaintiff. Later he moved to her house in Ha Tsosane, Lesotho but returned to Ladybrand over weekends. This was the position until
278	3841277	ZA	B	...od.rumtumtiggs.co.za	A B C you are using something else, like your bare hands, good luck (mwa ha ha). But seriously, it should be simple to adapt for other ice
279	1861716	ZA	G	health24.com	A B C time # Posted by: Kay Date posted: 14/4/2009 OOh!! ha ha ha my LG too! it started when she was a new born she would fart
280	1183691	ZA	G	justcurious.co.za	A B C the right day. # FrozenBubblez on Fri, 23rd Nov 2012 12:06 pm # HA Blacklips! Ikujwayela kabi lentombazane! # To the blogger with a friend who overdosed
281	1181116	ZA	G	ibsa-trilateral.org	A B C of the land. On the other hand, in India farms of above 10 ha are rare. Over 86 percent of the farms in India are of less than
282	3841628	ZA	B	khayadlanga.com	A B C by the mere fact that I have decided to write about it. Ha ha ha ! Excuse me for laughing out of turn, I am a tad bit nervous
283	1195940	ZA	G	timeslive.co.za	A B C pack your bags and leave "...... ultimately your entire electorate will leave you... HA HA HA! Don't be SO arrogant as to ignore those who HAVE PROVEN
284	3590449	ZA	B	...graham.wordpress.com	A B C post. # There is not a whole lot I can leave you with that ha not already been covered.. but here are a few of favourite tips. Social
285	1863596	ZA	G	sowetanlive.co.za	A B C with zuma ANC can loose the next elections! watch the space, **40;87321;TOOLONG... ha ha ha... ANC will win the next elections. It is a something that
286	1192950	ZA	G	sowetanlive.co.za	A B C the same, bese ngithi dog style ngimphulula intshebe,,, ha ha ha ha Report Abuse SWEATERDANSUGAR TDK # KUKU . Wa e rata man. #
287	3591139	ZA	B	g3ar.co.za	A B C which technically gives it the largest games and software library in existence. So, HA . /troll # I personaly like the xbox we got the phat one right after
288	1864179	ZA	G	tvsa.co.za	A B C : " Ee buti, ke tla e tlatja, okare se kaone sepedi. Ha ha ha ha ha!!!!!!!! Lefatshe! #
289	3595673	ZA	B	vanessahaywood.com	A B C is how the narrator is going to read " those scenes ".... Ha ha ha
290	1166485	ZA	G	...berries.blogspot.com	A B C class - # (that's my mom in the middle, not a kid ha ) # Some of my favourite individual snaps - # (i didn't have
291	1196617	ZA	G	tvsa.co.za	A B C spiderwoman I think Gita is a great person much like myself!!!! Ha ha ha She is slick, sly, hot, rich, powerful, manipulative
292	1178541	ZA	G	fao.org	A B C ha comprising the savanna biome in South Africa, bush encroachment has rendered 1.1 million ha unusable, threatens 27 million additional ha and has reduced the carrying capacity of much
293	3589563	ZA	B	...odsweatandbeards.com	A B C officials. A bit unnerving at first but all in good humour I think. Ha ! Actually I think he liked it. We had a bit of rain while
294	1176381	ZA	G	cyc-net.org	A B C Officer in Bloemfontein, asking him to investigate. # The next time I had Ha # * penny out in the car I questioned him again about his family.
295	3596808	ZA	B	bitsofsunshine.com	A B C I used fresh cream. These cupcakes are very moist and packed with sugar ( ha ha) so they keep rather well. I usually would make my cupcakes the
296	1864179	ZA	G	tvsa.co.za	A B C a big smile) yo yo yo it realy nice to be hereee............. niyangibulala ha ha sloe queen you are being unfair to mabena he needs that thing man. -
297	1186068	ZA	G	miningweekly.com	A B C warrants further exploration. # The acquired properties cover an area of about 1 760 ha and consist of 110 mining claim units located within Eldorado, Adams, Deloro,
298	3596538	ZA	B	austiebost.net	A B C a new image using Illustrator to make it go the way I wanted it, ha ! Anyhow, this card from Kathy has amazing elements -- I love working with
299	1178541	ZA	G	fao.org	A B C which generally contained a few hundred people and varied in size from 8 to 20 ha . enjoyed a high level of self-sufficiency. Village density was surprisingly high, with
300	1195613	ZA	G	theseedsman.com	A B C of 250m seeds per Ha. This should yield in excess of 13 t per Ha over 2 - 3 picks. Endeavour is resistant to Halo Blight, Bean Common
301	1167056	ZA	G	lifelinetonac.com	A B C reveals his nature. YAH revealed His name to Moses in Ex. 3:14 as " HA YAH ASHUR HA YAH, " which literally means, " I AM that I
302	1162602	ZA	G	answerit.news24.com	A B C ". # 20 mths ago # Cut them in half and share them? Ha ha! I kept mine for the kids but in any case I looked damned
303	1165743	ZA	G	....financialmail.co.za	A B C the next five years. Other similar initiatives include the expansion of the 9 300 ha Nwanedi Nature Reserve into a 25 000 ha site after merging with Kuduland Safaris and
304	3844834	ZA	B	treaclechops.co.za	A B C you want me to get done at the beautician today? " *wiggles eyebrows* # Ha Ha Ha! Sorry, I have to laugh because sadly that only happens in
305	3845053	ZA	B	...company.blogspot.com	A B C as our neighbour has gone all out next door - the competition is on - ha ha! I thought I would get these reindeer lights. You can't see
306	1162340	ZA	G	...anmagic.blogspot.com	A B C About Me # Hi my name is Liesl. I live on a 21 ha farm near the banks of the Letaba River in South Africa. I share this
307	1186314	ZA	G	moneyweb.co.za	A B C a 149 en-suite double room hotel (previously Holiday Inn) set on over 2 HA of land with 125m of uninterrupted sea frontage with an incredible upside of over 10000
308	1165683	ZA	G	forum.dstv.com	A B C . Enlighten me here people. Am I missing something or is there an ah ha moment further along in the series? # I think the writers were high with
309	1176381	ZA	G	cyc-net.org	A B C at the market. I then sent for the Letter Book, and found that Ha * penny wrote regularly, or rather that others wrote for him till he could
310	1863596	ZA	G	sowetanlive.co.za	A B C shame and her hate for Zuma. She is down to earth now.. ha ha ha... # They will be alright. They are just allowing themselves to be
311	1190388	ZA	G	sabookonline.com	A B C Cape's two leading wine districts - Stellenbosch and Franschhoek. The Delaire Graff Estate ha one of the leading restaurants in this illustrious vineyard region. # Surrounded by mountains
312	1174722	ZA	G	capetown.gov.za	A B C garden slowly increased until, some ten years later, it had grown to 18 ha . Apart from a vegetable and fruit garden, Boom also laid out a herb
313	1195613	ZA	G	theseedsman.com	A B C of 250m seeds per Ha. This should yield in excess of 11 t per Ha over 4 picks. Parker is resistant to Halo Blight, Common Bean Mosaic Virus
314	3842775	ZA	B	5fm.co.za	A B C , when the atmosphere is actually a harmonious, hear everyone from audio " ha ha " laughter can be informed. In the speech, guo chief would have had
315	3590051	ZA	B	...onallyspeaking.co.za	A B C obstacles erected in the path towards full self-development by racist white people. # Brett ha ha ha in other words the apartheid government was bettter for black people than the
316	1197923	ZA	G	worldofbirds.org.za	A B C the Hout Bay Valley is the environment in which the aviaries are spaced over 4 ha of land, framed by the back of Table Mountain, the Twelve Apostles,
317	1190624	ZA	G	saflii.org	A B C respect of its Black citizens) should be continued and concluded as if that Constitution ha d not been passed. The object was again to legitimize the **33;51802;TOOLONG... **34;51837;TOOLONG
318	1171310	ZA	G	victoriafalls24.com	A B C yourself upside down and hang onto my tail while I flash the camera! Ha ha ! " # And then all the piglets decided to sit on top of mom
319	3590277	ZA	B	datingaid.co.za	A B C still left cupboard, afterward point of agger h2 tags was actually wigan sports goalkeeper ha wash arian foster white jersey rag west reserved. Any 22nd day, your red
320	1163278	ZA	G	blog.getaway.co.za	A B C Part of the Earth. # The Tierra del Fuego National Park (63 000 ha ) on the border of Argentina and Chile is a major drawcard with hiking trails
321	3591009	ZA	B	francescawatson.com	A B C .... but that's always a good excuse for me to keep something, ha ha !) # Oh, WOW! What a fantastic piece, Francesca!!
322	3601395	ZA	B	pinkhairgirl.co.za	A B C exercise it was possible. The tweet that caught my eye was by AshTordiffe " Ha ! Me too, Worth a bash, hey? (After 4 kids for
323	1166889	ZA	G	khayadlanga.com	A B C , everywhere is within walking distance if you have the right shoes, ha ha ha ! Oh boy, there goes that nervous laugh again! # 5. Have
324	3590059	ZA	B	...onallyspeaking.co.za	A B C attack regularly, however, is the habit of making absurd assumptions. # ha ha ha atleast white people commenting on this blog are honest. Honest in the sense
325	3589333	ZA	B	blogs.sport24.co.za	A B C had to fight it out with the queens to stay in the CC -- ha ha kry vir julle! # But I do hope they do well in the super
326	1195613	ZA	G	theseedsman.com	A B C for a long time. We recommend a maximum plant stand of 43m seeds per Ha . Looks amazing when packed with Pantheon as a mixed pack. # Solista is
327	1187069	ZA	G	nda.agric.za	A B C The average potato production is 157,8 million 10 kg pockets per year from 55 600 ha valued at R1,57 billion. Seed potatoes account for approximately 13 % # Although statistics
328	1169233	ZA	G	...africa.wordpress.com	A B C how you were going to include these animals in a story on a market! Ha ! You had me foxed! Seriously though, all the stalls looked so lovely
329	1194678	ZA	G	tertia.org	A B C and done in a few mins - no more waiting for the second round though ha ha. # If there was no one else around to keep an eye on
330	1861716	ZA	G	health24.com	A B C the time # Posted by: Thuto' s Mom Date posted: 15/4/2009 ha ha ha at least i' m not alone with farting baby. He mostly does
331	1196610	ZA	G	tvsa.co.za	A B C Khaphela have arrears on their sex life so they may as well!!! ha ha ha ll imao hay dead with loughter # if you have a topic to
332	1179199	ZA	G	gamkaecoestate.co.za	A B C slope 300 meters on the other side of the Gamka River. # 14/50 6,5096 ha This property begins 150 meters from the Huisrivier, stretches right over the mountains and
333	3588477	ZA	B	...kbazaar.blogspot.com	A B C certain people to it. I completely agree with your experiences of rag-wearing wankers ( ha ha) and compassionate label lovers. If you read my previous posts on the
334	1194694	ZA	G	tertia.org	A B C to get in a couple before I hit my mid thirties. Ha ha haa ha ha. As it happened, I delivered my twins only a couple of months
335	3600002	ZA	B	mahala.co.za	A B C ? As in, it's all done live and on tape? # Ha ha ! Cool! Well, it is recorded on tape and mixed directly from the
336	1174653	ZA	G	capeaudioforum.com	A B C FRIEND!!! # Eamon Gleeson: Thanks for the info. Stef ha ha Cool Burzum Meme; D Richard; I hear what you're saying and
337	1174232	ZA	G	blueworld.co.za	A B C one of a kind and i bet you'll never have a dull moment.. ha ha ha mwah love you lots...
338	1192950	ZA	G	sowetanlive.co.za	A B C gold, when the police asked his name, he called himself Mbhebheni Masende, ha ha ha. Report Abuse # Jun 6, 2011 Pabi # sex is
339	3604064	ZA	B	wonkie.com	A B C . # C H E P A pairing' Zuma' with' dignity' ha ! ha!. You poor, ignorant, blind follower of a corrupt government
340	1188898	ZA	G	politicsweb.co.za	A B C can back up with actions. # Hope you have a blck belt ha ha ha ha or something, remember, no black gangs, the A**********, this is
341	3844983	ZA	B	...rdingtoninazani.info	A B C .... tickets (naturally) and the team! Me (the reporter -- ha ha and) B (dedicated photographer).... # Outdoor partying has never been one
342	1162466	ZA	G	angryafrican.net	A B C was one of those moments that I shouldn't really mention I think. # Ha ha! I have only managed to read a few so far, but am
343	1196614	ZA	G	tvsa.co.za	A B C Reply from: # zdwesha # Wednesday, June 20, 2012 08:36 AM # ha a maan why do they the bby so early atleast if they killed him after
344	1183692	ZA	G	justcurious.co.za	A B C # Thabure on Wed, 28th Nov 2012 11:00 am # smatsatsa ele hore wena ha otle? # Vesa on Wed, 28th Nov 2012 11:03 am # Smatsatsa ....
345	1189597	ZA	G	...ctionsinthenight.com	A B C will likely all be hidden in secret places known only to them. Ha, ha , ha, when they die they can't take it with them. Only
346	3589296	ZA	B	blogs.parent24.com	A B C one hand and they started to run together like a pack of sleigh dogs! Ha -- that was not funny -- I had to run a full speed to keep
347	3594021	ZA	B	randomhighfives.com	A B C few shades less embarrassing, and possibly closer to 50 shades of Grey. ( Ha . Just kidding. I don't want a billionaire to become obsessed with me
348	1195941	ZA	G	timeslive.co.za	A B C your bags and leave "...... ultimately your entire electorate will leave you... HA HA HA! Don't be SO arrogant as to ignore those who HAVE PROVEN TIME
349	3594955	ZA	B	...sonaldevelopment.com	A B C to be from the same town that I come from in Mexico! small world ha ? we are chatting away totally amused that both of us coming from such a
350	1188979	ZA	G	politicsweb.co.za	A B C on April 07 2009, 15:08 Find this comment inappropriate? Report it # ha ha ha ha you liar, thug corruption is your main drive to power, may
351	1864187	ZA	G	tvsa.co.za	A B C it... the minute we entered the room she started shouting... like hell we ha d to turn up the volume of the TV (he insisted) and his
352	1179199	ZA	G	gamkaecoestate.co.za	A B C River. # Area B (Estate Central and Gamka central) # 14/57 6,0842 ha This property begins 150 meters from the Huisrivier, stretches right over the mountains and
353	1193141	ZA	G	sowetanlive.co.za	A B C ..... Report Abuse # Aug 15, 2012 Nzwere # shakashaka Okonkwo ha ha ha I see more yellow cards there. But the toohless one was clever because he
354	1180818	ZA	G	...wemadeitinafrica.com	A B C . Renaissance Group, the Moscow-based investors who originated both projects, has bought 1,000 ha of land a few miles from Takoradi, and more than 800 ha between the
355	1862251	ZA	G	kickoff.com	A B C : 06:10 pm # Goodluck Mathoho # Anonymous # posted: 06:29 pm # Ha ha ha they will be no more abuse on this side, name and surname displaced
356	1162602	ZA	G	answerit.news24.com	A B C . # 20 mths ago # Cut them in half and share them? Ha ha ! I kept mine for the kids but in any case I looked damned hot
357	1188898	ZA	G	politicsweb.co.za	A B C people can back up with actions. # Hope you have a blck belt ha ha ha ha or something, remember, no black gangs, the A**********, this
358	1863609	ZA	G	sowetanlive.co.za	A B C the league. Be very carefull. **40;92478;TOOLONG... HA HA HA HA HA HA HA HA HA YEAH YOU'RE RIGHT DA BASTARD CA N'T READ DA RULES OF SOCCER Report
359	1179273	ZA	G	genderlinks.org.za	A B C our daughter well in our community we aren't known to beat women " " Ha ha! We hear your people steal money please never send her to steal from
360	1165416	ZA	G	feministssa.com	A B C 's just so predictable... " like save the feminism for your hairy-legged friends ha ha ha " crap... all the frikkin time, its not funny, you sound
361	1864185	ZA	G	tvsa.co.za	A B C nt get # I love the way gita is trying to encourage Lilian poor woman Ha ha # I really do nt like Tristan (that is his name i hope
362	1189597	ZA	G	...ctionsinthenight.com	A B C all be hidden in secret places known only to them. Ha, ha, ha , when they die they can't take it with them. Only good deeds
363	1863904	ZA	G	thearrowsband.com	A B C uplifted and inspired. So thank you for listening and thank you for reading. HA HA HA!
364	1192557	ZA	G	soccerladuma.co.za	A B C to win the league. This guy is blaming everybody and everything but himself. Ha the crazy one! # Stupid CowEditor... There ain't NO Pressure Nigga.
365	1168503	ZA	G	...her-mel.blogspot.com	A B C housekeeping easier, while keeping your attitude in check. 14 comments: # Ha ! I'm in that stinky place myself right now (thankfully I usually have
366	1194679	ZA	G	tertia.org	A B C lighthearted, but I was thinking of a cartoon (not funny, ha, ha , just not a picture) woman with thought bubbles containing petri dishes, syringes
367	3591009	ZA	B	francescawatson.com	A B C all.... but that's always a good excuse for me to keep something, ha ha!) # Oh, WOW! What a fantastic piece, Francesca!
368	3592561	ZA	B	magpro.co.za	A B C fringeDrug addiction is one of the serious and gruesome problems of younger generations La crisis ha frenado un poco la venta de coches pero ya estamos plagados de vehiculos y marcas
369	1863596	ZA	G	sowetanlive.co.za	A B C Redi shame and her hate for Zuma. She is down to earth now.. ha ha ha... # They will be alright. They are just allowing themselves to
370	1191538	ZA	G	sarugby.com	A B C such a bad example do nt they!! Hahahahahahaha what says my good friend ha ha hakwa? # Yes lets hope the team gets fired up by this event
371	1170080	ZA	G	...amilitaryhistory.org	A B C , there was no shortage of volunteers. Thousands of men passed through the tented Ha Ratjomose Camp (Walker's Camp) near Maseru and were trained by officers and
372	3597675	ZA	B	deepfrieddecks.com	A B C did you come up with the alias' Trim The Fat'? # Ha ha , yeah I guess the name is a bit strange! Trim The Fat was
373	3592403	ZA	B	lipglossismylife.com	A B C people YOUR way without inviting me try it? Jolly, jolly rude! # Ha ha ha. I quite like checking out other blogs. Just get pissed when
374	1195613	ZA	G	theseedsman.com	A B C for a long time. We recommend a maximum plant stand of 43m seeds per Ha . Looks amazing when packed with Pantheon and Marengo as a mixed pack. #
375	3593806	ZA	B	...oyen.bookslive.co.za	A B C the success, I suspect periodic blood tests to monitor the PSA count. # Ha , ha... the duel continues. # But what is shocking me at the
376	3594074	ZA	B	...antmom.wordpress.com	A B C chocolate cake -- toys and clothes -- yes, but not a cake # Ha ha had me in hysterics! My just turned 3 year old is very much like
377	3595725	ZA	B	victoriafalls24.com	A B C the help of UK horticulturist John Henry Michell, a unique botanical garden covering 20 ha with exotic plants and trees collected all over the world. # Bush was carefully
378	1864180	ZA	G	tvsa.co.za	A B C I liked the way Khethi handled the whole scene, very calm. ha! ha ! ha Khuboni! Khuboni! Khuboni, no comment. Will Sarah apologise to
379	3589871	ZA	B	cherieroedirksen.com	A B C ' 15 Famous Quotes on Creativity' -- well worth a read. # Ha ha ... I wish that for myself too, Leonora. Sometimes Alice doesn't show
380	1192566	ZA	G	soccerladuma.co.za	A B C he just said that he does not like Bucs players lol. Ha ha ha ha .... for crying out loud we on the national duty but you
381	1179199	ZA	G	gamkaecoestate.co.za	A B C the Gamka River and ends up high on a mountain slope. # 14/53 22,0476 ha This property begins in the middle of the Gamka River, stretches right over the
382	1863609	ZA	G	sowetanlive.co.za	A B C it as you are number 2 in the league. Be very carefull. **40;92478;TOOLONG... HA HA HA HA HA HA HA HA HA YEAH YOU'RE RIGHT DA BASTARD CA
383	1169760	ZA	G	...antmom.wordpress.com	A B C as to prevent our children from being exposed to the unsavoury side of life. Ha , ha, ha, what we didn't factor in was our eldest's
384	1193029	ZA	G	sowetanlive.co.za	A B C breaks it am sooo sad Report Abuse Mosquer Motho-Makhetha # My neighbour from Ha Abia, Maseru Lesotho was buried this weekend. What is disheartening is he was
385	3841628	ZA	B	khayadlanga.com	A B C know, everywhere is within walking distance if you have the right shoes, ha ha ha! Oh boy, there goes that nervous laugh again! # 5.
386	1179199	ZA	G	gamkaecoestate.co.za	A B C the mountains and ends in the middle of the Gamka River. # 14/37 6,5593 ha This property begins 50 meters from the Huisrivier, stretches right over the mountains and
387	1181400	ZA	G	...ian-ocean-island.com	A B C 17the century. Le Domaine du Chasseur is situated among the Bambous Mountains on 1500 ha of land, providing # The Indian Ocean Island of Rodrigues # The small volcanic
388	1170184	ZA	G	shadesofgold.co.za	A B C it's also going to do a lot of damage -- to my credit record ha # The question on everyone's mind had to be, what were the price
389	1191745	ZA	G	sawac.co.za	A B C black wildebeest and springbok. Bird densities range from 50 to 380 birds per 100 ha , and include a wide range of species. # South African grasslands are essentially
390	3841932	ZA	B	nalibali.org	A B C the final crocodile, he let out a whoop of joy.' HA, HA ! I TRICKED YOU!' he bragged as he flew through the air and
391	1178781	ZA	G	flyafrica.info	A B C . Now I know any direct flight can only be SAA and I hum and ha much better maar julle weet mos, die regering kry mos altyd wat hulle wil
392	1162307	ZA	G	...culture.kzntl.gov.za	A B C yield more than 2,9 t DM, or 9,6 t 30% DM silage, per ha . # Eragrostis curvula at the hay stage would yield up to 3,2 t DM
393	1864179	ZA	G	tvsa.co.za	A B C . If its a man then there will be a woman on the side.... ha ha ha # It looks like Dineo had a normal relationship with Thomas and the
394	3589333	ZA	B	blogs.sport24.co.za	A B C You will have to play the Kings to get back in Super Rugby. Ha ha kry vir julle! Chop! # peter pan, this is a blog about
395	1196614	ZA	G	tvsa.co.za	A B C in the deep! " i like the line Ooh my God it z rocking ha ha! Rodney z the screawer. Agnes and bianca i feel 4 u the
396	1195613	ZA	G	theseedsman.com	A B C of 250m seeds per Ha. This should yield in excess of 13 ton per Ha in a very concentrated pick. Rex is resistant to Halo Blight, Bean Common
397	1163181	ZA	G	...africageographic.com	A B C , strange things happen! We are based in northern Botswana in the 125 000 ha Linyanti concession, where we share our love for the wilderness with visitors from all
398	1185302	ZA	G	marineaquariumsa.com	A B C to get away... # Welcome to MASA and the Nano clan!! Ha ha .. I've also got a Boyu TL550 but you got ta give it loads
399	1170594	ZA	G	...imnews.swimfacts.com	A B C getting old now, so I need to find a new one? ha, ha 11. If the perfect race exists, what would it be for you
400	3591461	ZA	B	hbbodyboards.com	A B C cause we actually found that wave without knowing that it was already famous, ha ha . So it was such a good feeling!! The spot is insane,
401	1184651	ZA	G	lazygamer.net	A B C into an abandoned theatre, barely surviving the baysplosion. Did I say abandoned? Ha , oh no, it's totally crawling with dozens of zombies, eager for
402	1196614	ZA	G	tvsa.co.za	A B C p # Tuesday, May 29, 2012 14:09 PM # Wow! Kwakwakwa ha ha " the spirit of MaBrr is alive in the deep! " i like the
403	3597182	ZA	B	cathellisen.com	A B C write the first draft of your manuscript? # Ha ! You're so cute. I'm like... not even half
404	1184905	ZA	G	limpopotourism.info	A B C trails on offer. # Klein Paradys Guest Farm: - Situated on a 248 ha Nature and Game Farm, is within easy driving distance from Johannesburg, Pretoria and
405	3597422	ZA	B	cooksister.com	A B C 's favorite rides of all time. # In the interest of scientific research HA HA HA! Love it! And I love small world surprises like your story and
406	1189712	ZA	G	rhinoafrica.com	A B C area is less sophisticated than the other reserves with 200km of gravel roads over 22,750 ha . The Mnisi people occupied this land for many generations and they instituted a land
407	3601080	ZA	B	nonocele.co.za	A B C Luthando: I think I was part of Kaizer Chiefs Family from birth hey ha ha ha. Officially I joined Kaizer Chiefs in 2008 July. I remember that day
408	1168745	ZA	G	mybroadband.co.za	A B C for example " Hitler believed X so therefore... " # we can say ah ha !.. # Reductio ad Hitlerum (playing the Nazi card) -- comparing an
409	3593806	ZA	B	...oyen.bookslive.co.za	A B C to sight-see George Town while avoiding being run over by the hectic traffic. # Ha , ha, it took me six months to realise I had cancer. Pains
410	1170594	ZA	G	...imnews.swimfacts.com	A B C It's getting old now, so I need to find a new one? ha , ha 11. If the perfect race exists, what would it be
411	3843065	ZA	B	chillimag.co.za	A B C n't boycott Woolworths it would be like blacks boycotting Chicken Licken or rather KFC ha ha so true. He and David also couldn't resist making fun of poor Oscar
412	1863596	ZA	G	sowetanlive.co.za	A B C ##1863596 asaowe TupacAmaru DJ-Winner # ha ha ha ha .... talking like a defeated man. Look who is talking at last... LOL
413	3602400	ZA	B	sharechat.co.za	A B C the other BRICS countries, who only allow us in so China can colonize us ha ha, or for stability you may choose to go Europe etc - although they
414	3601080	ZA	B	nonocele.co.za	A B C such as Siphiwe Tshabalala, Itumeleng Khune and Reneilwe Letsholonyane? # Luthando: ha ha ha... it's wonderful in a true sense of the word. I knew
415	3843431	ZA	B	gadgetmaven.co.za	A B C realise you were the pioneer of a majorly successful global communication tool? # Neil> Ha , well I didn't even think about it b4 it was widely reported on
416	1194694	ZA	G	tertia.org	A B C have time to get in a couple before I hit my mid thirties. Ha ha haa ha ha. As it happened, I delivered my twins only a couple
417	1190127	ZA	G	sa-venues.com	A B C ha game sanctuary on its northern shore. From the Gariep dam some 200 000 ha of land is irrigated, by means of a tunnel of 83,8 km, delivering
418	1188979	ZA	G	politicsweb.co.za	A B C 07 2009, 15:08 Find this comment inappropriate? Report it # ha ha ha ha you liar, thug corruption is your main drive to power, may God prevent
419	3589086	ZA	B	blogs.24.com	A B C . This is why we sometimes suffer from cognitive dissonance and develop biases. # ha ...... in your last comment you are actually arguing my own point and in fact
420	1196617	ZA	G	tvsa.co.za	A B C think Gita is a great person much like myself!!!! Ha ha ha She is slick, sly, hot, rich, powerful, manipulative. Wich
421	3843930	ZA	B	mikestopforth.com	A B C sprints to the top of the complex and drops a sack with security -- ha ha . # Each letter contains a rhyme or poem celebrating a member of the family
422	1859300	ZA	G	bigbrotherafrica.com	A B C house. All the undercover haters will be exposed one by one. # ha ha ha ha ha ha ha With a little poking from Keitta, their yansh just
423	1192293	ZA	G	shaykhabdalqadir.com	A B C ##1192293 Thursday, November 29, 2012 Qur'anic Commentary on Surat Ta Ha given to His Fuqara at Masjid al-Mansoor, Constantia, Cape Town, 1 July
424	1864180	ZA	G	tvsa.co.za	A B C family, I liked the way Khethi handled the whole scene, very calm. ha ! ha! ha Khuboni! Khuboni! Khuboni, no comment. Will Sarah
425	1863596	ZA	G	sowetanlive.co.za	A B C zuma ANC can loose the next elections! watch the space, **40;87321;TOOLONG... ha ha ha... ANC will win the next elections. It is a something that we
426	1195054	ZA	G	themovies.co.za	A B C " without further adieu "... # http: **35;3904;TOOLONG... Kervyn Cloete # Ha ha , Latino Review is actually very reliable. They've broke a large percentage of
427	1176381	ZA	G	cyc-net.org	A B C itself suddenly in the most unlikely host, and swiftly sweeps to the end. Ha * penny withdrew himself from the world, from all Principals and mothers, and
428	1864179	ZA	G	tvsa.co.za	A B C the way Isidingo doesn't even reach that. Sechaba? Growth? BLAH HA HA HA HA HA HA HA! HE IS STATIC AND A MORON! And if
429	1196617	ZA	G	tvsa.co.za	A B C , 2012 13:33 PM # Yippeee, I'm between numbers 54 and 154........ ha , ha I haven't been here for a while and seems I haven't
430	1196524	ZA	G	truthseekers.co.za	A B C by Yahweh to offer Praise to Him for His Wisdom and His Salvation through Yahshuah Ha Moshiach. The fact that I happened upon this site at first seemed strange to
431	1181414	ZA	G	info.gov.za	A B C South Africa had 528 protected areas, ofwhich 20 were marine, totalling 7,5 million ha or 6,2% of the land area. # South Africa aims to expand the conservation
432	1190120	ZA	G	sa-venues.com	A B C the eastern boundary of Himeville Village and was proclaimed to its present size of 104 ha in 1973. Himeville Nature Reserve offers trout fishing in two dams situated in the
433	3595169	ZA	B	thatwordsite.com	A B C . As you can imagine it was clearly the most thumbprinted page! # Ha ha ! I love that. I was reminiscing on Twitter the other day, about
434	1864179	ZA	G	tvsa.co.za	A B C wit u mare, mathata a gago ke eng kante, gongwe o tla tlhaloganya ha re bua ka setswana jaanong. i think u seriously need help jaanon, why so
435	1175078	ZA	G	censorbugbear.org	A B C looking for tea: one minute Tea: tea: one minute 14 minutes O ha ha, crabs, In the early 80 century, Kristen Stewart, Flashpoint,
436	3601080	ZA	B	nonocele.co.za	A B C I spend more time in the bath more than anyone at home! Ha ha ha # Luthando: Mhmmm, I do think about it and I am sure one
437	1864180	ZA	G	tvsa.co.za	A B C the way Khethi handled the whole scene, very calm. ha! ha! ha Khuboni! Khuboni! Khuboni, no comment. Will Sarah apologise to Mpilo &;
438	3597817	ZA	B	divasinc.co.za	A B C to pursue my music. Music is not something that you can just go' Ha -- now I'm a singer' -- there's a LOT of work.
439	3601080	ZA	B	nonocele.co.za	A B C Ncumisa Ntabeni out for movies from time to time and that was her idea ha ha ha # I also make time to meet my buddies like Mzoxolo Maki, Mfundo
440	1174434	ZA	G	brucemerry.org.za	A B C hitting the space bar this whole time. No wonder it wasn't deleting! Ha ! " Print out your document and leave. # Remove your disk from the
441	1859302	ZA	G	bigbrotherafrica.com	A B C like no tomorrow. # And what abt this he posted?.. ha ha ha ha... Talia &; Seydou are both' stressing' us right now but no
442	1169771	ZA	G	...antmom.wordpress.com	A B C some practical joke and he was going to turn around and come back saying " ha ha that was funny!!! " (er, not so much.....
443	3604256	ZA	B	yolandemarx.co.za	A B C , Tiaan, and I nearly got our heads flown off on the runway! Ha ha Not sure what kind of pig this is but he made a quick run
444	1163178	ZA	G	...africageographic.com	A B C suspend yourself upside down and hang onto my tail while I flash the camera! Ha ha! " # And then all the piglets decided to sit on top of
445	1169895	ZA	G	...lectron.blogspot.com	A B C will help too; take a pill for your headaches and antacid for heartburn. Ha ha, and try and shower at least every second day. # As you
446	1191562	ZA	G	sarugby.com	A B C caution too much into the wind. " Comments (3) # Ha ha a great laugh for a friday. EP would not beat a 3rd tier school
447	1190706	ZA	G	saflii.org	A B C of the 8 th of November 1991, he would have preferred to stay in Ha Tsosane, Lesotho until the farmhouse in South Africa was restored to a habitable condition
448	3841639	ZA	B	krishnacommunity.com	A B C the 4th floor very taste of porridge chanel encounter a lot of shopping malls have Ha , I like the fresh new CHANCE Eau to which green drops of this site
449	1166889	ZA	G	khayadlanga.com	A B C you know, everywhere is within walking distance if you have the right shoes, ha ha ha! Oh boy, there goes that nervous laugh again! # 5
450	1165416	ZA	G	feministssa.com	A B C just so predictable... " like save the feminism for your hairy-legged friends ha ha ha " crap... all the frikkin time, its not funny, you sound stupid
451	1180075	ZA	G	grootbos.com	A B C the additions of 36 portions, bringing the area of the Park to 20 959 ha and boasting 1 750 botanical species. It is a heaven for nature lovers and
452	3843746	ZA	B	kievitskroon.co.za	A B C # 3. Privacy and security Your privacy and security are guaranteed on this 16 ha estate. Our rooms are all extremely private, placed around the estate in clusters
453	3841325	ZA	B	futurecapetown.com	A B C southern part of the City of Cape Town metropolitan area and covers approximately 13 200 ha (132 km2). It comprises a significant part of the Cape Flats,
454	1195941	ZA	G	timeslive.co.za	A B C pack your bags and leave "...... ultimately your entire electorate will leave you... HA HA HA! Don't be SO arrogant as to ignore those who HAVE PROVEN
455	1864187	ZA	G	tvsa.co.za	A B C June 11, 2012 10:18 AM # miss u 2 manicure............. # ha ha ha ha got you guys now i know how to make you talk am not reading
456	1165743	ZA	G	....financialmail.co.za	A B C Reserve. # Officials say this initiative will increase Doorndraai's size from 7 000 ha to be part of the 22 000 ha conservation area and attract joint investments of
457	1187080	ZA	G	nda.agric.za	A B C single leaf or soil sample should be representative of an area not greater than 3 ha . However, if there are soil variations separate leaf and soil samples must be
458	1864179	ZA	G	tvsa.co.za	A B C even reach that. Sechaba? Growth? BLAH HA HA HA HA HA HA HA ! HE IS STATIC AND A MORON! And if you think that is entertaining
459	1180075	ZA	G	grootbos.com	A B C as the Agulhas National Park in September 1999. The park started as a 4 ha portion of land at the southern tip and has grown through the additions of 36
460	3840909	ZA	B	bookslive.co.za	A B C will see -- I am going to be rich like them. " # " Ha ! " her mother laughed, shaking her head. From that day on Lebo
461	1862198	ZA	G	justcurious.co.za	A B C Party. " # Mathaz on Tue, 2nd Oct 2012 11:11 am # Ha ha ha ha people who do nt mustarbate not liking themselves much. # I
462	3843778	ZA	B	lazygamer.net	A B C alive in the interim? Better characters? Less of those horrid chase sequences? Ha ! As if! No, what Ubisoft has planned right now, is an
463	3604256	ZA	B	yolandemarx.co.za	A B C Tiaan, and I nearly got our heads flown off on the runway! Ha ha Not sure what kind of pig this is but he made a quick run for
464	1195940	ZA	G	timeslive.co.za	A B C your bags and leave "...... ultimately your entire electorate will leave you... HA HA HA! Don't be SO arrogant as to ignore those who HAVE PROVEN TIME
465	1189630	ZA	G	remburssi.org	A B C Eucalyptus is usually harvested after 8-10 years. # The forest area totals 1.5 million ha , 95% of which are plantation forests. The pulp, paper and board mills
466	1184484	ZA	G	lazygamer.net	A B C man beans into the cold Atlantic and scoffs at those along the Indian Ocean. Ha ! Warm seas, ludicrous.... LUDICROUS! # EK # pee-warm, lol #
467	1178558	ZA	G	farming-gods-way.org	A B C approval. The director of the school is a keen farmer himself with 30 something ha of land in Ntcheu district. He planted on flat land last year with much
468	1195613	ZA	G	theseedsman.com	A B C of jelly for its size. Oceanis should be planted at around 250m seeds per Ha which in turn should yield in excess of 6 t per Ha. Oceanis has
469	3601080	ZA	B	nonocele.co.za	A B C won't go to sleep with bread. I insist people cook at home ha ha ha... lastly, I spend more time in the bath more than anyone at
470	1179213	ZA	G	garonga.com	A B C all know where that technology came from, don't we -- LA FRANCE! HA ! Boney eat your heart out. Maybe the French should take up cricket.
471	1190814	ZA	G	saflii.org	A B C case is a relevant consideration. However, the rules make provision, where there ha s been such a delay, for the opposing party to apply for an order
472	3592024	ZA	B	journeyofiron.co.za	A B C dressed for drinks on Camp's Bay rather than a hike up Table Mountain. ha ha ha. The hike up to the top of Platteklip Gorge had a few
473	3601080	ZA	B	nonocele.co.za	A B C Ntabeni out for movies from time to time and that was her idea ha ha ha # I also make time to meet my buddies like Mzoxolo Maki, Mfundo Skepu
474	1178541	ZA	G	fao.org	A B C has a long history dating to the late 1840s. By 1866 just over 3000 ha were under cultivation (Richardson 1985). There was a steady expansion of this
475	1196616	ZA	G	tvsa.co.za	A B C Reply from: # Mel.c # Thursday, November 29, 2012 19:24 PM # Ha nxa ts borin.isidingo up ur game please.hw cn quinton go free # Reply from:
476	1864179	ZA	G	tvsa.co.za	A B C big smile) yo yo yo it realy nice to be hereee............. niyangibulala ha ha sloe queen you are being unfair to mabena he needs that thing man. - Sure
477	1194685	ZA	G	tertia.org	A B C post about this years ago, but I can't find it. Irritating. Ha ! G &D; blog reader T found it for me! Thanks dahlink! #
478	1179199	ZA	G	gamkaecoestate.co.za	A B C River. # Area C (Estate South Mountain Top Sites) # 14/66 4,9137 ha This property begins at the Huisrivier, stretches over the mountains and ends in the
479	1181354	ZA	G	imod.co.za	A B C writing about him here (bet he'll be stoked about the backlink though, ha ha). Now, John preaches all things SEO, he's an optimist
480	1859293	ZA	G	bibleforums.org	A B C . MY name is Kim and I am 50 (51 in September)! HA ! But I don't have any children or grandchildren, though. Re
481	1186879	ZA	G	muvhango.co.za	A B C not keep me anymore so they send me to stay with my uncle in Mohodi ha Manthata Bochum. In April I went back to school, it was a change
482	3604300	ZA	B	zanews.co.za	A B C in my brain. Sorry, been up all night with the baby crying. Ha ha -- no, I can't afford a night nurse. # Anyway,
483	1195613	ZA	G	theseedsman.com	A B C mechanical harvesting. We recommend a plant stand of a minimum of 250m seeds per Ha . This should yield in excess of 13 ton per Ha in a very concentrated
484	1864135	ZA	G	travelstart.com	A B C . Any info on this, anyone? Also, can one apply at any HA office for a new passport, for example if you live in Joburg, can
485	3603164	ZA	B	thebounce.co.za	A B C with the amount he' tonks' in the showers. # GS: Ha ha , so that's not a rumour then? # KP: Nah, calling
486	3596588	ZA	B	bakedtheblog.com	A B C -- there were too many good-looking men in there and its Ramadan after all ( ha ha). THE PRICE: Disappointing # The one benefit about shopping Zara
487	1174433	ZA	G	brucegrimley.com	A B C is to get to your last breath on this planet and have an " Ah Ha " experience. What will people say about you when, in the future,
488	3601847	ZA	B	ride.co.za	A B C very little time at home. Is it possible to pick out a highlight? Ha , yes, it's been a crazy year for me for sure! I
489	3590051	ZA	B	...onallyspeaking.co.za	A B C MSNBC this year, Romney has this weird habit of going, " Ha Ha Ha , " in response to questions he does not want to answer. Milbank pointed
490	3590059	ZA	B	...onallyspeaking.co.za	A B C regularly, however, is the habit of making absurd assumptions. # ha ha ha atleast white people commenting on this blog are honest. Honest in the sense that
491	3601893	ZA	B	...oke-styleguide.co.za	A B C Rosie Huntington Whiteley as we have already mentioned. You think that's enough. Ha ! I laugh in the face of that suggestion. # Actress Sienna Miller has
492	3844778	ZA	B	...aboutsouthafrica.com	A B C that he had the capacity to realize a net farm income of about R7000 per ha in an average year. " My wage expense in the same year is about
493	3598830	ZA	B	gunsite.co.za	A B C of 531 patients treated at an Oakland, CA hospital from 2004 to 2006 # HA ! for all we know it's a quiet area. and we do nt
494	1162576	ZA	G	answerit.news24.com	A B C I, and it's not his first wife either.! Ha ha ha ha Bwahahahahaha, ROTFLMO, that got him, ho ho ho. Thanks friend goodie
495	1176618	ZA	G	cyc-net.org	A B C relationships and describe their experiences as unfortunate. That is until they met me, ha , ha. It is my belief that those afraid to touch in a therapeutic
496	1188481	ZA	G	peaceparks.org	A B C area of South Africa's contribution to the proposed TFCA. # The 30 000 ha Mapungubwe National Park was officially opened on 24 September 2004. A memorandum of understanding
497	1174653	ZA	G	capeaudioforum.com	A B C nt require a heavy presence of the room or overheads in the mix. ( ha ha guess what genre) The cymbals on the kit are as follows # 14
498	1188898	ZA	G	politicsweb.co.za	A B C back up with actions. # Hope you have a blck belt ha ha ha ha or something, remember, no black gangs, the A**********, this is hand
499	1195613	ZA	G	theseedsman.com	A B C after picking. We recommend a plant stand of a minimum of 250m seeds per Ha . This should yield in excess of 12.5 t per Ha over 4 picks.
500	1193055	ZA	G	sowetanlive.co.za	A B C here Report Abuse # Nov 8, 2012 RobinX # HA HA HA HA HA HA. Isn't this what you promised when you took office? And what
