1	1268185	GH	G	pctii.org	A B C fear lest he hasten to do evil to us or be inordinate " (Ta Ha 44). # Lenient talks doesn't not mean censorship at all, but
2	3635980	GH	B	travelblog.org	A B C the seamstress to collect a dress I had ordered at 8.30am that morning (AMAZING ha !). I saw a push-bike and asked the seamstress if she knew who
3	1267429	GH	G	mueller-thomson.com	A B C down to eye-level by putting chopped fruit out on the railing. # Ha ha ha And this was the best view we had, until we were half way up
4	1261794	GH	G	ghanaweb.com	A B C Between his legs with the driver not seeing a thing! ha! ha! ha ! Look at the driver chasing the children away They want to see the pistol
5	3634127	GH	B	moxon.net	A B C These were my best border-crossing clothes; I hoped they would do. # ' Ha !' laughed Mr Prempeh.' Of course, I understand, it is
6	1236640	GH	G	...hanadistricts.gov.gh	A B C for Accra Metropolitan Area in 2000 was 10.03 person per hectare compared to 6.23 per ha . in 1970. The highest densities were recorded in Accra Metropolitan Assembly with an
7	1252242	GH	G	brianmayworld.com	A B C , so it's " The Stick " I suppose... " (ha, ha !!) Spike was on keyboard, Jamie Moses and Clayton Moss took care
8	1263055	GH	G	gsoi.org	A B C not frightened of the microphone which would broadcast his disability to the whole world! Ha , little did I know -- when given the chance, he managed to stifle
9	1254653	GH	G	fao.org	A B C In 2000, the total water-managed area in Ghana was estimated to be 30 900 ha (Table 5). In fact, this corresponds to the area under full
10	1270905	GH	G	thewordswithin.org	A B C is integrity after all you may ask? You could say that Integrity is to ha good moral values, to be righteous, honest, trust worthy, reliable,
11	1812312	GH	G	nafagfish.org	A B C 1,000 fish farmers and over 2000 ponds with a total surface area of about 350 ha . Total annual production from aquaculture currently stands at about 1000 MT only. #
12	1246659	GH	G	portaltoafrica.com	A B C # At 62, she lives in a neat neighbourhood of cinder block homes in Ha Seoehlana village. The new homes are close to a main road, giving children
13	1264936	GH	G	michaelchuck.com	A B C this thing. # Cardboard.... It was made of cardboard! HA HA HA HA HA HAAAAA! # The story of my young life. Once
14	1261794	GH	G	ghanaweb.com	A B C delight; The Motoka You see that Benz sitting at the rich's end? Ha ! That motoka is motoka It belongs to the Minister for Fairness Who yesterday was
15	1256170	GH	G	ghanacommunity.com	A B C I? m ready! # I can? t wait to taste him. Ha , he says that of me all the time. Like, he will call
16	3635194	GH	B	sodzisodzi.com	A B C of different stock and are not prepared to tolerate one another. "! # Ha ! So there you have it. In the health sector, they are not
17	1244051	GH	G	...ws.peacefmonline.com	A B C Dirt? Earth? Growth. I kind of dug that. (Ha, ha ! Get it?) Seriously, there was strength behind it. And my
18	1256060	GH	G	ghanacelebrities.com	A B C manipulated, listen to your self, so people like you get mouth to talk ha ? aaaah anokwa sem paa se, hmmm so what you are saying is that
19	1254717	GH	G	fcwc-fish.org	A B C of the Niger Delta and other major rivers, estimated to be about 858 000 ha . It is a low-technology, labour-intensive fishery, using canoes 6 to 13 m
20	3635971	GH	B	travelblog.org	A B C because I am this close to punching your face in for being so lazy! Ha , ok, not that harsh, but was one of, I am not
21	1243982	GH	G	...ws.peacefmonline.com	A B C of money before the ship is collected; whilst the ship is in port it ha to be maintained; who is going to pay the cost; this is a
22	1251350	GH	G	anti-scam.org	A B C only way to do this right. # From Unknown (SHE) # HA HA HA HA CHECK THIS http: **35;2947;TOOLONG and you understand whome you are going
23	3628781	GH	B	asedaradio.com	A B C and average size of land acquired range from 20 0000 ha and 2 000 000 ha . All land required was arable and used by local populations. # The main
24	1240895	GH	G	ghanareporters.com	A B C for it. " These days they say education will be free... Ha! Ha ! Ha! The free one, the free one, ha! Ha!
25	1265013	GH	G	mobile.ghanaweb.com	A B C 07:39:44 Hmm atta of all people wanting to go back to school unbelivable... ha ha is it truly serious or joke maybe he wants a way out from nsawam prison
26	1239183	GH	G	...ns.peacefmonline.com	A B C you are going to pay, you will pay:? Ha! Ha! Ha !? # Sounding very excited that he was speaking from the bottom of his
27	1254654	GH	G	fao.org	A B C during low rainfall periods. # The cultivable area is estimated to be 10 million ha , which is 42 percent of the total area of the country and this (
28	1258001	GH	G	ghanamma.com	A B C I would cry through the whole thing. And that is definitely not sexy. Ha ! So about a year ago, I decided to take myself off of the
29	1239183	GH	G	...ns.peacefmonline.com	A B C price for it. # ? These days they say education will be free? Ha ! Ha! Ha! The free one, the free one, ha!
30	1268185	GH	G	pctii.org	A B C # Essential to propagating task is acting as much as we are capable. Allah ha revealed His words to the interlocutors based on their levels of capabilities " Allah imposes
31	1260570	GH	G	ghanaweb.com	A B C like the foreigners do it, we were also going to have a Jubilee. Ha , ha, ha! It was very expensive and dripped with overflowing graft,
32	1254654	GH	G	fao.org	A B C # Rehabilitating existing small- and medium-scale irrigation projects with a total area of 3 500 ha . # Rehabilitating 44 and 20 dams in the Upper East and Upper West regions
33	1265569	GH	G	modernghana.com	A B C or skip a rope. Did anyone ever say,' Ha! Ha! Ha ! I can do that better than you can?' Well that person was
34	1240557	GH	G	...anaian-chronicle.com	A B C rules a little; # that is the way the system operates; # Ghana ha dee saara na ye ye no; # who is going to know?;
35	1248014	GH	G	thebluegger.com	A B C ITK is better informed. Sturridge has TWO years of his contract to run. Ha ! Sturridge's contract expires next year, June 2013. He is yet to
36	1242080	GH	G	...graham.wordpress.com	A B C . To quote Wanlov, " Mek I laugh in capital letters -- HA HA HA ". # Like listening to American hip-hop and not getting all the references,
37	3632596	GH	B	maameous.com	A B C spot for Ghana **35;3917;TOOLONG Tales of the Globetrotting Life # lol Faf - imaginary haters. ha ! Question: Do most people really give a shit about what anyone is up
38	1239183	GH	G	...ns.peacefmonline.com	A B C give your children education you are going to pay, you will pay:? Ha ! Ha! Ha!? # Sounding very excited that he was speaking from
39	1256048	GH	G	ghanacelebrities.com	A B C ha ha ha... hooker and like i said bite me.... ha ha ha ha ... # +1 KikuyuChic Reply: April 29th, 2012 at 10:53 # Kwaku ,
40	3632585	GH	B	maameous.com	A B C Esi..., I can see that'' Methode asore fuo do so wo ha paa''. In my church the response to Emmanuel is God is with
41	1253559	GH	G	dailyguideghana.com	A B C claim the nation does not have the wherewithal to finance such a policy. # Ha , ha, ha! Even if their claim is true, I can promise
42	1256101	GH	G	ghanacelebrities.com	A B C this? maybe jackie appiah is paying you to do this because she know yvonne ha s taken over from her popularity. we all too are not foolish. this
43	3632569	GH	B	lyricsingh.com	A B C give you pressure we can be your heart, wan be together but remember 3ny3 ha na wo b3 da (haha) and i wan corner daily, i no
44	3622458	GH	B	...oodsecurityghana.com	A B C These investors are not stupid. The fact that one claims that they have 400k ha does not mean you should go off on without checking. As responsible journalist you
45	1243984	GH	G	...ws.peacefmonline.com	A B C ! Ha! Ha! The free one, the free one, ha! Ha ! the free one, free is good but I think that if you really
46	3632413	GH	B	kencity.com.gh	A B C 's fertilizer application rate to at least 50 kilogrammes (kg) per hectare ( ha ). This became necessary after statistics showed that Ghana's fertilizer application rate was
47	1264936	GH	G	michaelchuck.com	A B C thing. # Cardboard.... It was made of cardboard! HA HA HA HA HA HAAAAA! # The story of my young life. Once again
48	1251496	GH	G	...eman.freeservers.com	A B C from the sky to settle in a place she later named Asiakwa (Yebe sii ha kwa - We descended and arrived here without our intension to stay) in the
49	1240895	GH	G	ghanareporters.com	A B C the kind of knowledge they will bring home to you... ha! Ha! Ha ! " Pastor Otabil said. According to Pastor Mensa Otabil, it would be
50	1254654	GH	G	fao.org	A B C this (the sum of arable land and permanent crops) was about 6.33 million ha in 2002 (Table 2). # The country's population is about 21.4
51	1810552	GH	G	ghanaweb.com	A B C three inside yours. All of us have how many? Two! Ha! ha ! ha! So we are going to pick up courage. Ghanaians need us
52	1264936	GH	G	michaelchuck.com	A B C Cardboard.... It was made of cardboard! HA HA HA HA HA HAAAAA! # The story of my young life. Once again, my most
53	1239184	GH	G	...ns.peacefmonline.com	A B C children otherwise the kind of knowledge they will bring home to you? ha! Ha ! Ha!? Pastor Otabil said. # According to Pastor Mensah Otabil,
54	1810515	GH	G	ghanaweb.com	A B C you have three inside yours. All of us have how many? Two! Ha ! ha! ha! So we are going to pick up courage. Ghanaians
55	1240895	GH	G	ghanareporters.com	A B C ... Ha! Ha! Ha! The free one, the free one, ha ! Ha! the free one, free is good but I think that if
56	1238421	GH	G	...ussions.ghanaweb.com	A B C the names he has mentioned with: Succinct, Ksarp, Soccerman, Sika wo ha , etc. # Point well taken Mawelulu written by mzimkhulu nyeka, May 02
57	1809752	GH	G	ghanamma.com	A B C a few hours later # He wrote:' Making up with ChloeSims in aura ha #imsorry.' # Meanwhile, Chloe has hit back at her former TOWIE co-star
58	1261794	GH	G	ghanaweb.com	A B C his darly Between his legs with the driver not seeing a thing! ha! ha ! ha! Look at the driver chasing the children away They want to see
59	3621415	GH	B	blog.esoko.com	A B C traders in Techiman, who have been in the maize business for many years, ha ve long standing contacts with maize farmers from around the villages in the middle belt
60	1264675	GH	G	maameous.com	A B C exchanged com-cards and requested you accept my friendship invitation on FB.. ya digg? ha aha ah..! # Met Kwame Sefa-Kayi at my brother's pre-wedding bachelor's
61	1267750	GH	G	nkyea.com	A B C to get off here, please # Or you can say # Gyina w? ha # Stop here # When you are giving the driver the money you can say
62	1257837	GH	G	ghanamma.com	A B C Soil... Dirt... Earth... Growth. I kind of dug that. ( Ha , ha! Get it?) Seriously, there was strength behind it.
63	1259568	GH	G	ghanasoccernet.com	A B C works and excel in life, go to hell. # Jealousy? Ha ha ha haaaa POW, you have no idea who you are talking to, I am
64	1262927	GH	G	...ntulipaccrahotel.com	A B C of continental and Ghanaian cuisine, in addition to a daily changing themed buffet. Ha ve a leisurely breakfast, a small bite to eat, lunch, or lounge
65	3624227	GH	B	joycemeng.com	A B C stands as desks for employees. As for walking faster to the local Ugandans, ha , that's more interesting. Why? It shows the' pace of life
66	1239184	GH	G	...ns.peacefmonline.com	A B C give your children education you are going to pay, you will pay:? Ha ! Ha! Ha!? # Sounding very excited that he was speaking from
67	3632599	GH	B	maameous.com	A B C at church) with a prayer. To which I say, Amen! ( HA HA). It is never ok to not be a Christian in Ghana,
68	3623442	GH	B	ghanavoice.com	A B C important to have passion in a relationship in order for it to last... Ha Ha Ha Ha Ha!!! # These poor women don't have a clue
69	1254654	GH	G	fao.org	A B C 300 ha for sprinkler irrigation, of which 580 ha public schemes and 5 720 ha private schemes (Figure 2). Surface water is primarily used to irrigate the
70	1269142	GH	G	...lidaridadnetwork.org	A B C traditional long houses) have small plantations (average size of farms of around 5-10 ha ) and yields that do not exceed 12 tons of FFB per hectare per year
71	1254653	GH	G	fao.org	A B C which 8 007 ha public schemes, 4 693 ha private schemes and 11 900 ha informal peri-urban irrigation, and 6 300 ha for sprinkler irrigation, of which 580
72	1256048	GH	G	ghanacelebrities.com	A B C ... ROTFL.... ha ha ha... hooker and like i said bite me.... ha ha ha ha... # +1 KikuyuChic Reply: April 29th, 2012 at 10:53
73	1253863	GH	G	daringopinion.com	A B C b becomes indistinguishable from t, th, and n; the letter j from ha , and kh; the letter d from dh; the letter r from z
74	3633772	GH	B	modernghana.com	A B C the cup, Mandela we are pleased to have you take it, ha, ha ,. # Abedi Pele announced his international retirement in the midst of the'
75	1267429	GH	G	mueller-thomson.com	A B C encouraged them down to eye-level by putting chopped fruit out on the railing. # Ha ha ha And this was the best view we had, until we were half
76	1254654	GH	G	fao.org	A B C estimated that 24 600 ha are equipped for surface irrigation, of which 8 007 ha public schemes, 4 693 ha private schemes and 11 900 ha informal peri-urban irrigation
77	1264657	GH	G	lyricsingh.com	A B C mwaa as a present mi p3 s33 daa kyi mu di mi nyum y3 reference ha it was'nt easy coming up charlie pressure nu d)) su i think av
78	1246060	GH	G	oneghanaonevoice.com	A B C drop of bitter struggles with their roots in foreign lands.i will write in english still ha ha ha. i still feel the alienation. someone has to translate my works for
79	1257837	GH	G	ghanamma.com	A B C Dirt... Earth... Growth. I kind of dug that. (Ha, ha ! Get it?) Seriously, there was strength behind it. And my
80	1249405	GH	G	...hanadistricts.gov.gh	A B C representing the main users of agricultural land. The average farm sizes vary from 0.5 ha to 2.4 ha. # The predominant type of farm labour is from the immediate
81	1259257	GH	G	ghananation.com	A B C highww. The beaches a> mm ml mt region are very popular for pKacs. k ha aaafcea hotels for your relaunec G Lv Breni Akyinim: Great beach ad ncaas ar
82	1806221	GH	G	mobile.ghanaweb.com	A B C anything no matter good or bad. Sir John amused anything he is on air ha . LOOSER SIR JOHN.. ENOUGH WITH UR RUBISH LOOK AT THIS MAN
83	1805034	GH	G	...tion.myjoyonline.com	A B C did not disclose it to us but the top hierachy of NDC. The NDC ha no reliable person at that time so they decided to maintain him. In the
84	1244051	GH	G	...ws.peacefmonline.com	A B C Soil? Dirt? Earth? Growth. I kind of dug that. ( Ha , ha! Get it?) Seriously, there was strength behind it.
85	1260856	GH	G	ghanaweb.com	A B C me when his checks came in I was not getting a piece whatever he had ha sent to Africa. I had a daughter and I had fellows who wanted to
86	1239702	GH	G	...oodsecurityghana.com	A B C MT/kg to 3.21 MT/kg; # Increase the area under cultivation by 197% from 162,000 ha to 397,403 ha; # A combination of above, or # Frustrating current importers
87	1271188	GH	G	travelblog.org	A B C in the suspension of the... more info # 3 for 1, Ha ! try 4 for 1!!! Jonny!! So your 3 for
88	3631637	GH	B	ghanavillage.com	A B C there too. Who do we cry to, the government? Ha ha ha ha ? that's so funny. We have tried that, have we not?
89	1268663	GH	G	repent-believe.com	A B C find some relevance by saying something like this to their generation, " Ha, ha , we don't know there's a heaven. We don't know there
90	1264672	GH	G	maameous.com	A B C thing that what could have been a nice talk ended in deafening silence. # Ha , it's getting steamy in here. Owl-man, you learned from tv?
91	1245953	GH	G	omgghana.com	A B C that Rooney's poor performance in the 1-0 loss to Everton in the season opener ha d exasperated Sir Alex Ferguson so much that he had benched the 26-year old striker
92	1254653	GH	G	fao.org	A B C bottoms are coming under increasing use. It is believed that overall about 27 900 ha of the total of 30 900 ha equipped, or 90 percent, were actually
93	3634132	GH	B	moxon.net	A B C a closer look and noticed that the shapes rotated on the poles. # ' Ha , no, they are not prayer wheels,' said Frank.' Do
94	1267429	GH	G	mueller-thomson.com	A B C them down to eye-level by putting chopped fruit out on the railing. # Ha ha ha And this was the best view we had, until we were half way
95	1811794	GH	G	modernghana.com	A B C you have three inside yours. All of us have how many? Two! Ha ! ha! ha! So we are going to pick up courage. Ghanaians
96	1808331	GH	G	biztechafrica.com	A B C you realise you were the pioneer of a majorly successful global communication tool? Neil> Ha , well I didn't even think about it b4 it was widely reported on
97	3622457	GH	B	...oodsecurityghana.com	A B C the CIA World Fact Book Ghana has 3.99 million ha arable land with 2.075 million ha under permanent crops. This means that more than 37 percent of Ghana's cropland
98	1254654	GH	G	fao.org	A B C categorized as follows (Figure 3): # Informal peri-urban irrigation: 11 900 ha . This area refers to peri-urban irrigation in the Kumasi area only. It is
99	1256284	GH	G	ghanadistricts.com	A B C for Accra Metropolitan Area in 2000 was 10.03 person per hectare compared to 6.23 per ha . in 1970. The highest densities were recorded in Accra Metropolitan Assembly with an
100	1254654	GH	G	fao.org	A B C bottoms are coming under increasing use. It is believed that overall about 27 900 ha of the total of 30 900 ha equipped, or 90 percent, were actually
101	1262021	GH	G	gillbt.org	A B C FM. The reason they gave was this:' Brofo dea emmoa yen wo ha " litterally, english will not help us here. we listened to them and
102	3635964	GH	B	travelblog.org	A B C always knew you were that girl and this is what makes this so funny.. ha ha ha
103	1254653	GH	G	fao.org	A B C # Rehabilitating existing small- and medium-scale irrigation projects with a total area of 3 500 ha . # Rehabilitating 44 and 20 dams in the Upper East and Upper West regions
104	3622475	GH	B	...oodsecurityghana.com	A B C area under rice cultivation must increase (base = 2008) from 132,92 hectare ( Ha ) to 265,842 Ha while yields must increase from 1.36 metric ton (MT)
105	1259603	GH	G	ghanasoccernet.com	A B C ZUGZWANG moment and are gradually losing hope in CK AKKUNOR. Ha, ha, ha , ha, Laryea Kingston is by now desperate to capitalize on his renowned power
106	1243984	GH	G	...ws.peacefmonline.com	A B C children otherwise the kind of knowledge they will bring home to you? ha! Ha ! Ha!? I don? t think a man should say, I
107	1254654	GH	G	fao.org	A B C in the 22 public irrigation schemes, only 5 600 ha of the 8 587 ha equipped, or 65 percent, were actually irrigated. This is due to deterioration
108	1250709	GH	G	ajol.info	A B C Abstract # Tree species in two contrasting forests were evaluated on three plots of 0-19 ha (0.57 ha) in each secondary forest. Tree species populations were 44 in
109	1239184	GH	G	...ns.peacefmonline.com	A B C it. # ? These days they say education will be free? Ha! Ha ! Ha! The free one, the free one, ha! Ha!
110	1242081	GH	G	...graham.wordpress.com	A B C in particular. To quote Wanlov, " Mek I laugh in capital letters -- HA HA HA ". # Like listening to American hip-hop and not getting all the
111	1271116	GH	G	touringghana.com	A B C Akan # Please # Mepaokyew # Good Morning # Maakye # Good Afternoon # Maa ha # Good Evening # Maa - Adjo # Good Night # Da-Yie # Farewell #
112	1264936	GH	G	michaelchuck.com	A B C # Cardboard.... It was made of cardboard! HA HA HA HA HA HAAAAA! # The story of my young life. Once again, my
113	1239184	GH	G	...ns.peacefmonline.com	A B C # ? These days they say education will be free? Ha! Ha! Ha ! The free one, the free one, ha! Ha! the free
114	1242080	GH	G	...graham.wordpress.com	A B C particular. To quote Wanlov, " Mek I laugh in capital letters -- HA HA HA ". # Like listening to American hip-hop and not getting all the references
115	1256125	GH	G	ghanacelebrities.com	A B C blogging was your hobby! But i guess nothing beats working from home right? Ha i see........ # I am currently studying to write the New York Bar exams
116	1810229	GH	G	ghanasoccernet.com	A B C the players 5. Lastly He should be very Bold and he will succeed # Ha ha ha ha. What a joke. K Appiah as Black Stars coach?
117	1251680	GH	G	aweusa.com	A B C On-line Application Status' on the web which will be updated periodically. # AWE ha s appointed a team of fully trained Representatives who can answer questions on all aspects
118	3621586	GH	B	cameronduodu.com	A B C with colonial practice. What was that charge? " Inciting a riot "! Ha -- where have we heard that before? Those who know African history can immediately
119	3624699	GH	B	...nghana.wordpress.com	A B C meeting with Nana, the fetish priest, who killed the suspected thief. ( ha ) # Anyways, I get to the Assistant Metro Engineer's office, we
120	1251350	GH	G	anti-scam.org	A B C way to do this right. # From Unknown (SHE) # HA HA HA HA CHECK THIS http: **35;2947;TOOLONG and you understand whome you are going to
121	3621587	GH	B	cameronduodu.com	A B C . " And I left the Ministry in a bit of a huff. # Ha ! Apparently, Kotei wasn't satisfied and got the Special Branch to pick me
122	1241848	GH	G	iphoneunlocksos.com	A B C This game has no lag-time to which you can totally enjoy this game continuously and ha great gaming graphics too. # Real Racing. A game that will take you
123	3806504	GH	B	rants.niiparkes.com	A B C currently the most' powerful' country in world, Ghana (ha, ha ha ) - current chair of the UN security council (link to news) and
124	3632576	GH	B	maameous.com	A B C one in my family hears the strange language he speaks with his folks.... ha ha ha!!! At that point it would be too late anyway.... I
125	1242081	GH	G	...graham.wordpress.com	A B C . To quote Wanlov, " Mek I laugh in capital letters -- HA HA HA ". # Like listening to American hip-hop and not getting all the references,
126	1254653	GH	G	fao.org	A B C has been estimated at 1.9 million ha. Another estimate of potential gives 0.7 million ha for small-scale irrigated sawah rice farming (bunding, levelling and puddling fields for irrigated
127	3630152	GH	B	flyglobalmusic.com	A B C ! He couldn't, so he gave me Nev's number instead... ha ha ! They have all been vital ingredients to the emanative' solar-sound-system', Jessica
128	1240895	GH	G	ghanareporters.com	A B C high price for it. " These days they say education will be free... Ha ! Ha! Ha! The free one, the free one, ha!
129	1260495	GH	G	ghanaweb.com	A B C the Clintons, they talk about Ghana. When we meet the Bush family, ha ha, not often, they also tell us a bit about what they saw
130	3632580	GH	B	maameous.com	A B C an ogyacious sister, nor am i impressed by the ogyacious brothers). # ha ha ha. spot on. but you forgot the single and O-four-one women looking
131	1243982	GH	G	...ws.peacefmonline.com	A B C of money before the ship is collected; whilst the ship is in port it ha to be maintained; who is going to pay the cost; this is a
132	1242654	GH	G	...nghana.wordpress.com	A B C for synergy between regions, 4 in particular-Accra, Central, Ashanti and Western. Ha ! Not when Accra gobbles up all arrivals and spits its tourists out for day
133	1260570	GH	G	ghanaweb.com	A B C foreigners do it, we were also going to have a Jubilee. Ha, ha , ha! It was very expensive and dripped with overflowing graft, but we
134	1242980	GH	G	mobile.ghanaweb.com	A B C : 2012-11-12 11:20:45 tell ghanaians what you want to do for the nation. you ha a free education from the nations hard earn money, your father could have paid
135	1254654	GH	G	fao.org	A B C # Evolution of irrigation development # Total irrigation potential has been estimated at 1.9 million ha . Another estimate of potential gives 0.7 million ha for small-scale irrigated sawah rice farming
136	1254653	GH	G	fao.org	A B C 693 ha private schemes and 11 900 ha informal peri-urban irrigation, and 6 300 ha for sprinkler irrigation, of which 580 ha public schemes and 5 720 ha private
137	1252252	GH	G	brianmayworld.com	A B C this fall so try and get there. # BrianMay: What drives me? ha ha, the car joke? The Driven By You thing is not a joke
138	1805971	GH	G	...graham.wordpress.com	A B C particular. To quote Wanlov, " Mek I laugh in capital letters -- HA HA HA ". # Like listening to American hip-hop and not getting all the references
139	1259257	GH	G	ghananation.com	A B C the historic Elmina Castle. E 13 GomoaFetteh: 11 1 I IT ill III ha a a Accra-Winneba highww. The beaches a> mm ml mt region are very popular
140	3625035	GH	B	...ational-messages.com	A B C , the less you can worry. Kind of confusing? Not to worry! Ha ha ha... If we just start spending more time in a state of natural
141	1254653	GH	G	fao.org	A B C irrigated in 2000, while in the 22 public irrigation schemes, only 5 600 ha of the 8 587 ha equipped, or 65 percent, were actually irrigated.
142	1256124	GH	G	ghanacelebrities.com	A B C do. Don't have time for ignorant and disrespectful people like u. 5 figures ha lets c how dat will last # Syndeytish , the guy is too known yet
143	3622437	GH	B	...oodsecurityghana.com	A B C (Canada). According to the CIA World Fact Book Ghana has 3.99 million ha arable land with 2.075 million ha under permanent crops. This means that more than
144	1256060	GH	G	ghanacelebrities.com	A B C Nadia doing something like this with kids, it means that the kids are manipulated ha ? well you go stand infront of your mirrow that is if you have one
145	1254654	GH	G	fao.org	A B C to support the livestock development projects. # Surveying, designing and developing 1 000 ha of small-scale irrigation projects in the northern and southern parts of the country where rainfall
146	1254653	GH	G	fao.org	A B C estimated that 24 600 ha are equipped for surface irrigation, of which 8 007 ha public schemes, 4 693 ha private schemes and 11 900 ha informal peri-urban irrigation
147	1258025	GH	G	ghanamma.com	A B C years. # Greta Gerwig, who stars in Noah Baumbach's delightful film Frances Ha , which is set in today's New York and shot in black and white
148	1242658	GH	G	...nghana.wordpress.com	A B C . All we seem to be doing is pushing them away!! # Ha ha ha.. You are right. Ghanaians will see going to Stonehedge as a waste
149	1253559	GH	G	dailyguideghana.com	A B C not have the wherewithal to finance such a policy. # Ha, ha, ha ! Even if their claim is true, I can promise them that just as
150	3633772	GH	B	modernghana.com	A B C than words or be forever damned.LORD HAVE MERCY ON US ALLFOR PRAYERS SHALL DESPERATELY ASCEND HA , HA, ENJOY YOURSELVES!
151	1239184	GH	G	...ns.peacefmonline.com	A B C of your children otherwise the kind of knowledge they will bring home to you? ha ! Ha! Ha!? Pastor Otabil said. # According to Pastor Mensah
152	1246171	GH	G	...nion.myjoyonline.com	A B C are in the minority. # Most ladies of today are the? aben wo ha ? type. They want already-made guys to date, and perhaps, to marry
153	1810229	GH	G	ghanasoccernet.com	A B C . Lastly He should be very Bold and he will succeed # Ha ha ha ha . What a joke. K Appiah as Black Stars coach? What a joke
154	3629756	GH	B	davidajao.com	A B C them... even more than the effects of the posters you saw at Ibadan. Ha !, If there is any thing " potential " traders should be warned of
155	1255403	GH	G	ghana.gov.gh	A B C Mined Out Areas. # The Ministry is undertaking studies in the Yakaso (35.7 ha ) and Tontokrom (115 ha) in the Ashanti Region and at Adjakaa-Manso (
156	1246484	GH	G	...tics.myjoyonline.com	A B C and Ablakwa in this case is speaking for the latter not government. spare! ha !!!!! # indeed IEA's debate was a start in the
157	1268663	GH	G	repent-believe.com	A B C tried to find some relevance by saying something like this to their generation, " Ha , ha, we don't know there's a heaven. We don't
158	3632599	GH	B	maameous.com	A B C church) with a prayer. To which I say, Amen! (HA HA ). It is never ok to not be a Christian in Ghana, and
159	3625035	GH	B	...ational-messages.com	A B C the less you can worry. Kind of confusing? Not to worry! Ha ha ha... If we just start spending more time in a state of natural relaxation
160	1239184	GH	G	...ns.peacefmonline.com	A B C you are going to pay, you will pay:? Ha! Ha! Ha !? # Sounding very excited that he was speaking from the bottom of his
161	1240219	GH	G	...hana.wagggsworld.org	A B C ##1240220 Camping # Este texto no ha sido traducido todava # There's something for everyone to enjoy at camp, new
162	1259703	GH	G	ghanatoghana.com	A B C . For the first time in several years, 40,000 farmers in 2011 cultivated 23,000 ha of cotton in the three northern regions. Prior to that, the total number
163	1810552	GH	G	ghanaweb.com	A B C yours. All of us have how many? Two! Ha! ha! ha ! So we are going to pick up courage. Ghanaians need us to come
164	1240895	GH	G	ghanareporters.com	A B C children otherwise the kind of knowledge they will bring home to you... ha! Ha ! Ha! " Pastor Otabil said. According to Pastor Mensa Otabil, it
165	1253394	GH	G	copal-cpa.org	A B C in Cameroon. They also have better productivity, some 700 kg to 1000 kg/ ha after eighteen months, against 369 kg/ha after five to six years for the traditional
166	1260570	GH	G	ghanaweb.com	A B C it, we were also going to have a Jubilee. Ha, ha, ha ! It was very expensive and dripped with overflowing graft, but we organized and
167	1810515	GH	G	ghanaweb.com	A B C yours. All of us have how many? Two! Ha! ha! ha ! So we are going to pick up courage. Ghanaians need us to come
168	1267077	GH	G	modernghana.com	A B C no1 keeper, these Abidjan people have got to fear me', ha, ha , ha, I watched him live just once and it was against league champs
169	1254654	GH	G	fao.org	A B C equipped for surface irrigation, of which 8 007 ha public schemes, 4 693 ha private schemes and 11 900 ha informal peri-urban irrigation, and 6 300 ha for
170	1259465	GH	G	ghanasoccernet.com	A B C day b4? Master, make una luk serious oh.... yen di agoro wo ha
171	3622457	GH	B	...oodsecurityghana.com	A B C the land, mostly growing food for local consumption. # A total of 769,000 ha has been acquired by foreign companies such as Agroils (Italy), Galten Global
172	3805355	GH	B	ebuzzafrica.com	A B C Afolabi Delta State University, Abraka, Nigeria # Nothing can redeem ds idiot frm ha foolishness! Goldie is so daft, of ol d people in d house u
173	1252242	GH	G	brianmayworld.com	A B C Josh), so it's " The Stick " I suppose... " ( ha , ha!!) Spike was on keyboard, Jamie Moses and Clayton Moss
174	1809068	GH	G	ghana-holiday.com	A B C largest open market in West Africa, dubbed the Kejetia Market! Situated on 12 ha landscape, this market boast of about ten thousand traders, who trade in goods
175	1242081	GH	G	...graham.wordpress.com	A B C particular. To quote Wanlov, " Mek I laugh in capital letters -- HA HA HA ". # Like listening to American hip-hop and not getting all the references
176	1254653	GH	G	fao.org	A B C informal peri-urban irrigation, and 6 300 ha for sprinkler irrigation, of which 580 ha public schemes and 5 720 ha private schemes (Figure 2). Surface water
177	1254653	GH	G	fao.org	A B C equipped for surface irrigation, of which 8 007 ha public schemes, 4 693 ha private schemes and 11 900 ha informal peri-urban irrigation, and 6 300 ha for
178	1805971	GH	G	...graham.wordpress.com	A B C in particular. To quote Wanlov, " Mek I laugh in capital letters -- HA HA HA ". # Like listening to American hip-hop and not getting all the
179	1254654	GH	G	fao.org	A B C It is believed that overall about 27 900 ha of the total of 30 900 ha equipped, or 90 percent, were actually irrigated in 2000, while in the
180	1243984	GH	G	...ws.peacefmonline.com	A B C of your children otherwise the kind of knowledge they will bring home to you? ha ! Ha! Ha!? I don? t think a man should say
181	1264672	GH	G	maameous.com	A B C '. Back in Uni when i told friends i've watched porn before........ ha I was doomed for the rest of my stay on campus. And this also
182	1256048	GH	G	ghanacelebrities.com	A B C filthy mouth of yours? May i recommend Listerine or Crest... ROTFL.... ha ha ha... hooker and like i said bite me.... ha ha ha ha...
183	1243984	GH	G	...ws.peacefmonline.com	A B C # ? These days they say education will be free? Ha! Ha! Ha ! The free one, the free one, ha! Ha! the free
184	1269528	GH	G	spyghana.com	A B C " Man: " Babe, you are scaring me! " Woman: " Ha ! and pastor said it! " Man: " Pastor said what? "
185	1237239	GH	G	....inthenameoflove.org	A B C hoping maybe you would ha ... # ... Yesterday, while I was
186	3633308	GH	B	modernghana.com	A B C (Canada). According to the CIA World Fact Book Ghana has 3.99 million ha arable land with 2.075 million ha under permanent crops. This means that more than
187	1805664	GH	G	ghanareporters.com	A B C . After a few minutes, I heard a voice saying " Any? mi ha ma gbabo sane ko ". He introduced himself as Lartey Tsulu III and started
188	1243092	GH	G	mofa.gov.gh	A B C ; irrigated agricultural land has increased by 1.8% from 29,804 ha in 2009 to 30,345 ha in 2011; # Rice production in Ghana increased from 181,000 metric tonnes (mt
189	1253559	GH	G	dailyguideghana.com	A B C nation does not have the wherewithal to finance such a policy. # Ha, ha , ha! Even if their claim is true, I can promise them that
190	1240895	GH	G	ghanareporters.com	A B C children education you are going to pay, you will pay:... Ha! Ha ! Ha! " Sounding very excited that he was speaking from the bottom of
191	1242658	GH	G	...nghana.wordpress.com	A B C forward. All we seem to be doing is pushing them away!! # Ha ha ha.. You are right. Ghanaians will see going to Stonehedge as a
192	3626125	GH	B	oneghanaonevoice.com	A B C " Oh, you are an Ewe (pronounced wrongly as " Iwi ") Ha , Kofi Awoonor -- The Sea is Eating Our Land ". I found it
193	1239702	GH	G	...oodsecurityghana.com	A B C MT/kg; # Increase the area under cultivation by 197% from 162,000 ha to 397,403 ha ; # A combination of above, or # Frustrating current importers of rice.
194	1241064	GH	G	ghanasoccernet.mobi	A B C to caf till something is done about it. # Clottey this Clottey that... ha , come on guys, you were overwhelmed 4-1 n you blame the ref.....
195	1811794	GH	G	modernghana.com	A B C yours. All of us have how many? Two! Ha! ha! ha ! So we are going to pick up courage. Ghanaians need us to come
196	1240895	GH	G	ghanareporters.com	A B C you are going to pay, you will pay:... Ha! Ha! Ha ! " Sounding very excited that he was speaking from the bottom of his heart
197	1264659	GH	G	lyricsingh.com	A B C and suskid, banky and wizkid Charlie tonite am gon na prove you wrong ha ha And am gon na make you fall in love And am gon na make you
198	1265569	GH	G	modernghana.com	A B C play football or skip a rope. Did anyone ever say,' Ha! Ha ! Ha! I can do that better than you can?' Well that
199	1247005	GH	G	samuelobour.com	A B C we will all be required to have an RFID chip underneath the skin. Testing ha s begun with implanting under the skin of the hand. (I will send
200	3622475	GH	B	...oodsecurityghana.com	A B C must increase (base = 2008) from 132,92 hectare (Ha) to 265,842 Ha while yields must increase from 1.36 metric ton (MT) per Ha to 2.04
