lemma,decade,freq,words_m,per_mil
oh,1820,2652,7.0,378.86
oh,1830,4160,13.7,303.65
oh,1840,5112,15.8,323.54
oh,1850,5539,16.5,335.7
oh,1860,6571,16.9,388.82
oh,1870,8969,18.8,477.07
oh,1880,10363,20.1,515.57
oh,1890,9103,20.4,446.23
oh,1900,11734,22.0,533.36
oh,1910,13016,23.1,563.46
oh,1920,11844,25.7,460.86
oh,1930,28154,27.7,1016.39
oh,1940,21141,27.4,771.57
oh,1950,28500,28.7,993.03
oh,1960,32785,29.1,1126.63
oh,1970,27533,28.8,956.01
oh,1980,24435,29.9,817.22
oh,1990,25524,33.1,771.12
oh,2000,25047,34.8,719.74
oh,2010,27981,35.5,788.2
no,1820,2802,7.0,400.29
no,1830,3950,13.7,288.32
no,1840,5326,15.8,337.09
no,1850,5882,16.5,356.48
no,1860,6062,16.9,358.7
no,1870,7465,18.8,397.07
no,1880,8532,20.1,424.48
no,1890,7553,20.4,370.25
no,1900,8813,22.0,400.59
no,1910,9515,23.1,411.9
no,1920,9547,25.7,371.48
no,1930,21221,27.7,766.1
no,1940,19175,27.4,699.82
no,1950,23283,28.7,811.25
no,1960,28854,29.1,991.55
no,1970,26592,28.8,923.33
no,1980,26871,29.9,898.7
no,1990,29786,33.1,899.88
no,2000,31359,34.8,901.12
no,2010,33379,35.5,940.25
yes,1820,1908,7.0,272.57
yes,1830,3049,13.7,222.55
yes,1840,4359,15.8,275.89
yes,1850,5662,16.5,343.15
yes,1860,6751,16.9,399.47
yes,1870,9206,18.8,489.68
yes,1880,10774,20.1,536.02
yes,1890,8856,20.4,434.12
yes,1900,11057,22.0,502.59
yes,1910,12330,23.1,533.77
yes,1920,11309,25.7,440.04
yes,1930,23887,27.7,862.35
yes,1940,21133,27.4,771.28
yes,1950,23255,28.7,810.28
yes,1960,27859,29.1,957.35
yes,1970,20798,28.8,722.15
yes,1980,17897,29.9,598.56
yes,1990,18092,33.1,546.59
yes,2000,16688,34.8,479.54
yes,2010,16879,35.5,475.46
yeah,1820,0,7.0,0.0
yeah,1830,0,13.7,0.0
yeah,1840,1,15.8,0.06
yeah,1850,0,16.5,0.0
yeah,1860,0,16.9,0.0
yeah,1870,2,18.8,0.11
yeah,1880,11,20.1,0.55
yeah,1890,11,20.4,0.54
yeah,1900,13,22.0,0.59
yeah,1910,102,23.1,4.42
yeah,1920,210,25.7,8.17
yeah,1930,5726,27.7,206.71
yeah,1940,5329,27.4,194.49
yeah,1950,8404,28.7,292.82
yeah,1960,9105,29.1,312.89
yeah,1970,15305,28.8,531.42
yeah,1980,17866,29.9,597.53
yeah,1990,19065,33.1,575.98
yeah,2000,22908,34.8,658.28
yeah,2010,25616,35.5,721.58
hey,1820,79,7.0,11.29
hey,1830,270,13.7,19.71
hey,1840,162,15.8,10.25
hey,1850,113,16.5,6.85
hey,1860,128,16.9,7.57
hey,1870,96,18.8,5.11
hey,1880,122,20.1,6.07
hey,1890,110,20.4,5.39
hey,1900,162,22.0,7.36
hey,1910,389,23.1,16.84
hey,1920,418,25.7,16.26
hey,1930,3474,27.7,125.42
hey,1940,2893,27.4,105.58
hey,1950,4603,28.7,160.38
hey,1960,5716,29.1,196.43
hey,1970,8490,28.8,294.79
hey,1980,10954,29.9,366.35
hey,1990,11574,33.1,349.67
hey,2000,12514,34.8,359.6
hey,2010,14149,35.5,398.56
ah,1820,1004,7.0,143.43
ah,1830,1745,13.7,127.37
ah,1840,2245,15.8,142.09
ah,1850,2065,16.5,125.15
ah,1860,2363,16.9,139.82
ah,1870,2743,18.8,145.9
ah,1880,3724,20.1,185.27
ah,1890,2394,20.4,117.35
ah,1900,2689,22.0,122.23
ah,1910,2140,23.1,92.64
ah,1920,2568,25.7,99.92
ah,1930,2668,27.7,96.32
ah,1940,2051,27.4,74.85
ah,1950,2657,28.7,92.58
ah,1960,2820,29.1,96.91
ah,1970,2829,28.8,98.23
ah,1980,3012,29.9,100.74
ah,1990,2545,33.1,76.89
ah,2000,2371,34.8,68.13
ah,2010,2932,35.5,82.59
uh,1820,0,7.0,0.0
uh,1830,0,13.7,0.0
uh,1840,12,15.8,0.76
uh,1850,0,16.5,0.0
uh,1860,1,16.9,0.06
uh,1870,0,18.8,0.0
uh,1880,1,20.1,0.05
uh,1890,4,20.4,0.2
uh,1900,137,22.0,6.23
uh,1910,72,23.1,3.12
uh,1920,52,25.7,2.02
uh,1930,2062,27.7,74.44
uh,1940,1603,27.4,58.5
uh,1950,4843,28.7,168.75
uh,1960,6320,29.1,217.18
uh,1970,6719,28.8,233.3
uh,1980,6370,29.9,213.04
uh,1990,5363,33.1,162.02
uh,2000,6045,34.8,173.71
uh,2010,8330,35.5,234.65
hello,1820,0,7.0,0.0
hello,1830,7,13.7,0.51
hello,1840,66,15.8,4.18
hello,1850,13,16.5,0.79
hello,1860,49,16.9,2.9
hello,1870,91,18.8,4.84
hello,1880,194,20.1,9.65
hello,1890,231,20.4,11.32
hello,1900,444,22.0,20.18
hello,1910,925,23.1,40.04
hello,1920,695,25.7,27.04
hello,1930,5574,27.7,201.23
hello,1940,4080,27.4,148.91
hello,1950,3815,28.7,132.93
hello,1960,3941,29.1,135.43
hello,1970,3642,28.8,126.46
hello,1980,3220,29.9,107.69
hello,1990,3290,33.1,99.4
hello,2000,3424,34.8,98.39
hello,2010,3110,35.5,87.61
huh,1820,0,7.0,0.0
huh,1830,2,13.7,0.15
huh,1840,5,15.8,0.32
huh,1850,2,16.5,0.12
huh,1860,1,16.9,0.06
huh,1870,2,18.8,0.11
huh,1880,15,20.1,0.75
huh,1890,33,20.4,1.62
huh,1900,166,22.0,7.55
huh,1910,278,23.1,12.03
huh,1920,499,25.7,19.42
huh,1930,1831,27.7,66.1
huh,1940,1812,27.4,66.13
huh,1950,2700,28.7,94.08
huh,1960,2979,29.1,102.37
huh,1970,3630,28.8,126.04
huh,1980,4052,29.9,135.52
huh,1990,3610,33.1,109.06
huh,2000,2996,34.8,86.09
huh,2010,2693,35.5,75.86
dear,1820,573,7.0,81.86
dear,1830,518,13.7,37.81
dear,1840,562,15.8,35.57
dear,1850,1042,16.5,63.15
dear,1860,1067,16.9,63.14
dear,1870,1476,18.8,78.51
dear,1880,1573,20.1,78.26
dear,1890,1260,20.4,61.76
dear,1900,1639,22.0,74.5
dear,1910,1570,23.1,67.97
dear,1920,1401,25.7,54.51
dear,1930,2277,27.7,82.2
dear,1940,1809,27.4,66.02
dear,1950,2144,28.7,74.7
dear,1960,2674,29.1,91.89
dear,1970,1123,28.8,38.99
dear,1980,913,29.9,30.54
dear,1990,826,33.1,24.95
dear,2000,819,34.8,23.53
dear,2010,605,35.5,17.04
ha,1820,706,7.0,100.86
ha,1830,2010,13.7,146.72
ha,1840,2469,15.8,156.27
ha,1850,1124,16.5,68.12
ha,1860,1332,16.9,78.82
ha,1870,1239,18.8,65.9
ha,1880,2337,20.1,116.27
ha,1890,787,20.4,38.58
ha,1900,808,22.0,36.73
ha,1910,610,23.1,26.41
ha,1920,768,25.7,29.88
ha,1930,1260,27.7,45.49
ha,1940,1068,27.4,38.98
ha,1950,1017,28.7,35.44
ha,1960,1103,29.1,37.9
ha,1970,1105,28.8,38.37
ha,1980,1760,29.9,58.86
ha,1990,1487,33.1,44.92
ha,2000,1228,34.8,35.29
ha,2010,1275,35.5,35.92
hi,1820,34,7.0,4.86
hi,1830,53,13.7,3.87
hi,1840,62,15.8,3.92
hi,1850,43,16.5,2.61
hi,1860,87,16.9,5.15
hi,1870,95,18.8,5.05
hi,1880,115,20.1,5.72
hi,1890,139,20.4,6.81
hi,1900,209,22.0,9.5
hi,1910,181,23.1,7.84
hi,1920,469,25.7,18.25
hi,1930,613,27.7,22.13
hi,1940,743,27.4,27.12
hi,1950,1883,28.7,65.61
hi,1960,2498,29.1,85.84
hi,1970,3318,28.8,115.21
hi,1980,3728,29.9,124.68
hi,1990,3558,33.1,107.49
hi,2000,3335,34.8,95.83
hi,2010,3574,35.5,100.68
o,1820,1131,7.0,161.57
o,1830,1553,13.7,113.36
o,1840,1356,15.8,85.82
o,1850,2864,16.5,173.58
o,1860,2410,16.9,142.6
o,1870,2297,18.8,122.18
o,1880,2208,20.1,109.85
o,1890,1524,20.4,74.71
o,1900,691,22.0,31.41
o,1910,451,23.1,19.52
o,1920,481,25.7,18.72
o,1930,257,27.7,9.28
o,1940,214,27.4,7.81
o,1950,300,28.7,10.45
o,1960,310,29.1,10.65
o,1970,219,28.8,7.6
o,1980,262,29.9,8.76
o,1990,299,33.1,9.03
o,2000,210,34.8,6.03
o,2010,209,35.5,5.89
eh,1820,19,7.0,2.71
eh,1830,137,13.7,10.0
eh,1840,449,15.8,28.42
eh,1850,278,16.5,16.85
eh,1860,459,16.9,27.16
eh,1870,576,18.8,30.64
eh,1880,636,20.1,31.64
eh,1890,399,20.4,19.56
eh,1900,702,22.0,31.91
eh,1910,1205,23.1,52.16
eh,1920,961,25.7,37.39
eh,1930,1381,27.7,49.86
eh,1940,964,27.4,35.18
eh,1950,1055,28.7,36.76
eh,1960,1051,29.1,36.12
eh,1970,713,28.8,24.76
eh,1980,868,29.9,29.03
eh,1990,560,33.1,16.92
eh,2000,515,34.8,14.8
eh,2010,582,35.5,16.39
um,1820,89,7.0,12.71
um,1830,97,13.7,7.08
um,1840,126,15.8,7.97
um,1850,59,16.5,3.58
um,1860,142,16.9,8.4
um,1870,94,18.8,5.0
um,1880,528,20.1,26.27
um,1890,209,20.4,10.25
um,1900,70,22.0,3.18
um,1910,126,23.1,5.45
um,1920,186,25.7,7.24
um,1930,221,27.7,7.98
um,1940,156,27.4,5.69
um,1950,438,28.7,15.26
um,1960,632,29.1,21.72
um,1970,613,28.8,21.28
um,1980,1065,29.9,35.62
um,1990,1553,33.1,46.92
um,2000,2501,34.8,71.87
um,2010,4003,35.5,112.76
nay,1820,1222,7.0,174.57
nay,1830,1216,13.7,88.76
nay,1840,1493,15.8,94.49
nay,1850,1018,16.5,61.7
nay,1860,679,16.9,40.18
nay,1870,658,18.8,35.0
nay,1880,980,20.1,48.76
nay,1890,606,20.4,29.71
nay,1900,531,22.0,24.14
nay,1910,213,23.1,9.22
nay,1920,252,25.7,9.81
nay,1930,109,27.7,3.94
nay,1940,122,27.4,4.45
nay,1950,143,28.7,4.98
nay,1960,104,29.1,3.57
nay,1970,116,28.8,4.03
nay,1980,141,29.9,4.72
nay,1990,218,33.1,6.59
nay,2000,93,34.8,2.67
nay,2010,78,35.5,2.2
alas,1820,556,7.0,79.43
alas,1830,1032,13.7,75.33
alas,1840,1189,15.8,75.25
alas,1850,981,16.5,59.45
alas,1860,812,16.9,48.05
alas,1870,623,18.8,33.14
alas,1880,658,20.1,32.74
alas,1890,625,20.4,30.64
alas,1900,387,22.0,17.59
alas,1910,378,23.1,16.36
alas,1920,364,25.7,14.16
alas,1930,200,27.7,7.22
alas,1940,223,27.4,8.14
alas,1950,150,28.7,5.23
alas,1960,175,29.1,6.01
alas,1970,215,28.8,7.47
alas,1980,199,29.9,6.66
alas,1990,213,33.1,6.44
alas,2000,227,34.8,6.52
alas,2010,195,35.5,5.49
aye,1820,291,7.0,41.57
aye,1830,320,13.7,23.36
aye,1840,459,15.8,29.05
aye,1850,323,16.5,19.58
aye,1860,347,16.9,20.53
aye,1870,210,18.8,11.17
aye,1880,272,20.1,13.53
aye,1890,231,20.4,11.32
aye,1900,168,22.0,7.64
aye,1910,243,23.1,10.52
aye,1920,349,25.7,13.58
aye,1930,538,27.7,19.42
aye,1940,505,27.4,18.43
aye,1950,686,28.7,23.9
aye,1960,839,29.1,28.83
aye,1970,623,28.8,21.63
aye,1980,624,29.9,20.87
aye,1990,566,33.1,17.1
aye,2000,353,34.8,10.14
aye,2010,295,35.5,8.31
ho,1820,89,7.0,12.71
ho,1830,378,13.7,27.59
ho,1840,448,15.8,28.35
ho,1850,315,16.5,19.09
ho,1860,365,16.9,21.6
ho,1870,718,18.8,38.19
ho,1880,566,20.1,28.16
ho,1890,431,20.4,21.13
ho,1900,265,22.0,12.05
ho,1910,378,23.1,16.36
ho,1920,550,25.7,21.4
ho,1930,479,27.7,17.29
ho,1940,391,27.4,14.27
ho,1950,333,28.7,11.6
ho,1960,408,29.1,14.02
ho,1970,354,28.8,12.29
ho,1980,494,29.9,16.52
ho,1990,319,33.1,9.64
ho,2000,385,34.8,11.06
ho,2010,356,35.5,10.03
