"spec","rep","elpd_diff","se_diff","sd_med","sd_lo","sd_hi"
"uncorrected",1,28.8064466282344,7.57112067600499,0.421863232235798,0.291704068539074,0.656064228579515
"uncorrected",2,28.8064466282344,7.57112067600499,0.421863232235798,0.291704068539074,0.656064228579515
"uncorrected",3,28.8064466282344,7.57112067600499,0.421863232235798,0.291704068539074,0.656064228579515
"laughter_in",1,27.5837023525051,7.03754068024581,0.433720561049556,0.292162498019682,0.667405553020815
"laughter_in",2,27.4306914723256,6.7920846804368,0.438481375782429,0.295274860191531,0.688342685538192
"laughter_in",3,25.7714021609338,7.45133180386144,0.437612243344524,0.294109081115002,0.658045370994436
"laughter_out",1,26.4677879708161,8.06851228660357,0.451566687195811,0.303732979162618,0.679211249517453
"laughter_out",2,26.3647068724996,8.36522483232254,0.450081162388373,0.305820857238177,0.702686793513194
"laughter_out",3,32.5787046525683,6.71978040107324,0.459618748533078,0.306136841677229,0.701545239279751
